Nr,Vraag NL,Zoekterm,Commons-bestandspagina,Afbeelding,Licentie,Maker,Alternatieven
1,Hoeveel chromosomen heeft een gewone ui Allium cepa in een lichaamscel?,Allium,https://commons.wikimedia.org/wiki/File%3AAllium_schoenoprasum_%28Bieslook%29._actm.jpg,https://thumb.wikimedia.org/wikipedia/commons/thumb/5/53/Allium_schoenoprasum_%28Bieslook%29._actm.jpg/1280px-Allium_schoenoprasum_%28Bieslook%29._actm.jpg?utm_source=commons.wikimedia.org&utm_campaign=imageinfo&utm_content=thumbnail,CC BY-SA 4.0,Agnes Monkelbaan,8
3,Hoeveel miljard neuronen (zenuwcellen) bevat het menselijk brein naar schatting?,contain human brain,https://commons.wikimedia.org/wiki/File%3AHuman_brain_lateral_view_description_2.JPG,https://upload.wikimedia.org/wikipedia/commons/6/68/Human_brain_lateral_view_description_2.JPG?utm_source=commons.wikimedia.org&utm_campaign=imageinfo&utm_content=thumbnail_unscaled,CC BY 2.5,"John A Beal, PhD 

Dep't. of Cellular Biology &amp; Anatomy, Louisiana State University Health Sciences Center Shrevepor",8
4,In welk jaar werd het eerste succesvolle vaccin ontwikkeld?,successful vaccine developed,https://commons.wikimedia.org/wiki/File%3ASmallpox_vaccine.jpg,https://thumb.wikimedia.org/wikipedia/commons/thumb/9/95/Smallpox_vaccine.jpg/1280px-Smallpox_vaccine.jpg?utm_source=commons.wikimedia.org&utm_campaign=imageinfo&utm_content=thumbnail,Public domain,"Photo Credit: James Gathany
Content Providers(s): CDC",8
5,Hoeveel hoofdstukken bevat The Hobbit?,The Hobbit,https://commons.wikimedia.org/wiki/File%3AThe_Hobbit_-_title_page_of_first_American_print.jpg,https://upload.wikimedia.org/wikipedia/commons/e/e7/The_Hobbit_-_title_page_of_first_American_print.jpg?utm_source=commons.wikimedia.org&utm_campaign=imageinfo&utm_content=thumbnail_unscaled,Public domain,Strebe at English Wikipedia,8
6,Hoeveel dagen telt een schrikkeljaar?,days leap,https://commons.wikimedia.org/wiki/File%3AThe_Leap%2C_Hardly_Olympic_standard_these_days%5E%5E%5E_-_geograph.org.uk_-_181045.jpg,https://upload.wikimedia.org/wikipedia/commons/6/69/The_Leap%2C_Hardly_Olympic_standard_these_days%5E%5E%5E_-_geograph.org.uk_-_181045.jpg?utm_source=commons.wikimedia.org&utm_campaign=imageinfo&utm_content=thumbnail_unscaled,CC BY-SA 2.0,Des Colhoun,8
7,Hoeveel kilo weegt een koningspinguin?,king penguin weigh,https://commons.wikimedia.org/wiki/File%3AKing_Penguin._Calgary_Zoo._%2820488786982%29.jpg,https://thumb.wikimedia.org/wikipedia/commons/thumb/e/ee/King_Penguin._Calgary_Zoo._%2820488786982%29.jpg/1280px-King_Penguin._Calgary_Zoo._%2820488786982%29.jpg?utm_source=commons.wikimedia.org&utm_campaign=imageinfo&utm_content=thumbnail,CC0,"Bernard Spragg. NZ from Christchurch, New Zealand",4
8,Hoeveel kilogram weegt de tong van een blauwe vinvis ongeveer?,whale's tongue weigh,https://commons.wikimedia.org/wiki/File%3AArchiteuthis_dux_-_Smithsonain_Museum.JPG,https://thumb.wikimedia.org/wikipedia/commons/thumb/6/65/Architeuthis_dux_-_Smithsonain_Museum.JPG/1280px-Architeuthis_dux_-_Smithsonain_Museum.JPG?utm_source=commons.wikimedia.org&utm_campaign=imageinfo&utm_content=thumbnail,CC BY-SA 2.0,Tim Evanson,6
9,Hoeveel kilometer per uur zwemt een dolfijn op zijn snelst?,hour dolphin swim,https://commons.wikimedia.org/wiki/File%3ADolphin_making_a_big_splash._%2812026544604%29.jpg,https://thumb.wikimedia.org/wikipedia/commons/thumb/a/af/Dolphin_making_a_big_splash._%2812026544604%29.jpg/1280px-Dolphin_making_a_big_splash._%2812026544604%29.jpg?utm_source=commons.wikimedia.org&utm_campaign=imageinfo&utm_content=thumbnail,CC0,"Bernard Spragg. NZ from Christchurch, New Zealand",8
11,Hoeveel gram eiwit bevat een Amerikaanse McDonald’s Big Mac?,American McDonald... Big,https://commons.wikimedia.org/wiki/File%3ABig_America_McDonalds_Israel.jpg,https://upload.wikimedia.org/wikipedia/commons/8/86/Big_America_McDonalds_Israel.jpg?utm_source=commons.wikimedia.org&utm_campaign=imageinfo&utm_content=thumbnail_unscaled,CC BY-SA 4.0,McDonalds Israel,8
12,Hoeveel gram suiker zit er in een blikje Coca-Cola van 330 ml?,Coca-Cola,https://commons.wikimedia.org/wiki/File%3ACoca-cola_50cl_can_-_Italia.jpg,https://thumb.wikimedia.org/wikipedia/commons/thumb/2/2f/Coca-cola_50cl_can_-_Italia.jpg/1280px-Coca-cola_50cl_can_-_Italia.jpg?utm_source=commons.wikimedia.org&utm_campaign=imageinfo&utm_content=thumbnail,CC BY-SA 3.0,M0tty,8
13,Hoeveel kilocalorieën bevat een Amerikaanse McDonald’s Big Mac?,American McDonald's Big,https://commons.wikimedia.org/wiki/File%3ABig_America_McDonalds_Israel.jpg,https://upload.wikimedia.org/wikipedia/commons/8/86/Big_America_McDonalds_Israel.jpg?utm_source=commons.wikimedia.org&utm_campaign=imageinfo&utm_content=thumbnail_unscaled,CC BY-SA 4.0,McDonalds Israel,8
14,Hoeveel afleveringen telt de iconische serie Fawlty Towers?,Fawlty Towers,https://commons.wikimedia.org/wiki/File%3ANewport_not_Fawlty_Towers_-_geograph.org.uk_-_883212.jpg,https://upload.wikimedia.org/wikipedia/commons/1/12/Newport_not_Fawlty_Towers_-_geograph.org.uk_-_883212.jpg?utm_source=commons.wikimedia.org&utm_campaign=imageinfo&utm_content=thumbnail_unscaled,CC BY-SA 2.0,Steve  F,8
15,Hoeveel afleveringen telt de serie Breaking Bad?,Breaking Bad,https://commons.wikimedia.org/wiki/File%3ABreaking_bad_merchandise.jpg,https://thumb.wikimedia.org/wikipedia/commons/thumb/a/af/Breaking_bad_merchandise.jpg/1280px-Breaking_bad_merchandise.jpg?utm_source=commons.wikimedia.org&utm_campaign=imageinfo&utm_content=thumbnail,CC BY 2.0,Thomson20192,8
16,Hoeveel Muzen (dochters van Zeus) telt de Griekse mythologie?,count Greek mythology,https://commons.wikimedia.org/wiki/File%3AMuse_-_Cleveland_Museum_of_Art_%2827848253323%29.jpg,https://thumb.wikimedia.org/wikipedia/commons/thumb/e/ea/Muse_-_Cleveland_Museum_of_Art_%2827848253323%29.jpg/1280px-Muse_-_Cleveland_Museum_of_Art_%2827848253323%29.jpg?utm_source=commons.wikimedia.org&utm_campaign=imageinfo&utm_content=thumbnail,CC BY-SA 2.0,"Tim Evanson from Cleveland Heights, Ohio, USA",7
17,Hoeveel hoofdgoden telt de Griekse mythologie op de berg Olympus (de Twaalf Olympiërs)?,Greek Mount Olympus,https://commons.wikimedia.org/wiki/File%3ARefuge_Giosos_Apostolidis_Olympus_National_Park_Greece.jpg,https://thumb.wikimedia.org/wikipedia/commons/thumb/6/6b/Refuge_Giosos_Apostolidis_Olympus_National_Park_Greece.jpg/1280px-Refuge_Giosos_Apostolidis_Olympus_National_Park_Greece.jpg?utm_source=commons.wikimedia.org&utm_campaign=imageinfo&utm_content=thumbnail,CC BY-SA 4.0,kallerna,8
18,Hoeveel kamers heeft Buckingham Palace?,Buckingham Palace,https://commons.wikimedia.org/wiki/File%3ABuckingham_Palace%2C_London_-_April_2009.jpg,https://thumb.wikimedia.org/wikipedia/commons/thumb/b/b4/Buckingham_Palace%2C_London_-_April_2009.jpg/1280px-Buckingham_Palace%2C_London_-_April_2009.jpg?utm_source=commons.wikimedia.org&utm_campaign=imageinfo&utm_content=thumbnail,CC BY-SA 3.0,Diliff,8
19,Hoeveel liften heeft de Burj Khalifa?,Burj Khalifa,https://commons.wikimedia.org/wiki/File%3ABurj_Khalifa_from_a_ferry%2C_Dubai.jpg,https://thumb.wikimedia.org/wikipedia/commons/thumb/3/30/Burj_Khalifa_from_a_ferry%2C_Dubai.jpg/1280px-Burj_Khalifa_from_a_ferry%2C_Dubai.jpg?utm_source=commons.wikimedia.org&utm_campaign=imageinfo&utm_content=thumbnail,CC BY-SA 4.0,Jpbowen,8
20,Hoeveel meter hoog is de CN Tower?,CN Tower,https://commons.wikimedia.org/wiki/File%3AToronto_-_ON_-_CN_Tower_Turmkorb.jpg,https://thumb.wikimedia.org/wikipedia/commons/thumb/9/9c/Toronto_-_ON_-_CN_Tower_Turmkorb.jpg/1280px-Toronto_-_ON_-_CN_Tower_Turmkorb.jpg?utm_source=commons.wikimedia.org&utm_campaign=imageinfo&utm_content=thumbnail,CC BY 3.0,Wladyslaw,8
22,Hoeveel treden heeft de Burj Khalifa in Dubai?,Burj Khalifa Dubai,https://commons.wikimedia.org/wiki/File%3ABurj_dubai_3.11.08.jpg,https://upload.wikimedia.org/wikipedia/commons/e/e0/Burj_dubai_3.11.08.jpg?utm_source=commons.wikimedia.org&utm_campaign=imageinfo&utm_content=thumbnail_unscaled,CC BY-SA 3.0,Aheilner,8
23,Hoeveel treden heeft de trap van de CN Tower ongeveer?,CN Tower,https://commons.wikimedia.org/wiki/File%3AToronto_-_ON_-_CN_Tower_Turmkorb.jpg,https://thumb.wikimedia.org/wikipedia/commons/thumb/9/9c/Toronto_-_ON_-_CN_Tower_Turmkorb.jpg/1280px-Toronto_-_ON_-_CN_Tower_Turmkorb.jpg?utm_source=commons.wikimedia.org&utm_campaign=imageinfo&utm_content=thumbnail,CC BY 3.0,Wladyslaw,8
24,Hoeveel treden heeft het Empire State Building van straatniveau tot het observatiedek?,Empire State Building,https://commons.wikimedia.org/wiki/File%3AEmpire_State_Building_pano.jpg,https://thumb.wikimedia.org/wikipedia/commons/thumb/4/45/Empire_State_Building_pano.jpg/1280px-Empire_State_Building_pano.jpg?utm_source=commons.wikimedia.org&utm_campaign=imageinfo&utm_content=thumbnail,CC BY-SA 4.0,Daniel Schwen,8
25,Hoeveel verdiepingen hebben de Petronas Twin Towers?,Petronas Twin Towers,https://commons.wikimedia.org/wiki/File%3APetronas_Panorama_II.jpg,https://upload.wikimedia.org/wikipedia/commons/8/85/Petronas_Panorama_II.jpg?utm_source=commons.wikimedia.org&utm_campaign=imageinfo&utm_content=thumbnail_unscaled,CC BY-SA 4.0,Someformofhuman,8
26,Hoeveel verdiepingen heeft Taipei 101?,Taipei,https://commons.wikimedia.org/wiki/File%3ATaipei_101_2009_amk.jpg,https://thumb.wikimedia.org/wikipedia/commons/thumb/5/53/Taipei_101_2009_amk.jpg/1280px-Taipei_101_2009_amk.jpg?utm_source=commons.wikimedia.org&utm_campaign=imageinfo&utm_content=thumbnail,CC BY-SA 3.0,AngMoKio,8
27,Hoeveel verdiepingen heeft de Burj Khalifa?,Burj Khalifa,https://commons.wikimedia.org/wiki/File%3ABurj_Khalifa_from_a_ferry%2C_Dubai.jpg,https://thumb.wikimedia.org/wikipedia/commons/thumb/3/30/Burj_Khalifa_from_a_ferry%2C_Dubai.jpg/1280px-Burj_Khalifa_from_a_ferry%2C_Dubai.jpg?utm_source=commons.wikimedia.org&utm_campaign=imageinfo&utm_content=thumbnail,CC BY-SA 4.0,Jpbowen,8
28,Hoeveel zuilen heeft de Grote Zuilenzaal van de Tempel van Karnak ongeveer?,Great Pillar Hall,https://commons.wikimedia.org/wiki/File%3AThe_Great_Hall_at_Karnak_%281905%29_-_TIMEA.jpg,https://upload.wikimedia.org/wikipedia/commons/a/a6/The_Great_Hall_at_Karnak_%281905%29_-_TIMEA.jpg?utm_source=commons.wikimedia.org&utm_campaign=imageinfo&utm_content=thumbnail_unscaled,CC BY-SA 2.5,"Dunning, H.W. (Photographer)",8
29,Wat is de lengte van het Panamakanaal van de Atlantische naar de Stille Oceaan in km?,Panama Canal Atlantic,https://commons.wikimedia.org/wiki/File%3AAtlantic_Bridge_at_Panama_Canal.jpg,https://upload.wikimedia.org/wikipedia/commons/b/b1/Atlantic_Bridge_at_Panama_Canal.jpg?utm_source=commons.wikimedia.org&utm_campaign=imageinfo&utm_content=thumbnail_unscaled,CC BY-SA 4.0,Portzer,8
30,Hoeveel afzonderlijke riffen omvat het Great Barrier Reef ongeveer?,Great Barrier Reef,https://commons.wikimedia.org/wiki/File%3AGreatBarrierReef-EO.JPG,https://upload.wikimedia.org/wikipedia/commons/1/1b/GreatBarrierReef-EO.JPG?utm_source=commons.wikimedia.org&utm_campaign=imageinfo&utm_content=thumbnail_unscaled,Public domain,"NASA, by MISR",8
31,Hoeveel kilometer lang is het Baikalmeer ongeveer?,Lake Baikal,https://commons.wikimedia.org/wiki/File%3APanorama_of_lake_Baikal.jpg,https://thumb.wikimedia.org/wikipedia/commons/thumb/3/35/Panorama_of_lake_Baikal.jpg/1280px-Panorama_of_lake_Baikal.jpg?utm_source=commons.wikimedia.org&utm_campaign=imageinfo&utm_content=thumbnail,CC BY-SA 4.0,Sergey Pesterev,8
33,Hoeveel meter diep is het Tanganyikameer op het diepste punt ongeveer?,Lake Tanganyika,https://commons.wikimedia.org/wiki/File%3AFisherman_on_Lake_Tanganyika.jpg,https://upload.wikimedia.org/wikipedia/commons/8/81/Fisherman_on_Lake_Tanganyika.jpg?utm_source=commons.wikimedia.org&utm_campaign=imageinfo&utm_content=thumbnail_unscaled,CC BY-SA 3.0,Worldtraveller,8
34,Hoeveel meter hoog is Angel Falls ongeveer?,Angel Falls,https://commons.wikimedia.org/wiki/File%3ASalto_Angel_Dry_Season.jpg,https://thumb.wikimedia.org/wikipedia/commons/thumb/1/19/Salto_Angel_Dry_Season.jpg/1280px-Salto_Angel_Dry_Season.jpg?utm_source=commons.wikimedia.org&utm_campaign=imageinfo&utm_content=thumbnail,CC BY-SA 4.0,Berrucomons,8
35,Hoeveel procent van Antarctica is met ijs bedekt?,Antarctica,https://commons.wikimedia.org/wiki/File%3AAntarctica_satellite_globe.jpg,https://upload.wikimedia.org/wikipedia/commons/4/4b/Antarctica_satellite_globe.jpg?utm_source=commons.wikimedia.org&utm_campaign=imageinfo&utm_content=thumbnail_unscaled,Public domain,NASA,8
36,In welk jaar werd Antarctica voor het eerst waargenomen door een expeditie?,Antarctica,https://commons.wikimedia.org/wiki/File%3AAntarctica_satellite_globe.jpg,https://upload.wikimedia.org/wikipedia/commons/4/4b/Antarctica_satellite_globe.jpg?utm_source=commons.wikimedia.org&utm_campaign=imageinfo&utm_content=thumbnail_unscaled,Public domain,NASA,8
37,Wat is de diepte van het diepste zoetwatermeer ter wereld (Baikalmeer in Rusland) in meters?,Baikal Lake Russia,https://commons.wikimedia.org/wiki/File%3APanorama_of_lake_Baikal.jpg,https://thumb.wikimedia.org/wikipedia/commons/thumb/3/35/Panorama_of_lake_Baikal.jpg/1280px-Panorama_of_lake_Baikal.jpg?utm_source=commons.wikimedia.org&utm_campaign=imageinfo&utm_content=thumbnail,CC BY-SA 4.0,Sergey Pesterev,8
38,Hoeveel dagen duurde de reis van de Mayflower naar Noord-Amerika?,Mayflower North America,https://commons.wikimedia.org/wiki/File%3AMayflower_in_Plymouth_Harbor%2C_by_William_Halsall.jpg,https://thumb.wikimedia.org/wikipedia/commons/thumb/7/7a/Mayflower_in_Plymouth_Harbor%2C_by_William_Halsall.jpg/1280px-Mayflower_in_Plymouth_Harbor%2C_by_William_Halsall.jpg?utm_source=commons.wikimedia.org&utm_campaign=imageinfo&utm_content=thumbnail,Public domain,William Halsall,8
39,Hoeveel mannen ondertekenden de Amerikaanse Onafhankelijkheidsverklaring?,American Declaration Independence,https://commons.wikimedia.org/wiki/File%3ADeclaration_of_Independence_%281819%29%2C_by_John_Trumbull.jpg,https://thumb.wikimedia.org/wikipedia/commons/thumb/f/f9/Declaration_of_Independence_%281819%29%2C_by_John_Trumbull.jpg/1280px-Declaration_of_Independence_%281819%29%2C_by_John_Trumbull.jpg?utm_source=commons.wikimedia.org&utm_campaign=imageinfo&utm_content=thumbnail,Public domain,John Trumbull,8
40,In welk jaar vond de Slag bij Waterloo plaats?,Battle Waterloo,https://commons.wikimedia.org/wiki/File%3ABattle_of_Waterloo_-_Robinson.jpg,https://upload.wikimedia.org/wikipedia/commons/8/82/Battle_of_Waterloo_-_Robinson.jpg?utm_source=commons.wikimedia.org&utm_campaign=imageinfo&utm_content=thumbnail_unscaled,Public domain,,8
41,In welk jaar werd de Magna Carta bezegeld?,Magna Carta,https://commons.wikimedia.org/wiki/File%3AMagna_Carta_%28British_Library_Cotton_MS_Augustus_II.106%29.jpg,https://thumb.wikimedia.org/wikipedia/commons/thumb/e/ee/Magna_Carta_%28British_Library_Cotton_MS_Augustus_II.106%29.jpg/1280px-Magna_Carta_%28British_Library_Cotton_MS_Augustus_II.106%29.jpg?utm_source=commons.wikimedia.org&utm_campaign=imageinfo&utm_content=thumbnail,Public domain,Original authors were the barons and King John of England. Uploaded by Earthsound.,8
42,In welk jaar werd de eerste moderne volkstelling gehouden?,modern census held,https://commons.wikimedia.org/wiki/File%3ABalkans_Animation_1800-2008.gif,https://upload.wikimedia.org/wikipedia/commons/7/74/Balkans_Animation_1800-2008.gif?utm_source=commons.wikimedia.org&utm_campaign=imageinfo&utm_content=thumbnail_unscaled,Public domain,Esemono,8
43,Wat is de hoogte van de Burj Khalifa in Dubai in meters?,Burj Khalifa Dubai,https://commons.wikimedia.org/wiki/File%3ABurj_dubai_3.11.08.jpg,https://upload.wikimedia.org/wikipedia/commons/e/e0/Burj_dubai_3.11.08.jpg?utm_source=commons.wikimedia.org&utm_campaign=imageinfo&utm_content=thumbnail_unscaled,CC BY-SA 3.0,Aheilner,8
44,Hoeveel centimeter breed is de Mona Lisa?,Mona Lisa,https://commons.wikimedia.org/wiki/File%3AMona_Lisa.jpg,https://thumb.wikimedia.org/wikipedia/commons/thumb/6/6a/Mona_Lisa.jpg/1280px-Mona_Lisa.jpg?utm_source=commons.wikimedia.org&utm_campaign=imageinfo&utm_content=thumbnail,Public domain,Leonardo da Vinci,8
45,Hoeveel ton goud wordt wereldwijd jaarlijks gewonnen?,gold won worldwide,https://commons.wikimedia.org/wiki/File%3AElizabeth_Visio_won_a_gold_medal_in_Varna_Bulgaria.jpg,https://thumb.wikimedia.org/wikipedia/commons/thumb/4/48/Elizabeth_Visio_won_a_gold_medal_in_Varna_Bulgaria.jpg/1280px-Elizabeth_Visio_won_a_gold_medal_in_Varna_Bulgaria.jpg?utm_source=commons.wikimedia.org&utm_campaign=imageinfo&utm_content=thumbnail,CC0,George Visio,1
46,Welk percentage van het wereldwijde cement wordt geproduceerd in China?,China,https://commons.wikimedia.org/wiki/File%3A1_zhangjiajie_huangshizhai_wulingyuan_panorama_2012.jpg,https://thumb.wikimedia.org/wikipedia/commons/thumb/6/62/1_zhangjiajie_huangshizhai_wulingyuan_panorama_2012.jpg/1280px-1_zhangjiajie_huangshizhai_wulingyuan_panorama_2012.jpg?utm_source=commons.wikimedia.org&utm_campaign=imageinfo&utm_content=thumbnail,CC BY-SA 4.0,chensiyuan,8
47,Hoeveel filialen heeft Decathlon wereldwijd ongeveer?,Decathlon,https://commons.wikimedia.org/wiki/File%3A2022-05-22_Decathlon_supermarket_in_Sydney%2C_Australia.jpg,https://thumb.wikimedia.org/wikipedia/commons/thumb/1/1a/2022-05-22_Decathlon_supermarket_in_Sydney%2C_Australia.jpg/1280px-2022-05-22_Decathlon_supermarket_in_Sydney%2C_Australia.jpg?utm_source=commons.wikimedia.org&utm_campaign=imageinfo&utm_content=thumbnail,CC BY-SA 4.0,Maksym Kozlenko,8
48,Hoeveel landen heeft Coca-Cola als afzetmarkt ongeveer?,Coca-Cola,https://commons.wikimedia.org/wiki/File%3ACoca-cola_50cl_can_-_Italia.jpg,https://thumb.wikimedia.org/wikipedia/commons/thumb/2/2f/Coca-cola_50cl_can_-_Italia.jpg/1280px-Coca-cola_50cl_can_-_Italia.jpg?utm_source=commons.wikimedia.org&utm_campaign=imageinfo&utm_content=thumbnail,CC BY-SA 3.0,M0tty,8
49,Hoeveel procent van de bekende plant- en diersoorten leeft in tropische regenwouden?,live tropical rainforests,https://commons.wikimedia.org/wiki/File%3ATropical_rainforest_reflected_in_a_pond_in_Liberia_%28478896627%29.jpg,https://thumb.wikimedia.org/wikipedia/commons/thumb/4/4f/Tropical_rainforest_reflected_in_a_pond_in_Liberia_%28478896627%29.jpg/1280px-Tropical_rainforest_reflected_in_a_pond_in_Liberia_%28478896627%29.jpg?utm_source=commons.wikimedia.org&utm_campaign=imageinfo&utm_content=thumbnail,CC BY-SA 2.0,John Atherton,7
50,Hoeveel procent van het Great Barrier Reef bestaat uit koraalriffen?,Great Barrier Reef,https://commons.wikimedia.org/wiki/File%3AGreatBarrierReef-EO.JPG,https://upload.wikimedia.org/wikipedia/commons/1/1b/GreatBarrierReef-EO.JPG?utm_source=commons.wikimedia.org&utm_campaign=imageinfo&utm_content=thumbnail_unscaled,Public domain,"NASA, by MISR",8
51,Welk percentage van het aardoppervlak bestaat uit land?,earth's surface land,https://commons.wikimedia.org/wiki/File%3AVista_de_Garachico%2C_Tenerife%2C_Espa%C3%B1a%2C_2012-12-13%2C_DD_05.jpg,https://thumb.wikimedia.org/wikipedia/commons/thumb/7/79/Vista_de_Garachico%2C_Tenerife%2C_Espa%C3%B1a%2C_2012-12-13%2C_DD_05.jpg/1280px-Vista_de_Garachico%2C_Tenerife%2C_Espa%C3%B1a%2C_2012-12-13%2C_DD_05.jpg?utm_source=commons.wikimedia.org&utm_campaign=imageinfo&utm_content=thumbnail,CC BY-SA 3.0,Diego Delso,6
52,Welk percentage van het aardoppervlak bestaat uit oceanen en zeeën?,Earth's,https://commons.wikimedia.org/wiki/File%3AEarth%27s_City_Lights_by_DMSP%2C_1994-1995_%28large%29.jpg,https://thumb.wikimedia.org/wikipedia/commons/thumb/e/e1/Earth%27s_City_Lights_by_DMSP%2C_1994-1995_%28large%29.jpg/1280px-Earth%27s_City_Lights_by_DMSP%2C_1994-1995_%28large%29.jpg?utm_source=commons.wikimedia.org&utm_campaign=imageinfo&utm_content=thumbnail,Public domain,"Data: Marc Imhoff/NASA GSFC, Christopher Elvidge/NOAA NGDC; Image: Craig Mayhew and Robert Simmon/NASA GSFC",8
53,Welk percentage van het zoete water zit vast in ijs en gletsjers?,stuck ice glaciers,https://commons.wikimedia.org/wiki/File%3ASea_Ice_and_Icebergs_off_East_Antarctica.jpg,https://thumb.wikimedia.org/wikipedia/commons/thumb/d/d5/Sea_Ice_and_Icebergs_off_East_Antarctica.jpg/1280px-Sea_Ice_and_Icebergs_off_East_Antarctica.jpg?utm_source=commons.wikimedia.org&utm_campaign=imageinfo&utm_content=thumbnail,Public domain,Jesse Allen and Robert Simmon,7
54,Hoeveel graden heeft een gestrekte hoek?,degrees stretched angle,https://commons.wikimedia.org/wiki/File%3A360-degree_Panorama_of_the_Southern_Sky.jpg,https://thumb.wikimedia.org/wikipedia/commons/thumb/f/f4/360-degree_Panorama_of_the_Southern_Sky.jpg/1280px-360-degree_Panorama_of_the_Southern_Sky.jpg?utm_source=commons.wikimedia.org&utm_campaign=imageinfo&utm_content=thumbnail,CC BY 4.0,ESO/H.H. Heyer,8
55,Hoeveel Grammy’s heeft Beyoncé volgens de stand na de Grammy Awards van 2025 gewonnen?,Grammys Beyoncé Grammy,https://commons.wikimedia.org/wiki/File%3AGrammy_Museum_-_Mississippi_in_Cleveland%2C_Mississippi_display1.jpg,https://thumb.wikimedia.org/wikipedia/commons/thumb/7/7b/Grammy_Museum_-_Mississippi_in_Cleveland%2C_Mississippi_display1.jpg/1280px-Grammy_Museum_-_Mississippi_in_Cleveland%2C_Mississippi_display1.jpg?utm_source=commons.wikimedia.org&utm_campaign=imageinfo&utm_content=thumbnail,CC BY-SA 4.0,Seanljohn,8
56,Hoeveel halve tonen bevat een octaaf?,tones octave contain,https://commons.wikimedia.org/wiki/File%3ADiminished_fifth_on_C.png,https://upload.wikimedia.org/wikipedia/commons/6/63/Diminished_fifth_on_C.png?utm_source=commons.wikimedia.org&utm_campaign=imageinfo&utm_content=thumbnail_unscaled,Public domain,Hyacinth at English Wikipedia,8
57,Hoeveel toetsen heeft een standaard MIDI-pianotoetsenbord met vijf octaven?,MIDI,https://commons.wikimedia.org/wiki/File%3AMidi_ports_and_cable.jpg,https://upload.wikimedia.org/wikipedia/commons/0/02/Midi_ports_and_cable.jpg?utm_source=commons.wikimedia.org&utm_campaign=imageinfo&utm_content=thumbnail_unscaled,CC BY-SA 3.0,:en:Pretzelpaws  with a Canon EOS-10D camera. Cropped 2/9/05 using the GIMP.,8
58,Hoeveel witte toetsen heeft een concertpiano?,keys concert piano,https://commons.wikimedia.org/wiki/File%3AA_new_grand_concerto_with_accompaniments_-_as_performed_at_the_opera_concert_%28W_Ia_-_8%29_-_composed_by_Mr_Viotti_%3B_and_adapted_for_the_piano-forte_with_or_without_the_additional_keys_by_Mr_Hullmandel_-_btv1b90103775_%2810_of_53%29.jpg,https://thumb.wikimedia.org/wikipedia/commons/thumb/0/0a/A_new_grand_concerto_with_accompaniments_-_as_performed_at_the_opera_concert_%28W_Ia_-_8%29_-_composed_by_Mr_Viotti_%3B_and_adapted_for_the_piano-forte_with_or_without_the_additional_keys_by_Mr_Hullmandel_-_btv1b90103775_%2810_of_53%29.jpg/1280px-thumbnail.jpg?utm_source=commons.wikimedia.org&utm_campaign=imageinfo&utm_content=thumbnail,Public domain,"Viotti, Giovanni Battista (1755-1824). Compositeur",8
59,Hoeveel kilometer per uur is de geluidssnelheid op zeeniveau afgerond?,sea level rounded,https://commons.wikimedia.org/wiki/File%3AThe_White_Nothe_headland_at_sea_level_-_geograph.org.uk_-_1005315.jpg,https://upload.wikimedia.org/wikipedia/commons/1/1e/The_White_Nothe_headland_at_sea_level_-_geograph.org.uk_-_1005315.jpg?utm_source=commons.wikimedia.org&utm_campaign=imageinfo&utm_content=thumbnail_unscaled,CC BY-SA 2.0,Jim Champion,7
60,Hoeveel millimeter per jaar verschuiven de aardplaten gemiddeld?,shift,https://commons.wikimedia.org/wiki/File%3ARichard_Serra%27s_%22Shift%22_%281970%29_%2815889992437%29.jpg,https://thumb.wikimedia.org/wikipedia/commons/thumb/6/66/Richard_Serra%27s_%22Shift%22_%281970%29_%2815889992437%29.jpg/1280px-Richard_Serra%27s_%22Shift%22_%281970%29_%2815889992437%29.jpg?utm_source=commons.wikimedia.org&utm_campaign=imageinfo&utm_content=thumbnail,CC BY 2.0,"JasonParis from Toronto, Canada",8
61,Hoe hoog is de Euromast in Rotterdam?,Euromast Rotterdam,https://commons.wikimedia.org/wiki/File%3A.00_2435_Euromast_-_Rotterdam.jpg,https://thumb.wikimedia.org/wikipedia/commons/thumb/6/69/.00_2435_Euromast_-_Rotterdam.jpg/1280px-.00_2435_Euromast_-_Rotterdam.jpg?utm_source=commons.wikimedia.org&utm_campaign=imageinfo&utm_content=thumbnail,CC BY-SA 4.0,W. Bulach,8
62,Hoeveel kilometer fietst een Nederlander gemiddeld per jaar?,Dutchman,https://commons.wikimedia.org/wiki/File%3AFlying_Dutchman%2C_the.jpg,https://upload.wikimedia.org/wikipedia/commons/1/18/Flying_Dutchman%2C_the.jpg?utm_source=commons.wikimedia.org&utm_campaign=imageinfo&utm_content=thumbnail_unscaled,Public domain,Albert Pinkham Ryder,8
63,Hoeveel tramlijnen heeft Amsterdam?,Amsterdam,https://commons.wikimedia.org/wiki/File%3AAmsterdam_%28NL%29%2C_Begijnhof_--_2015_--_7215-8.jpg,https://thumb.wikimedia.org/wikipedia/commons/thumb/a/a7/Amsterdam_%28NL%29%2C_Begijnhof_--_2015_--_7215-8.jpg/1280px-Amsterdam_%28NL%29%2C_Begijnhof_--_2015_--_7215-8.jpg?utm_source=commons.wikimedia.org&utm_campaign=imageinfo&utm_content=thumbnail,CC BY-SA 4.0,Dietmar Rabich,7
64,Hoeveel kiesmannen telt het Amerikaanse Electoral College?,U.S.,https://commons.wikimedia.org/wiki/File%3ANational_Park_Service_9-11_Statue_of_Liberty_and_WTC_fire.jpg,https://upload.wikimedia.org/wikipedia/commons/f/fd/National_Park_Service_9-11_Statue_of_Liberty_and_WTC_fire.jpg?utm_source=commons.wikimedia.org&utm_campaign=imageinfo&utm_content=thumbnail_unscaled,Public domain,National Park Service,8
65,Hoeveel rechters telt het Internationaal Gerechtshof?,International Court Justice,https://commons.wikimedia.org/wiki/File%3AInternational_Court_of_Justice_HQ_2006.jpg,https://thumb.wikimedia.org/wikipedia/commons/thumb/a/a0/International_Court_of_Justice_HQ_2006.jpg/1280px-International_Court_of_Justice_HQ_2006.jpg?utm_source=commons.wikimedia.org&utm_campaign=imageinfo&utm_content=thumbnail,Public domain,International Court of Justice; originally uploaded by Yeu Ninje at en.wikipedia.,8
66,Hoe groot was het grootste permanente IMAX-scherm in vierkante meter?,IMAX,https://commons.wikimedia.org/wiki/File%3AInterior_of_IMAX_cinema_in_Lahore_2.jpg,https://thumb.wikimedia.org/wikipedia/commons/thumb/f/fa/Interior_of_IMAX_cinema_in_Lahore_2.jpg/1280px-Interior_of_IMAX_cinema_in_Lahore_2.jpg?utm_source=commons.wikimedia.org&utm_campaign=imageinfo&utm_content=thumbnail,CC BY-SA 4.0,Shahzaib Damn Cruze,8
67,Hoe lang duurde de langste voetbalwedstrijd ooit in minuten?,ever last minutes,https://commons.wikimedia.org/wiki/File%3ASTS_135_Crosses_Terminator_for_Last_Time.jpg,https://thumb.wikimedia.org/wikipedia/commons/thumb/7/78/STS_135_Crosses_Terminator_for_Last_Time.jpg/1280px-STS_135_Crosses_Terminator_for_Last_Time.jpg?utm_source=commons.wikimedia.org&utm_campaign=imageinfo&utm_content=thumbnail,CC BY-SA 3.0,C m handler,3
68,Hoe lang waren de langste mouwen aan een kledingstuk ooit in meters?,garment ever metres,https://commons.wikimedia.org/wiki/File%3ADetail_of_Gladiator_mosaic%2C_two_Eques_fighting_equipped_with_lance%2C_sword_and_the_traditional_small_round_shield%2C_R%C3%B6merhalle%2C_Bad_Kreuznach%2C_Germany_%288197211680%29.jpg,https://thumb.wikimedia.org/wikipedia/commons/thumb/0/0c/Detail_of_Gladiator_mosaic%2C_two_Eques_fighting_equipped_with_lance%2C_sword_and_the_traditional_small_round_shield%2C_R%C3%B6merhalle%2C_Bad_Kreuznach%2C_Germany_%288197211680%29.jpg/1280px-thumbnail.jpg?utm_source=commons.wikimedia.org&utm_campaign=imageinfo&utm_content=thumbnail,CC BY-SA 2.0,"Carole Raddato from FRANKFURT, Germany",7
69,Hoe lang was de langste vrouw ooit in centimeters?,longest woman ever,https://commons.wikimedia.org/wiki/File%3AMoon_photographs_with_foreground_tree.png,https://upload.wikimedia.org/wikipedia/commons/a/ab/Moon_photographs_with_foreground_tree.png?utm_source=commons.wikimedia.org&utm_campaign=imageinfo&utm_content=thumbnail_unscaled,CC BY-SA 3.0,User:Ladyquartermaine,4
70,Hoe zwaar was de zwaarste hamburger ooit in kilogram?,ever kilograms,https://commons.wikimedia.org/wiki/File%3ASTS-116_spacewalk_1.jpg,https://thumb.wikimedia.org/wikipedia/commons/thumb/8/89/STS-116_spacewalk_1.jpg/1280px-STS-116_spacewalk_1.jpg?utm_source=commons.wikimedia.org&utm_campaign=imageinfo&utm_content=thumbnail,Public domain,NASA,8
71,Hoe zwaar was de zwaarste pompoen ooit in kilogram?,pumpkin ever kilograms,https://commons.wikimedia.org/wiki/File%3AThe_pumpkin_of_507_kilograms.JPG,https://thumb.wikimedia.org/wikipedia/commons/thumb/b/bf/The_pumpkin_of_507_kilograms.JPG/1280px-The_pumpkin_of_507_kilograms.JPG?utm_source=commons.wikimedia.org&utm_campaign=imageinfo&utm_content=thumbnail,CC BY-SA 4.0,Dobrislava,1
72,Hoeveel procent van het lichaam was bedekt met tatoeages bij de meest getatoeëerde man?,most tattooed man,https://commons.wikimedia.org/wiki/File%3AThe_tattooed_man_%28NYPL_Hades-464672-1712644%29.jpg,https://thumb.wikimedia.org/wikipedia/commons/thumb/7/79/The_tattooed_man_%28NYPL_Hades-464672-1712644%29.jpg/1280px-The_tattooed_man_%28NYPL_Hades-464672-1712644%29.jpg?utm_source=commons.wikimedia.org&utm_campaign=imageinfo&utm_content=thumbnail,Public domain,Scan by NYPL,8
73,Hoeveel protonen heeft een neutraal atoom van goud?,neutral atom gold,https://commons.wikimedia.org/wiki/File%3AAtom_cooling_and_trapping.JPG,https://thumb.wikimedia.org/wikipedia/commons/thumb/3/39/Atom_cooling_and_trapping.JPG/1280px-Atom_cooling_and_trapping.JPG?utm_source=commons.wikimedia.org&utm_campaign=imageinfo&utm_content=thumbnail,CC BY-SA 4.0,Tomasz Kawalec,1
74,Hoeveel LEGO-steentjes worden er wereldwijd per seconde gemaakt?,LEGO,https://commons.wikimedia.org/wiki/File%3ACustom_Lego_Chess_Set.jpg,https://thumb.wikimedia.org/wikipedia/commons/thumb/b/b0/Custom_Lego_Chess_Set.jpg/1280px-Custom_Lego_Chess_Set.jpg?utm_source=commons.wikimedia.org&utm_campaign=imageinfo&utm_content=thumbnail,CC BY-SA 4.0,Noah Wulf,7
76,Hoeveel speelkaarten zitten er in een standaard kaartspel (zonder jokers)?,game without jokers,https://commons.wikimedia.org/wiki/File%3AJoker_%28carte_de_jeu%29.jpg,https://thumb.wikimedia.org/wikipedia/commons/thumb/8/8b/Joker_%28carte_de_jeu%29.jpg/1280px-Joker_%28carte_de_jeu%29.jpg?utm_source=commons.wikimedia.org&utm_campaign=imageinfo&utm_content=thumbnail,Public domain,Teuxe,8
77,Hoeveel etappes telt de Tour de France doorgaans?,Tour France,https://commons.wikimedia.org/wiki/File%3ATour_France.JPG,https://thumb.wikimedia.org/wikipedia/commons/thumb/5/5e/Tour_France.JPG/1280px-Tour_France.JPG?utm_source=commons.wikimedia.org&utm_campaign=imageinfo&utm_content=thumbnail,Public domain,No machine-readable author provided. Petit homme~commonswiki assumed (based on copyright claims).,8
78,Hoeveel punten heeft een try in rugby union?,try rugby union,https://commons.wikimedia.org/wiki/File%3ADragons_vs_Leinster_welsh_try_Celtic_League_9_may_2008.jpg,https://thumb.wikimedia.org/wikipedia/commons/thumb/a/a9/Dragons_vs_Leinster_welsh_try_Celtic_League_9_may_2008.jpg/1280px-Dragons_vs_Leinster_welsh_try_Celtic_League_9_may_2008.jpg?utm_source=commons.wikimedia.org&utm_campaign=imageinfo&utm_content=thumbnail,CC BY 2.0,https://www.flickr.com/photos/awv/  Rob Gale,8
79,Hoeveel spelers staan er per team op het veld bij honkbal?,team field baseball,https://commons.wikimedia.org/wiki/File%3ABaseball_team_-_NARA_-_285178.jpg,https://thumb.wikimedia.org/wikipedia/commons/thumb/8/81/Baseball_team_-_NARA_-_285178.jpg/1280px-Baseball_team_-_NARA_-_285178.jpg?utm_source=commons.wikimedia.org&utm_campaign=imageinfo&utm_content=thumbnail,Public domain,Unknown authorUnknown author or not provided,8
80,Hoeveel aardse dagen duurt één volledige draai van Venus ongeveer?,Venus,https://commons.wikimedia.org/wiki/File%3AVenus_globe.jpg,https://thumb.wikimedia.org/wikipedia/commons/thumb/8/85/Venus_globe.jpg/1280px-Venus_globe.jpg?utm_source=commons.wikimedia.org&utm_campaign=imageinfo&utm_content=thumbnail,Public domain,NASA/JPL,8
81,Hoeveel aardse uren duurt één volledige draai van Mars ongeveer?,Earth Mars,https://commons.wikimedia.org/wiki/File%3AMarsSunset.jpg,https://thumb.wikimedia.org/wikipedia/commons/thumb/6/69/MarsSunset.jpg/1280px-MarsSunset.jpg?utm_source=commons.wikimedia.org&utm_campaign=imageinfo&utm_content=thumbnail,Public domain,NASA/JPL/Texas A&amp;M/Cornell,7
82,Hoeveel dagen doet de planeet Mars erover om rond de zon te draaien?,Mars,https://commons.wikimedia.org/wiki/File%3AOlympus_Mons_alt.jpg,https://thumb.wikimedia.org/wikipedia/commons/thumb/0/00/Olympus_Mons_alt.jpg/1280px-Olympus_Mons_alt.jpg?utm_source=commons.wikimedia.org&utm_campaign=imageinfo&utm_content=thumbnail,Public domain,"Image by NASA, modifications by Seddon",7
83,In welk jaar werd de eerste exoplaneet rond een zonachtige ster ontdekt?,around sun-like star,https://commons.wikimedia.org/wiki/File%3AAstronomers_Image_Lowest-mass_Exoplanet_Around_a_Sun-like_Star.jpg,https://thumb.wikimedia.org/wikipedia/commons/thumb/a/aa/Astronomers_Image_Lowest-mass_Exoplanet_Around_a_Sun-like_Star.jpg/1280px-Astronomers_Image_Lowest-mass_Exoplanet_Around_a_Sun-like_Star.jpg?utm_source=commons.wikimedia.org&utm_campaign=imageinfo&utm_content=thumbnail,Public domain,NASA's Goddard Space Flight Center/S. Wiessinger,8
84,Wat is de geschatte leeftijd van de planeet Aarde in miljoenen jaren?,Earth,https://commons.wikimedia.org/wiki/File%3AEarth%27s_City_Lights_by_DMSP%2C_1994-1995_%28large%29.jpg,https://thumb.wikimedia.org/wikipedia/commons/thumb/e/e1/Earth%27s_City_Lights_by_DMSP%2C_1994-1995_%28large%29.jpg/1280px-Earth%27s_City_Lights_by_DMSP%2C_1994-1995_%28large%29.jpg?utm_source=commons.wikimedia.org&utm_campaign=imageinfo&utm_content=thumbnail,Public domain,"Data: Marc Imhoff/NASA GSFC, Christopher Elvidge/NOAA NGDC; Image: Craig Mayhew and Robert Simmon/NASA GSFC",8
85,Hoeveel letters heeft het Armeense alfabet?,Armenian,https://commons.wikimedia.org/wiki/File%3AStatue_located_inside_the_Armenian_Church_in_Dhaka.jpg,https://thumb.wikimedia.org/wikipedia/commons/thumb/8/81/Statue_located_inside_the_Armenian_Church_in_Dhaka.jpg/1280px-Statue_located_inside_the_Armenian_Church_in_Dhaka.jpg?utm_source=commons.wikimedia.org&utm_campaign=imageinfo&utm_content=thumbnail,CC BY-SA 4.0,Mahbub Hossain Shaheed (mahosha),8
86,Hoeveel letters heeft het Hebreeuwse alfabet?,Hebrew,https://commons.wikimedia.org/wiki/File%3AHerzliya_Hebrew_Gymnasium%2C_Tel_Aviv.jpg,https://upload.wikimedia.org/wikipedia/commons/8/89/Herzliya_Hebrew_Gymnasium%2C_Tel_Aviv.jpg?utm_source=commons.wikimedia.org&utm_campaign=imageinfo&utm_content=thumbnail_unscaled,Public domain,"American Colony (Jerusalem). Photo Dept., photographer.",7
87,Hoeveel letters heeft het Thaise alfabet?,Thai,https://commons.wikimedia.org/wiki/File%3AChiang-Mai_Thailand_Buddhist-Manuscript-Library-and-Museum-01.jpg,https://thumb.wikimedia.org/wikipedia/commons/thumb/2/21/Chiang-Mai_Thailand_Buddhist-Manuscript-Library-and-Museum-01.jpg/1280px-Chiang-Mai_Thailand_Buddhist-Manuscript-Library-and-Museum-01.jpg?utm_source=commons.wikimedia.org&utm_campaign=imageinfo&utm_content=thumbnail,CC BY-SA 4.0,"CEphoto, Uwe Aranas",8
88,Hoeveel letters heeft het Turkse alfabet?,Turkish,https://commons.wikimedia.org/wiki/File%3AIstanbul_and_Bosporus_big.jpg,https://upload.wikimedia.org/wikipedia/commons/e/ea/Istanbul_and_Bosporus_big.jpg?utm_source=commons.wikimedia.org&utm_campaign=imageinfo&utm_content=thumbnail_unscaled,Public domain,Astronaut photograph ISS008-E-21752,3
89,Hoeveel naamvallen heeft het Fins?,Finnish,https://commons.wikimedia.org/wiki/File%3AA_Finnish_Maxim_M-32_machine_gun_nest_during_the_Winter_War.jpg,https://thumb.wikimedia.org/wikipedia/commons/thumb/b/b7/A_Finnish_Maxim_M-32_machine_gun_nest_during_the_Winter_War.jpg/1280px-A_Finnish_Maxim_M-32_machine_gun_nest_during_the_Winter_War.jpg?utm_source=commons.wikimedia.org&utm_campaign=imageinfo&utm_content=thumbnail,Public domain,Unknown author.,7
90,In welk jaar werd de eerste Nintendo Game Boy uitgebracht?,Nintendo Game Boy,https://commons.wikimedia.org/wiki/File%3AGame-Boy-Original.jpg,https://thumb.wikimedia.org/wikipedia/commons/thumb/8/8f/Game-Boy-Original.jpg/1280px-Game-Boy-Original.jpg?utm_source=commons.wikimedia.org&utm_campaign=imageinfo&utm_content=thumbnail,Public domain,Evan-Amos,8
91,In welk jaar werd de eerste digitale camera ontwikkeld?,digital camera developed,https://commons.wikimedia.org/wiki/File%3A2011-168-1_Camera%2C_Kodak%2C_Medalist_%286012215634%29.jpg,https://thumb.wikimedia.org/wikipedia/commons/thumb/c/c4/2011-168-1_Camera%2C_Kodak%2C_Medalist_%286012215634%29.jpg/1280px-2011-168-1_Camera%2C_Kodak%2C_Medalist_%286012215634%29.jpg?utm_source=commons.wikimedia.org&utm_campaign=imageinfo&utm_content=thumbnail,CC BY 2.0,"Naval History &amp; Heritage Command from Washington, DC, USA",6
92,In welk jaar werd de eerste drukpers met losse letters in Europa gebruikt?,Europe,https://commons.wikimedia.org/wiki/File%3AEurope_satellite_orthographic.jpg,https://upload.wikimedia.org/wikipedia/commons/1/1b/Europe_satellite_orthographic.jpg?utm_source=commons.wikimedia.org&utm_campaign=imageinfo&utm_content=thumbnail_unscaled,Public domain,,8
93,In welk jaar werd de eerste internationale telefonische verbinding gemaakt?,telephone connection made,https://commons.wikimedia.org/wiki/File%3ARamshackle_telephone_connection_across_Maes-y-Llech_-_geograph.org.uk_-_279942.jpg,https://upload.wikimedia.org/wikipedia/commons/4/4f/Ramshackle_telephone_connection_across_Maes-y-Llech_-_geograph.org.uk_-_279942.jpg?utm_source=commons.wikimedia.org&utm_campaign=imageinfo&utm_content=thumbnail_unscaled,CC BY-SA 2.0,Eric Jones,8
94,In welk jaar werd de eerste televisie-uitzending verzorgd?,television broadcast arranged,https://commons.wikimedia.org/wiki/File%3AA_Clue_in_an_on_going_murder_investigation_Cold_War_promotion_becomes_Coup_p.1.jpg,https://thumb.wikimedia.org/wikipedia/commons/thumb/6/6e/A_Clue_in_an_on_going_murder_investigation_Cold_War_promotion_becomes_Coup_p.1.jpg/1280px-A_Clue_in_an_on_going_murder_investigation_Cold_War_promotion_becomes_Coup_p.1.jpg?utm_source=commons.wikimedia.org&utm_campaign=imageinfo&utm_content=thumbnail,Public domain,Department of Defense Civil Defense arranged by Steven Uanna,6
95,Wat is de totale lengte van alle onderzeese internetkabels op aarde in duizend kilometer?,Internet Earth,https://commons.wikimedia.org/wiki/File%3AJudith_at_the_Banquet_of_Holofernes_%28previously_known_as_Artemisia%29%2C_by_Rembrandt%2C_from_Prado_in_Google_Earth.jpg,https://thumb.wikimedia.org/wikipedia/commons/thumb/b/b0/Judith_at_the_Banquet_of_Holofernes_%28previously_known_as_Artemisia%29%2C_by_Rembrandt%2C_from_Prado_in_Google_Earth.jpg/1280px-Judith_at_the_Banquet_of_Holofernes_%28previously_known_as_Artemisia%29%2C_by_Rembrandt%2C_from_Prado_in_Google_Earth.jpg?utm_source=commons.wikimedia.org&utm_campaign=imageinfo&utm_content=thumbnail,Public domain,Rembrandt,8
96,Hoeveel meter hoog is de Golden Gate Bridge boven het water?,Golden Gate Bridge,https://commons.wikimedia.org/wiki/File%3AGolden_Gate_Bridge_by_night.jpg,https://thumb.wikimedia.org/wikipedia/commons/thumb/c/c2/Golden_Gate_Bridge_by_night.jpg/1280px-Golden_Gate_Bridge_by_night.jpg?utm_source=commons.wikimedia.org&utm_campaign=imageinfo&utm_content=thumbnail,CC BY-SA 3.0,Image taken by Daniel Schwen,8
97,Hoeveel metrostations heeft de Parijse metro?,Paris,https://commons.wikimedia.org/wiki/File%3ABoulevard_du_Temple_by_Daguerre.jpg,https://thumb.wikimedia.org/wikipedia/commons/thumb/d/d3/Boulevard_du_Temple_by_Daguerre.jpg/1280px-Boulevard_du_Temple_by_Daguerre.jpg?utm_source=commons.wikimedia.org&utm_campaign=imageinfo&utm_content=thumbnail,Public domain,Louis Daguerre,7
99,Hoeveel wielen heeft een Airbus A380?,Airbus A380,https://commons.wikimedia.org/wiki/File%3AA380_F-WWEA_LEGT_2.jpg,https://thumb.wikimedia.org/wikipedia/commons/thumb/0/00/A380_F-WWEA_LEGT_2.jpg/1280px-A380_F-WWEA_LEGT_2.jpg?utm_source=commons.wikimedia.org&utm_campaign=imageinfo&utm_content=thumbnail,CC BY-SA 2.5,Keta,7
100,In welk jaar vertrok de eerste commerciële passagiersvlucht?,passenger flight leave,https://commons.wikimedia.org/wiki/File%3AC-141_Starlifter_contrail.jpg,https://thumb.wikimedia.org/wikipedia/commons/thumb/c/c9/C-141_Starlifter_contrail.jpg/1280px-C-141_Starlifter_contrail.jpg?utm_source=commons.wikimedia.org&utm_campaign=imageinfo&utm_content=thumbnail,Public domain,Simons/Staff Sgt.,8
101,In welk jaar werd de eerste stoomlocomotief gebouwd?,steam locomotive built,https://commons.wikimedia.org/wiki/File%3AExperiment.jpg,https://upload.wikimedia.org/wikipedia/commons/d/d3/Experiment.jpg?utm_source=commons.wikimedia.org&utm_campaign=imageinfo&utm_content=thumbnail_unscaled,Public domain,Unknown authorUnknown author,8
102,Hoeveel diagonalen heeft een regelmatige tienhoek?,diagonals regular pentagon,https://commons.wikimedia.org/wiki/File%3AInscribed_pentagon_construction.PNG,https://upload.wikimedia.org/wikipedia/commons/1/1c/Inscribed_pentagon_construction.PNG?utm_source=commons.wikimedia.org&utm_campaign=imageinfo&utm_content=thumbnail_unscaled,CC BY-SA 3.0,Brews ohare,8
103,Hoeveel diagonalen heeft een regelmatige twintighoek?,diagonals regular 20-angle,https://commons.wikimedia.org/wiki/File%3ARoman_knife_%28or_razor%29_handle_%28FindID_266557%29.jpg,https://thumb.wikimedia.org/wikipedia/commons/thumb/2/22/Roman_knife_%28or_razor%29_handle_%28FindID_266557%29.jpg/1280px-Roman_knife_%28or_razor%29_handle_%28FindID_266557%29.jpg?utm_source=commons.wikimedia.org&utm_campaign=imageinfo&utm_content=thumbnail,CC BY-SA 2.0,"Winchester Museum Service, Robert Webley, 2009-08-19 14:20:58",6
104,Hoeveel is de som van de getallen 1 tot en met 100?,sum numbers 100,https://commons.wikimedia.org/wiki/File%3ASpecimens_of_abbreviated_numbers_Fleuron_T003135-2.png,https://upload.wikimedia.org/wikipedia/commons/6/6d/Specimens_of_abbreviated_numbers_Fleuron_T003135-2.png?utm_source=commons.wikimedia.org&utm_campaign=imageinfo&utm_content=thumbnail_unscaled,Public domain,"Weston, William, schoolmaster",8
105,Hoeveel manieren kun je 3 renners op een podium van 8 deelnemers indelen?,riders stage participants,https://commons.wikimedia.org/wiki/File%3ABarrel_Racer_%2814273581285%29.jpg,https://thumb.wikimedia.org/wikipedia/commons/thumb/6/6a/Barrel_Racer_%2814273581285%29.jpg/1280px-Barrel_Racer_%2814273581285%29.jpg?utm_source=commons.wikimedia.org&utm_campaign=imageinfo&utm_content=thumbnail,CC BY 2.0,"Paul VanDerWerf from Brunswick, Maine, USA",1
