Nr,Groep,In gebruik,Vraag NL,Antwoord,Oorspronkelijke bron,Gebruikte bron,Uitkomst,Bewijszin
1,geblokkeerd,daily,Hoeveel chromosomen heeft een gewone ui Allium cepa in een lichaamscel?,16,https://powo.science.kew.org/,http://web.archive.org/web/20260906023542/https://powo.science.kew.org/,niet gevonden,
5,geblokkeerd,daily,Hoeveel hoofdstukken bevat The Hobbit?,19,https://www.britannica.com/topic/The-Hobbit,http://web.archive.org/web/20260218024826/https://www.britannica.com/topic/The-Hobbit,niet gevonden,
22,geblokkeerd,daily,Hoeveel treden heeft de Burj Khalifa in Dubai?,2909,https://www.burjkhalifa.ae/en/the-tower/facts-figures/,http://web.archive.org/web/20241113185425/https://www.burjkhalifa.ae/en/the-tower/facts-figures/,niet gevonden,
31,geblokkeerd,daily,Hoeveel kilometer lang is het Baikalmeer ongeveer?,636,https://www.britannica.com/place/Lake-Baikal,https://www.britannica.com/place/Lake-Baikal,geen archiefkopie,
33,geblokkeerd,daily,Hoeveel meter diep is het Tanganyikameer op het diepste punt ongeveer?,1470,https://www.britannica.com/place/Lake-Tanganyika,http://web.archive.org/web/20260330211104/https://www.britannica.com/place/Lake-Tanganyika,niet gevonden,
34,geblokkeerd,daily,Hoeveel meter hoog is Angel Falls ongeveer?,979,https://www.britannica.com/place/Angel-Falls,http://web.archive.org/web/20260801160109/https://www.britannica.com/place/Angel-Falls,bevestigd,"The highest waterfall in the world, the cataract drops 3,212 feet (979 metres) and is 500 feet (150 metres) wide at the base."
37,geblokkeerd,daily,Wat is de diepte van het diepste zoetwatermeer ter wereld (Baikalmeer in Rusland) in meters?,1642,https://www.britannica.com/place/Lake-Baikal,https://www.britannica.com/place/Lake-Baikal,geen archiefkopie,
49,geblokkeerd,daily,Hoeveel procent van de bekende plant- en diersoorten leeft in tropische regenwouden?,50,https://www.britannica.com/science/tropical-rainforest,http://web.archive.org/web/20260813110137/https://www.britannica.com/science/tropical-rainforest,bevestigd,"Tropical rainforests today represent a treasure trove of biological heritage, and they also serve as sinks for more than 50 percent of all atmospheric carbon dioxide absorbed by plants annually."
60,geblokkeerd,daily,Hoeveel millimeter per jaar verschuiven de aardplaten gemiddeld?,25,https://whc.unesco.org/en/criteria/,http://web.archive.org/web/20260829085045/https://whc.unesco.org/en/criteria/,getal gezien,General Assembly 26 th GA (2027) 25 th GA (2025)
85,geblokkeerd,daily,Hoeveel letters heeft het Armeense alfabet?,39,https://www.britannica.com/topic/Armenian-language,http://web.archive.org/web/20260702221912/https://www.britannica.com/topic/Armenian-language,niet gevonden,
87,geblokkeerd,daily,Hoeveel letters heeft het Thaise alfabet?,44,https://www.britannica.com/topic/Thai-language,http://web.archive.org/web/20260814082621/https://www.britannica.com/topic/Thai-language,niet gevonden,
89,geblokkeerd,daily,Hoeveel naamvallen heeft het Fins?,15,https://www.britannica.com/topic/Finnish-language,http://web.archive.org/web/20260705045004/https://www.britannica.com/topic/Finnish-language,niet gevonden,
93,geblokkeerd,daily,In welk jaar werd de eerste internationale telefonische verbinding gemaakt?,1892,https://www.britannica.com/technology/telephone,https://www.britannica.com/technology/telephone,geen archiefkopie,
97,geblokkeerd,daily,Hoeveel metrostations heeft de Parijse metro?,308,https://www.ratp.fr/en/discover,https://www.ratp.fr/en/discover,geen archiefkopie,
110,geblokkeerd,puzzel,"Hoeveel centimeter meten de dunne en dikke darm samen, volledig uitgestrekt?",750,https://whc.unesco.org/en/list/1187/,http://web.archive.org/web/20260830234257/https://whc.unesco.org/en/list/1187,niet gevonden,
112,geblokkeerd,puzzel,Hoeveel chromosomen heeft een gewone tuinerwt Pisum sativum in een lichaamscel?,14,https://powo.science.kew.org/,http://web.archive.org/web/20260906023542/https://powo.science.kew.org/,niet gevonden,
115,geblokkeerd,puzzel,Hoeveel hartkleppen heeft het menselijk hart?,4,https://www.heart.org/en/health-topics/heart-valve-problems/about-heart-valve-problems,https://www.heart.org/en/health-topics/heart-valve-problems/about-heart-valve-problems,geen archiefkopie,
118,geblokkeerd,puzzel,Hoeveel miljard hartslagen maakt een mensenhart in een gemiddeld leven van 80 jaar?,3,https://www.heart.org/en/healthy-living/fitness/fitness-basics/target-heart-rates,http://web.archive.org/web/20260512100438/https://www.heart.org/en/healthy-living/fitness/fitness-basics/target-heart-rates,getal gezien,The American Heart Association is a qualified 501(c)(3) tax-exempt organization.
119,geblokkeerd,puzzel,Hoeveel milliliter speeksel produceert een mens gemiddeld per dag?,1200,https://whc.unesco.org/en/list/1613/,https://whc.unesco.org/en/list/1613/,geen archiefkopie,
131,geblokkeerd,puzzel,Hoeveel boeken bevat de Harry Potter-hoofdserie?,7,https://www.britannica.com/topic/Harry-Potter,http://web.archive.org/web/20260616143131/https://www.britannica.com/topic/Harry-Potter,bevestigd,"The books were transformed into a blockbuster series of eight films (the final book, some 750 pages long, was adapted into two films) released over 10 years, which grossed more than $7 billion worldwide."
132,geblokkeerd,puzzel,Hoeveel boeken bevat de gepubliceerde hoofdserie A Song of Ice and Fire?,5,https://www.britannica.com/topic/A-Song-of-Ice-and-Fire,http://web.archive.org/web/20260220103634/https://www.britannica.com/topic/A-Song-of-Ice-and-Fire,niet gevonden,
137,geblokkeerd,puzzel,Hoeveel hoofdstukken bevat Animal Farm?,10,https://www.britannica.com/topic/Animal-Farm,http://web.archive.org/web/20260527023350/https://www.britannica.com/topic/Animal-Farm,niet gevonden,
140,geblokkeerd,puzzel,Hoeveel snaren heeft een standaard concert-pedaalharp?,47,https://www.britannica.com/topic/Divine-Comedy,https://www.britannica.com/topic/Divine-Comedy,geen archiefkopie,
142,geblokkeerd,puzzel,Hoeveel werken schreef William Shakespeare volgens de meest gebruikte telling?,39,https://www.britannica.com/biography/William-Shakespeare,http://web.archive.org/web/20260902004325/https://www.britannica.com/biography/William-Shakespeare,niet gevonden,
143,geblokkeerd,puzzel,Hoeveel zangen telt Dante’s Inferno?,34,https://www.britannica.com/topic/Inferno,http://web.archive.org/web/20260828125624/https://www.britannica.com/topic/Inferno,niet gevonden,
146,geblokkeerd,puzzel,Hoeveel poten heeft een standaard statief?,3,https://www.britannica.com/technology/tripod,https://www.britannica.com/technology/tripod,geen archiefkopie,
151,geblokkeerd,puzzel,Hoeveel harten heeft een octopus?,3,https://ocean.si.edu/ocean-life/invertebrates/octopus,https://ocean.si.edu/ocean-life/invertebrates/octopus,geen archiefkopie,
153,geblokkeerd,puzzel,Hoeveel kamers heeft het hart van een kakkerlak?,13,https://www.britannica.com/animal/cockroach,https://www.britannica.com/animal/cockroach,geen archiefkopie,
154,geblokkeerd,puzzel,Hoeveel kamers heeft het hart van een krokodil?,4,https://www.britannica.com/animal/crocodilian,http://web.archive.org/web/20170507030316/https://www.britannica.com/animal/crocodilian,niet gevonden,
155,geblokkeerd,puzzel,Hoeveel keer per minuut klopt het hart van een kolibrie tijdens het vliegen maximaal?,1200,https://whc.unesco.org/en/list/1314/,http://web.archive.org/web/20260804120753/https://whc.unesco.org/en/list/1314/,niet gevonden,
159,geblokkeerd,puzzel,Hoeveel ogen heeft een bij?,5,https://www.britannica.com/animal/bee,http://web.archive.org/web/20260730065756/https://www.britannica.com/animal/bee,niet gevonden,
162,geblokkeerd,puzzel,Hoeveel poten heeft een kreeftachtige van de orde Isopoda?,14,https://www.britannica.com/animal/isopod,http://web.archive.org/web/20251122114109/https://www.britannica.com/animal/isopod,bevestigd,Scientists discover 14 strange new species hidden in the deep sea &#8226; Nov.
166,geblokkeerd,puzzel,Hoeveel vleugels heeft een kever?,4,https://www.britannica.com/animal/beetle,http://web.archive.org/web/20250914000427/https://www.britannica.com/animal/beetle,bevestigd,"Last Updated: Sep 4, 2025 • Article History"
168,geblokkeerd,puzzel,Wat weegt het hart van een volwassen Blauwe Vinvis in kilogram?,180,https://ocean.si.edu/ocean-life/marine-mammals/blue-whale,https://ocean.si.edu/ocean-life/marine-mammals/blue-whale,geen archiefkopie,
210,geblokkeerd,puzzel,Hoeveel delen bevat Plato’s De Staat?,10,https://www.britannica.com/topic/Republic,https://www.britannica.com/topic/Republic,geen archiefkopie,
211,geblokkeerd,puzzel,Hoeveel gebeden per dag schrijft de islamitische traditie voor?,5,https://www.britannica.com/topic/salat,http://web.archive.org/web/20260114125832/https://www.britannica.com/topic/salat,niet gevonden,
216,geblokkeerd,puzzel,Hoeveel zuilen kent de islam?,5,https://www.britannica.com/topic/Five-Pillars-of-Islam,https://www.britannica.com/topic/Five-Pillars-of-Islam,geen archiefkopie,
219,geblokkeerd,puzzel,Hoeveel bogen heeft de Romeinse brug Pont du Gard in de onderste booglaag?,6,https://whc.unesco.org/en/list/344/,http://web.archive.org/web/20260806215601/https://whc.unesco.org/en/list/344/,bevestigd,Het onderste gedeelte is ruim 6 meter breed en kreeg later de functie van (tol)brug.
221,geblokkeerd,puzzel,Hoeveel centimeter zet de Eiffeltoren uit op een hete zomerdag?,15,https://whc.unesco.org/en/list/1187/,http://web.archive.org/web/20260830234257/https://whc.unesco.org/en/list/1187,getal gezien,"Mostar, Macao and Biblical vestiges in Israel are among the 17 cultural sites inscribed on UNESCO’s World Heritage List 15 July 2005"
225,geblokkeerd,puzzel,"Hoeveel kilogram weegt de Great Bell, de grote klok van Big Ben?",13700,https://whc.unesco.org/en/list/1613/,https://whc.unesco.org/en/list/1613/,geen archiefkopie,
227,geblokkeerd,puzzel,Hoeveel klinknagels zaten er naar schatting in de romp van de Titanic?,3000000,https://whc.unesco.org/en/list/1321/,http://web.archive.org/web/20260906063436/https://whc.unesco.org/en/list/1321/,niet gevonden,
238,geblokkeerd,puzzel,Hoeveel miljoen kubieke meter aarde werd er uitgegraven voor de bouw van het Panamakanaal?,210,https://whc.unesco.org/en/list/1321/,http://web.archive.org/web/20260906063436/https://whc.unesco.org/en/list/1321/,niet gevonden,
241,geblokkeerd,puzzel,Hoeveel piramides vormen het belangrijkste piramidecomplex van Gizeh?,3,https://www.britannica.com/place/Pyramids-of-Giza,https://www.britannica.com/place/Pyramids-of-Giza,geen archiefkopie,
251,geblokkeerd,puzzel,Hoeveel zware stenen kalksteenblokken zijn er gebruikt om de Grote Piramide van Gizeh (Cheops) te bouwen?,2300000,https://www.britannica.com/topic/Great-Pyramid-of-Giza,https://www.britannica.com/topic/Great-Pyramid-of-Giza,geen archiefkopie,
259,geblokkeerd,puzzel,Hoeveel actieve vulkanen zijn er op aarde naar schatting?,1350,https://volcano.si.edu/,http://web.archive.org/web/20260906032659/https://volcano.si.edu/,niet gevonden,
265,geblokkeerd,puzzel,Hoeveel kilometer lang is Japan van noord naar zuid ongeveer?,3000,https://www.britannica.com/place/Japan,http://web.archive.org/web/20260906171043/https://www.britannica.com/place/Japan,niet gevonden,
267,geblokkeerd,puzzel,Hoeveel kilometer lang is de Mississippi ongeveer?,3766,https://www.britannica.com/place/Mississippi-River,http://web.archive.org/web/20260831035541/https://www.britannica.com/place/Mississippi-River,bevestigd,"It covers a total distance of 2,340 miles (3,766 km) from its source."
268,geblokkeerd,puzzel,Hoeveel kilometer lang is de Yangtze ongeveer?,6300,https://www.britannica.com/place/Yangtze-River,http://web.archive.org/web/20260831052738/https://www.britannica.com/place/Yangtze-River,bevestigd,"The Yangtze River is 3,915 miles (6,300 km) long."
273,geblokkeerd,puzzel,Hoeveel kilometer lang is het Himalayagebergte ongeveer?,2500,https://www.britannica.com/place/Himalayas,http://web.archive.org/web/20260902043756/https://www.britannica.com/place/Himalayas,bevestigd,"The Himalayas stretch uninterruptedly for about 1,550 miles (2,500 km) in Asia, forming a barrier between the Plateau of Tibet to the north and the alluvial plains of the Indian subcontinent to the south."
274,geblokkeerd,puzzel,Hoeveel kilometer lang is het Victoriameer ongeveer?,337,https://www.britannica.com/place/Lake-Victoria,https://www.britannica.com/place/Lake-Victoria,geen archiefkopie,
275,geblokkeerd,puzzel,Hoeveel landen delen het eiland Borneo?,3,https://www.britannica.com/place/Borneo-island,https://www.britannica.com/place/Borneo-island,geen archiefkopie,
278,geblokkeerd,puzzel,Hoeveel landen grenzen aan de Rode Zee?,6,https://www.britannica.com/place/Red-Sea,http://web.archive.org/web/20260818171747/https://www.britannica.com/place/Red-Sea,getal gezien,"13, 2026, 6:39 AM ET (CBS)"
279,geblokkeerd,puzzel,Hoeveel landen grenzen aan het Victoriameer?,3,https://www.britannica.com/place/Lake-Victoria,https://www.britannica.com/place/Lake-Victoria,geen archiefkopie,
281,geblokkeerd,puzzel,Hoeveel landen liggen aan de Adriatische Zee?,6,https://www.britannica.com/place/Adriatic-Sea,http://web.archive.org/web/20260701211033/https://www.britannica.com/place/Adriatic-Sea,getal gezien,6 Britannica Sources
282,geblokkeerd,puzzel,Hoeveel landen liggen aan het Meer van Genève?,2,https://www.britannica.com/place/Lake-Geneva,https://www.britannica.com/place/Lake-Geneva,geen archiefkopie,
283,geblokkeerd,puzzel,Hoeveel landen liggen aan het Titicacameer?,2,https://www.britannica.com/place/Lake-Titicaca,http://web.archive.org/web/20260310132911/https://www.britannica.com/place/Lake-Titicaca,niet gevonden,
285,geblokkeerd,puzzel,Hoeveel landen telt Zuid-Amerika?,12,https://www.britannica.com/place/South-America,http://web.archive.org/web/20260825100414/https://www.britannica.com/place/South-America,bevestigd,"South America is the world's fourth-largest continent, comprising 12 countries: Argentina, Bolivia, Brazil, Chile, Colombia, Ecuador, French Guiana, Guyana, Paraguay, Peru, Suriname, Uruguay, and Venezuela."
287,geblokkeerd,puzzel,Hoeveel landen vormen het Verenigd Koninkrijk?,4,https://www.parliament.uk/about/how/role/relations-with-other-institutions/devolved/,http://web.archive.org/web/20260725223726/https://www.parliament.uk/about/how/role/relations-with-other-institutions/devolved/,niet gevonden,
288,geblokkeerd,puzzel,Hoeveel liter water stroomt er gemiddeld per seconde over de Niagarawatervallen?,2400000,https://unesdoc.unesco.org/en/archives/about-unesco-history-and-mission,https://unesdoc.unesco.org/en/archives/about-unesco-history-and-mission,geen archiefkopie,
289,geblokkeerd,puzzel,Hoeveel meter diep is het Victoriameer op het diepste punt ongeveer?,84,https://www.britannica.com/place/Lake-Victoria,https://www.britannica.com/place/Lake-Victoria,geen archiefkopie,
299,geblokkeerd,puzzel,Hoeveel vierkante kilometer is de Sahara ongeveer groot?,9200000,https://www.britannica.com/place/Sahara-desert-Africa,http://web.archive.org/web/20260810235525/https://www.britannica.com/place/Sahara-desert-Africa,niet gevonden,
306,geblokkeerd,puzzel,In welk jaar werd de eerste volledige kaart van de wereldbol gemaakt?,1492,https://www.britannica.com/science/cartography,http://web.archive.org/web/20251112124844/https://www.britannica.com/science/cartography,niet gevonden,
307,geblokkeerd,puzzel,Op welke hoogte ligt het Titicacameer ongeveer boven zeeniveau?,3810,https://www.britannica.com/place/Lake-Titicaca,http://web.archive.org/web/20260310132911/https://www.britannica.com/place/Lake-Titicaca,bevestigd,"Lake Titicaca , the world’s highest lake navigable to large vessels , lying at 12,500 feet (3,810 metres) above sea level in the Andes Mountains of South America , astride the border between Peru to the west and Bolivia to the east."
313,geblokkeerd,puzzel,Hoeveel dynastieën kent de traditionele indeling van het oude Egypte?,31,https://www.britannica.com/place/ancient-Egypt,https://www.britannica.com/place/ancient-Egypt,geen archiefkopie,
314,geblokkeerd,puzzel,Hoeveel farao’s hadden de drie grote piramides van Gizeh als opdrachtgever?,3,https://www.britannica.com/place/Pyramids-of-Giza,https://www.britannica.com/place/Pyramids-of-Giza,geen archiefkopie,
315,geblokkeerd,puzzel,Hoeveel farao’s waren er volgens de traditionele telling tijdens de 18e dynastie van Egypte?,14,https://www.britannica.com/topic/18th-dynasty-Egypt,https://www.britannica.com/topic/18th-dynasty-Egypt,geen archiefkopie,
318,geblokkeerd,puzzel,Hoeveel jaar duurde de regering van Elizabeth II?,70,https://www.royal.uk/queen-elizabeth-ii,https://www.royal.uk/queen-elizabeth-ii,geen archiefkopie,
319,geblokkeerd,puzzel,Hoeveel jaar duurden de Punische oorlogen samen?,118,https://www.britannica.com/event/Punic-Wars,http://web.archive.org/web/20260812161253/https://www.britannica.com/event/Punic-Wars,niet gevonden,
322,geblokkeerd,puzzel,Hoeveel letters telt ons Latijnse alfabet?,26,https://www.britannica.com/topic/Seven-Wonders-of-the-World,http://web.archive.org/web/20260314080135/https://www.britannica.com/topic/Seven-Wonders-of-the-World,niet gevonden,
323,geblokkeerd,puzzel,Hoeveel mensen werden geëvacueerd tijdens de evacuatie van Duinkerke?,338000,https://www.iwm.org.uk/history/what-was-the-dunkirk-evacuation,https://www.iwm.org.uk/history/what-was-the-dunkirk-evacuation,geen archiefkopie,
325,geblokkeerd,puzzel,Hoeveel parachutisten werden tijdens D-Day achter de Duitse linies gedropt?,23000,https://www.iwm.org.uk/history/d-day-the-unheard-tapes,https://www.iwm.org.uk/history/d-day-the-unheard-tapes,geen archiefkopie,
327,geblokkeerd,puzzel,Hoeveel schepen ondersteunden de geallieerde landing in Normandië?,6000,https://www.iwm.org.uk/history/d-day-the-unheard-tapes,https://www.iwm.org.uk/history/d-day-the-unheard-tapes,geen archiefkopie,
328,geblokkeerd,puzzel,Hoeveel schepen telde de Spaanse Armada volgens de gebruikelijke telling?,130,https://www.britannica.com/event/Spanish-Armada,https://www.britannica.com/event/Spanish-Armada,geen archiefkopie,
329,geblokkeerd,puzzel,Hoeveel schepen werden ingezet bij de evacuatie van Duinkerke?,850,https://www.iwm.org.uk/history/what-was-the-dunkirk-evacuation,https://www.iwm.org.uk/history/what-was-the-dunkirk-evacuation,geen archiefkopie,
330,geblokkeerd,puzzel,Hoeveel soldaten namen aan beide kanten samen deel aan de Slag bij Waterloo?,190000,https://www.britannica.com/event/Battle-of-Waterloo,http://web.archive.org/web/20260812125235/https://www.britannica.com/event/Battle-of-Waterloo,niet gevonden,
331,geblokkeerd,puzzel,Hoeveel soldaten telde het Franse leger bij Waterloo ongeveer?,73000,https://www.britannica.com/event/Battle-of-Waterloo,http://web.archive.org/web/20260812125235/https://www.britannica.com/event/Battle-of-Waterloo,niet gevonden,
332,geblokkeerd,puzzel,Hoeveel soldaten telde het leger van Napoleon tijdens de invasie van Rusland?,600000,https://www.britannica.com/event/Napoleonic-Wars,http://web.archive.org/web/20260827230242/https://www.britannica.com/event/Napoleonic-Wars,niet gevonden,
368,geblokkeerd,puzzel,Hoeveel Starbucks-winkels zijn er wereldwijd ongeveer?,40000,https://investor.starbucks.com/financial-data/annual-reports/default.aspx,http://web.archive.org/web/20240515225428/https://investor.starbucks.com/financial-data/annual-reports/default.aspx,niet gevonden,
393,geblokkeerd,puzzel,Hoeveel snaren heeft een standaard viool?,4,https://www.britannica.com/art/violin,http://web.archive.org/web/20260829033312/https://www.britannica.com/art/violin,niet gevonden,
498,geblokkeerd,puzzel,Hoeveel minuten officiële speeltijd heeft een basketbalwedstrijd volgens de NBA-regels?,48,https://official.nba.com/rule-no-5-scoring-and-timing/,http://web.archive.org/web/20260822110120/https://official.nba.com/rule-no-5-scoring-and-timing/,niet gevonden,
508,geblokkeerd,puzzel,Hoeveel Aardes passen er qua volume in de Zon?,1300000,https://whc.unesco.org/en/list/1631/,http://web.archive.org/web/20260830120558/https://whc.unesco.org/en/list/1631/,niet gevonden,
525,geblokkeerd,puzzel,"Hoeveel miljard kilometer legt licht af in één lichtjaar, afgerond?",9460,https://whc.unesco.org/en/list/430/,http://web.archive.org/web/20260903123951/https://whc.unesco.org/en/list/430,niet gevonden,
539,geblokkeerd,puzzel,Hoeveel letters had het klassieke Latijnse alfabet?,23,https://www.britannica.com/topic/Latin-language,http://web.archive.org/web/20260906213642/https://www.britannica.com/topic/Latin-language,niet gevonden,
543,geblokkeerd,puzzel,Hoeveel letters heeft het Russische alfabet?,33,https://www.britannica.com/topic/Cyrillic-alphabet,http://web.archive.org/web/20260618122324/https://www.britannica.com/topic/Cyrillic-alphabet,bevestigd,"Modern Russian has 32 letters (33, with inclusion of the soft sign—which is not, strictly speaking, a letter), Bulgarian 30, Serbian 30, and Ukrainian 32 (33)."
545,geblokkeerd,puzzel,Hoeveel medeklinkerletters heeft het Thaise alfabet?,44,https://www.britannica.com/topic/Thai-language,http://web.archive.org/web/20260814082621/https://www.britannica.com/topic/Thai-language,niet gevonden,
555,geblokkeerd,puzzel,In welk jaar werd de eerste barcode in een winkel gescand?,1974,https://www.gs1.org/about-gs1/history,https://www.gs1.org/about-gs1/history,geen archiefkopie,
556,geblokkeerd,puzzel,In welk jaar werd de eerste camera uitgevonden?,1816,https://www.britannica.com/technology/photography,http://web.archive.org/web/20260905213332/https://www.britannica.com/technology/photography,niet gevonden,
560,geblokkeerd,puzzel,In welk jaar werd de eerste radio-uitzending gemaakt?,1906,https://www.britannica.com/technology/radio,https://www.britannica.com/technology/radio,geen archiefkopie,
565,geblokkeerd,puzzel,Hoeveel landen liggen op het Iberisch Schiereiland?,3,https://www.britannica.com/place/Iberian-Peninsula,http://web.archive.org/web/20260829052245/https://www.britannica.com/place/Iberian-Peninsula,niet gevonden,
566,geblokkeerd,puzzel,Hoeveel landen vormen Centraal-Amerika?,7,https://www.britannica.com/place/Central-America,http://web.archive.org/web/20260901081724/https://www.britannica.com/place/Central-America,niet gevonden,
567,geblokkeerd,puzzel,Hoeveel landen worden door de evenaar doorkruist?,13,https://www.britannica.com/place/Equator,http://web.archive.org/web/20260904025927/https://www.britannica.com/place/Equator,niet gevonden,
572,geblokkeerd,puzzel,Hoeveel kilometer per uur rijdt een hogesnelheidstrein zoals de TGV maximaal in reguliere dienst?,320,https://www.sncf.com/en/group/profile-and-key-figures,http://web.archive.org/web/20230925024422/https://www.sncf.com/en/group/profile-and-key-figures,niet gevonden,
588,geblokkeerd,puzzel,Hoeveel wielen heeft een tuk-tuk meestal?,3,https://www.britannica.com/technology/auto-rickshaw,https://www.britannica.com/technology/auto-rickshaw,geen archiefkopie,
589,geblokkeerd,puzzel,In welk jaar reed de eerste auto met een verbrandingsmotor?,1886,https://www.britannica.com/technology/automobile,http://web.archive.org/web/20260901083543/https://www.britannica.com/technology/automobile,niet gevonden,
590,geblokkeerd,puzzel,In welk jaar voer de eerste moderne onderzeeër succesvol?,1800,https://www.britannica.com/technology/submarine-naval-vessel,http://web.archive.org/web/20260714211735/https://www.britannica.com/technology/submarine-naval-vessel,getal gezien,"In 1800, while in France, Fulton built the submarine Nautilus under a grant from Napoleon Bonaparte."
594,geblokkeerd,puzzel,Hoeveel deelverzamelingen heeft een verzameling met acht elementen?,256,https://www.britannica.com/science/set-theory,http://web.archive.org/web/20260519014218/https://www.britannica.com/science/set-theory,niet gevonden,
596,geblokkeerd,puzzel,Hoeveel mogelijke worpen zijn er met drie gewone dobbelstenen?,216,https://www.britannica.com/science/combinatorics,http://web.archive.org/web/20260814081725/https://www.britannica.com/science/combinatorics,niet gevonden,
598,geblokkeerd,puzzel,Hoeveel verschillende uitkomsten heeft het gooien met twee gewone dobbelstenen?,11,https://www.britannica.com/science/probability-theory,http://web.archive.org/web/20260906135935/https://www.britannica.com/science/probability-theory,niet gevonden,
602,geblokkeerd,—,Hoeveel biljoen bacteriën leven er naar schatting in en op het menselijk lichaam?,38,https://whc.unesco.org/en/list/1321/,http://web.archive.org/web/20260906063436/https://whc.unesco.org/en/list/1321/,niet gevonden,
604,geblokkeerd,—,Hoeveel duizend keer klopt een mensenhart per dag (bij rust)?,100,https://www.heart.org/en/healthy-living/fitness/fitness-basics/target-heart-rates,http://web.archive.org/web/20260512100438/https://www.heart.org/en/healthy-living/fitness/fitness-basics/target-heart-rates,getal gezien,"For most adults, a resting heart rate between 60 and 100 beats per minute is normal."
607,geblokkeerd,—,Hoeveel liter zuurstof ademt een mens gemiddeld per dag in?,550,https://whc.unesco.org/en/list/1187/,http://web.archive.org/web/20260830234257/https://whc.unesco.org/en/list/1187,niet gevonden,
612,geblokkeerd,—,Hoeveel vierkante centimeter is de totale oppervlakte van je huid?,18000,https://whc.unesco.org/en/list/1321/,http://web.archive.org/web/20260906063436/https://whc.unesco.org/en/list/1321/,niet gevonden,
613,geblokkeerd,—,In welk jaar werd de eerste bloedtransfusie met succes uitgevoerd?,1818,https://www.britannica.com/science/blood-transfusion,http://web.archive.org/web/20260722211300/https://www.britannica.com/science/blood-transfusion,niet gevonden,
619,geblokkeerd,—,Hoeveel boeken bevat de Hebreeuwse Bijbel volgens de joodse indeling?,24,https://www.britannica.com/topic/Hebrew-Bible,http://web.archive.org/web/20260329203243/https://www.britannica.com/topic/Hebrew-Bible,niet gevonden,
620,geblokkeerd,—,Hoeveel boeken bevat de katholieke Bijbel?,73,https://www.britannica.com/topic/biblical-canon,http://web.archive.org/web/20260730231334/https://www.britannica.com/topic/biblical-canon,niet gevonden,
624,geblokkeerd,—,Hoeveel hoofdstukken bevat Alice’s Adventures in Wonderland?,12,https://www.britannica.com/topic/Alices-Adventures-in-Wonderland,http://web.archive.org/web/20260801155625/https://www.britannica.com/topic/Alices-Adventures-in-Wonderland,niet gevonden,
625,geblokkeerd,—,Hoeveel snaren heeft een standaard akoestische gitaar?,6,https://www.poetryfoundation.org/education/glossary/haiku,http://web.archive.org/web/20250907032418/https://www.poetryfoundation.org/education/glossary/haiku,niet gevonden,
639,geblokkeerd,—,Hoeveel eitjes kan een koninginnenbij per dag leggen?,2000,https://whc.unesco.org/en/criteria/,http://web.archive.org/web/20260829085045/https://whc.unesco.org/en/criteria/,niet gevonden,
654,geblokkeerd,—,Hoeveel kilometer moet een bijenvolk gezamenlijk vliegen om één kilo honing te produceren?,90000,https://unesdoc.unesco.org/en/archives/about-unesco-history-and-mission,https://unesdoc.unesco.org/en/archives/about-unesco-history-and-mission,geen archiefkopie,
668,geblokkeerd,—,Hoeveel poten hebben volwassen kreeftachtigen van de orde Decapoda volgens de naam?,10,https://www.britannica.com/animal/decapod,http://web.archive.org/web/20260215041118/https://www.britannica.com/animal/decapod,bevestigd,The presence of five pairs of thoracic legs (pereiopods) is the basis for the name decapod (from the Greek meaning “10 legs”).
669,geblokkeerd,—,Hoeveel poten heeft een insect?,6,https://www.si.edu/spotlight/buginfo/insects,https://www.si.edu/spotlight/buginfo/insects,geen archiefkopie,
681,geblokkeerd,—,Hoeveel spieren zitten er in de slurf van een olifant?,40000,https://whc.unesco.org/en/list/1613/,https://whc.unesco.org/en/list/1613/,geen archiefkopie,
685,geblokkeerd,—,Hoeveel tentakels heeft een octopus?,8,https://ocean.si.edu/ocean-life/invertebrates/octopus,https://ocean.si.edu/ocean-life/invertebrates/octopus,geen archiefkopie,
692,geblokkeerd,—,Hoeveel bedrijven bevat de S&P 500-index?,500,https://www.spglobal.com/spdji/en/indices/equity/sp-500/,http://web.archive.org/web/20260905160242/https://www.spglobal.com/spdji/en/indices/equity/sp-500/,bevestigd,S&P 500&reg; | S&P; Dow Jones Indices
773,geblokkeerd,—,Hoeveel ingangen heeft het Colosseum?,80,https://www.britannica.com/topic/Colosseum,http://web.archive.org/web/20260901170446/https://www.britannica.com/topic/Colosseum,bevestigd,"The completed structure was dedicated in 80 ce by Titus , Vespasian’s son and successor."
776,geblokkeerd,—,Hoeveel jaar duurde de bouw van het Colosseum?,8,https://www.britannica.com/topic/Colosseum,http://web.archive.org/web/20260901170446/https://www.britannica.com/topic/Colosseum,getal gezien,Colosseum - Children's Encyclopedia (Ages 8-11)
783,geblokkeerd,—,Hoeveel kilometer staaldraad zit er in één hoofdkabel van de Golden Gate Bridge?,128000,https://whc.unesco.org/en/list/1187/,http://web.archive.org/web/20260830234257/https://whc.unesco.org/en/list/1187,niet gevonden,
785,geblokkeerd,—,Hoeveel meter diep ligt de fundering van de Burj Khalifa ongeveer?,50,https://www.burjkhalifa.ae/en/the-tower/facts-figures/,http://web.archive.org/web/20241113185425/https://www.burjkhalifa.ae/en/the-tower/facts-figures/,niet gevonden,
806,geblokkeerd,—,Hoeveel piramides staan er ongeveer in Gizeh?,3,https://www.britannica.com/place/Pyramids-of-Giza,https://www.britannica.com/place/Pyramids-of-Giza,geen archiefkopie,
816,geblokkeerd,—,Hoeveel tegels bedekken het dak van het Sydney Opera House?,1000000,https://whc.unesco.org/en/list/1613/,https://whc.unesco.org/en/list/1613/,geen archiefkopie,
852,geblokkeerd,—,Hoeveel kilometer lang is de Andes ongeveer?,7000,https://www.britannica.com/place/Andes-Mountains,http://web.archive.org/web/20260812220527/https://www.britannica.com/place/Andes-Mountains,niet gevonden,
858,geblokkeerd,—,Hoeveel kilometer lang is de Grote Muur van China ongeveer?,21196,https://whc.unesco.org/en/list/438/,http://web.archive.org/web/20260907022911/https://whc.unesco.org/en/list/438,niet gevonden,
869,geblokkeerd,—,Hoeveel kilometer lang is de kustlijn van de Middellandse Zee ongeveer?,46000,https://www.britannica.com/place/Mediterranean-Sea,http://web.archive.org/web/20260906162805/https://www.britannica.com/place/Mediterranean-Sea,niet gevonden,
870,geblokkeerd,—,Hoeveel kilometer lang is het Tanganyikameer ongeveer?,660,https://www.britannica.com/place/Lake-Tanganyika,http://web.archive.org/web/20260330211104/https://www.britannica.com/place/Lake-Tanganyika,bevestigd,"It is the longest freshwater lake in the world (410 miles [660 km]) and the second deepest (4,710 feet [1,436 meters]) after Lake Baikal in Russia ."
912,geblokkeerd,—,Hoeveel landen grenzen aan de Middellandse Zee?,22,https://www.britannica.com/place/Mediterranean-Sea,http://web.archive.org/web/20260906162805/https://www.britannica.com/place/Mediterranean-Sea,niet gevonden,
913,geblokkeerd,—,Hoeveel landen grenzen aan het Tanganyikameer?,4,https://www.britannica.com/place/Lake-Tanganyika,http://web.archive.org/web/20260330211104/https://www.britannica.com/place/Lake-Tanganyika,niet gevonden,
914,geblokkeerd,—,Hoeveel landen grenzen direct aan de Noordzee?,8,https://www.britannica.com/place/North-Sea,http://web.archive.org/web/20260831163048/https://www.britannica.com/place/North-Sea,bevestigd,Average January temperatures of North Sea surface waters range from 35 °F (2 °C) to the east of Denmark to 46 °F (8 °C) between the Shetland Islands and Norway.
915,geblokkeerd,—,Hoeveel landen grenzen direct aan de Zwarte Zee?,6,https://www.britannica.com/place/Black-Sea,http://web.archive.org/web/20260829044403/https://www.britannica.com/place/Black-Sea,getal gezien,"13, 2026, 6:45 AM ET (AP)"
916,geblokkeerd,—,Hoeveel landen hebben grondgebied in het Amazonebekken?,8,https://www.britannica.com/place/Amazon-River,http://web.archive.org/web/20260820120801/https://www.britannica.com/place/Amazon-River,getal gezien,Amazon River - Children's Encyclopedia (Ages 8-11)
926,geblokkeerd,—,Hoeveel landen worden tot het Arabisch Schiereiland gerekend?,7,https://www.britannica.com/place/Arabian-Peninsula,https://www.britannica.com/place/Arabian-Peninsula,geen archiefkopie,
960,geblokkeerd,—,Hoeveel procent van het Amazonebekken ligt ongeveer in Brazilië?,60,https://www.britannica.com/place/Amazon-River,http://web.archive.org/web/20260820120801/https://www.britannica.com/place/Amazon-River,niet gevonden,
977,geblokkeerd,—,Hoeveel vierkante kilometer is Groenland ongeveer groot?,2166000,https://www.britannica.com/place/Greenland,http://web.archive.org/web/20260720042311/https://www.britannica.com/place/Greenland,niet gevonden,
978,geblokkeerd,—,Hoeveel vierkante kilometer is de oppervlakte van het Baikalmeer ongeveer?,31700,https://www.britannica.com/place/Lake-Baikal,http://web.archive.org/web/20260808081128/https://www.britannica.com/place/Lake-Baikal,niet gevonden,
979,geblokkeerd,—,Hoeveel vierkante kilometer is het Victoriameer ongeveer?,69500,https://www.britannica.com/place/Lake-Victoria,https://www.britannica.com/place/Lake-Victoria,geen archiefkopie,
981,geblokkeerd,—,Wat is de hoogte van de Mont Blanc in de Alpen in meters?,4808,https://www.britannica.com/place/Mont-Blanc,https://www.britannica.com/place/Mont-Blanc,geen archiefkopie,
982,geblokkeerd,—,Wat is de lengte van de rivier de Nijl in kilometers?,6650,https://www.britannica.com/place/Nile-River,http://web.archive.org/web/20260803170518/https://www.britannica.com/place/Nile-River,getal gezien,"It has a length of about 4,132 miles (6,650 kilometres) and drains an area estimated at 1,293,000 square miles (3,349,000 square kilometres)."
985,geblokkeerd,—,Wat is het grootste binnenlandse waterlichaam ter wereld naar oppervlakte?,371000,https://www.britannica.com/place/Caspian-Sea,http://web.archive.org/web/20260831171259/https://www.britannica.com/place/Caspian-Sea,niet gevonden,
1009,geblokkeerd,—,Hoeveel mensen bezochten de Wereldtentoonstelling van 1889 in Parijs?,32000000,https://www.britannica.com/event/Paris-Exposition-of-1889,https://www.britannica.com/event/Paris-Exposition-of-1889,geen archiefkopie,
1010,geblokkeerd,—,Hoeveel mensen bezochten de Wereldtentoonstelling van 1893 in Chicago?,27500000,https://www.britannica.com/event/Worlds-Columbian-Exposition,http://web.archive.org/web/20260812160423/https://www.britannica.com/event/Worlds-Columbian-Exposition,niet gevonden,
1016,geblokkeerd,—,Hoeveel schepen had de Atheense vloot tijdens de Slag bij Salamis ongeveer?,370,https://www.britannica.com/event/Battle-of-Salamis,http://web.archive.org/web/20260903091834/https://www.britannica.com/event/Battle-of-Salamis,bevestigd,"By 480 the Persian king Xerxes and his army had overrun much of Greece , and his navy of about 800 galleys bottled up the smaller Greek fleet of about 370 triremes in the Saronic Gulf ."
1019,geblokkeerd,—,Hoeveel soldaten namen deel aan de landing in Normandië op D-Day?,156000,https://www.iwm.org.uk/history/d-day-the-unheard-tapes,https://www.iwm.org.uk/history/d-day-the-unheard-tapes,geen archiefkopie,
1020,geblokkeerd,—,Hoeveel soldaten telde het Britse leger bij de Slag bij Waterloo ongeveer?,68000,https://www.britannica.com/event/Battle-of-Waterloo,http://web.archive.org/web/20260812125235/https://www.britannica.com/event/Battle-of-Waterloo,bevestigd,"Fought near Waterloo village, Belgium, it pitted Napoleon’s 72,000 French troops against the duke of Wellington ’s army of 68,000 (British, Dutch, Belgian, and German soldiers) aided by 45,000 Prussians under Gebhard Leberecht von Blücher ."
1022,geblokkeerd,—,Hoeveel ton bommen werd tijdens de Blitz op Londen afgeworpen?,18000,https://www.iwm.org.uk/history/the-blitz,http://web.archive.org/web/20180106100336/http://www.iwm.org.uk:80/history/the-blitz,niet gevonden,
1025,geblokkeerd,—,Hoeveel vliegtuigen ondersteunden D-Day?,11000,https://www.iwm.org.uk/history/d-day-the-unheard-tapes,https://www.iwm.org.uk/history/d-day-the-unheard-tapes,geen archiefkopie,
1061,geblokkeerd,—,Hoeveel graden heeft een rechte hoek?,90,https://www.britannica.com/art/Western-architecture/Greek,https://www.britannica.com/art/Western-architecture/Greek,geen archiefkopie,
1087,geblokkeerd,—,Hoeveel KFC-restaurants zijn er wereldwijd ongeveer?,30000,https://investors.yum.com/financial-information/annual-reports,https://investors.yum.com/financial-information/annual-reports,onbereikbaar,The read operation timed out
1097,geblokkeerd,—,Hoeveel soorten worden volgens de gangbare schatting met uitsterven bedreigd?,1000000,https://www.iucnredlist.org/resources/summary-statistics,http://web.archive.org/web/20260826184620/https://www.iucnredlist.org/resources/summary-statistics,niet gevonden,
1100,geblokkeerd,—,Welk percentage van plastic afval wordt wereldwijd gestort?,46,https://www.oecd.org/environment/plastics/,https://www.oecd.org/environment/plastics/,geen archiefkopie,
1111,geblokkeerd,—,Hoeveel lijnen heeft een notenbalk?,5,https://www.britannica.com/art/staff-music,https://www.britannica.com/art/staff-music,geen archiefkopie,
1126,geblokkeerd,—,Hoeveel snaren heeft een standaard basgitaar?,4,https://www.fender.com/articles/tech-talk/bass-guitar-strings,https://www.fender.com/articles/tech-talk/bass-guitar-strings,geen archiefkopie,
1135,geblokkeerd,—,Hoeveel graden Celsius kan een bliksemschicht bereiken?,30000,https://whc.unesco.org/en/list/1314/,http://web.archive.org/web/20260804120753/https://whc.unesco.org/en/list/1314/,niet gevonden,
1317,geblokkeerd,—,"Hoeveel miljoen passagiers verwerkt Atlanta Airport (Hartsfield-Jackson, de drukste luchthaven ter wereld) per jaar?",104,https://www.atl.com/about-atl/statistics/,https://www.atl.com/about-atl/statistics/,geen archiefkopie,
1336,geblokkeerd,—,Hoeveel miljard LEGO-steentjes zijn er sinds 1958 wereldwijd in totaal geproduceerd?,600,https://whc.unesco.org/en/list/1631/,http://web.archive.org/web/20260830120558/https://whc.unesco.org/en/list/1631/,niet gevonden,
1391,geblokkeerd,—,Hoeveel periodes heeft een ijshockeywedstrijd?,3,https://www.iihf.com/en/static/5459/rules,https://www.iihf.com/en/static/5459/rules,geen archiefkopie,
1409,geblokkeerd,—,Hoeveel spelers staan er per team op het veld bij volleybal?,6,https://www.fivb.com/inside-fivb/document-centre/official-volleyball-rules,https://www.fivb.com/inside-fivb/document-centre/official-volleyball-rules,geen archiefkopie,
1446,geblokkeerd,—,Hoeveel basisjamo-tekens heeft het moderne Koreaanse Hangul-alfabet?,24,https://www.britannica.com/topic/Hangul,https://www.britannica.com/topic/Hangul,geen archiefkopie,
1449,geblokkeerd,—,Hoeveel naamvallen heeft het Duits?,4,https://www.britannica.com/topic/German-language,http://web.archive.org/web/20260827034706/https://www.britannica.com/topic/German-language,niet gevonden,
1450,geblokkeerd,—,Hoeveel naamvallen heeft het Latijn volgens de traditionele grammaticale indeling?,6,https://www.britannica.com/topic/Latin-language,http://web.archive.org/web/20260906213642/https://www.britannica.com/topic/Latin-language,bevestigd,"Imitation of Classical and post-Classical models continued even into the 6th century, and there seems to have been continuity of literary tradition for some time after the fall of the Western Roman Empire ."
1452,geblokkeerd,—,Hoeveel tonen heeft het Vietnamese taalsysteem volgens de meest gebruikte indeling?,6,https://www.britannica.com/topic/Vietnamese-language,http://web.archive.org/web/20260702112518/https://www.britannica.com/topic/Vietnamese-language,bevestigd,"June 6, 2026 • History"
1494,geblokkeerd,—,Hoeveel verkeerslichten zijn er ongeveer in New York City?,13500,https://www.nyc.gov/html/dot/html/infrastructure/traffic-signals.shtml,https://www.nyc.gov/html/dot/html/infrastructure/traffic-signals.shtml,geen archiefkopie,
1496,geblokkeerd,—,Hoeveel wielen heeft een standaard auto?,4,https://www.nhtsa.gov/vehicle-safety,http://web.archive.org/web/20260906181521/https://www.nhtsa.gov/vehicle-safety,niet gevonden,
1499,geblokkeerd,—,Hoeveel wielen heeft een tram meestal in een vierassige configuratie?,8,https://www.britannica.com/technology/streetcar,http://web.archive.org/web/20260802232040/https://www.britannica.com/technology/streetcar,niet gevonden,
1502,geblokkeerd,—,In welk jaar reed de eerste hogesnelheidstrein in commerciële dienst?,1964,https://www.jreast.co.jp/e/press/2003/20030501.pdf,https://www.jreast.co.jp/e/press/2003/20030501.pdf,geen archiefkopie,
2,niet gevonden,daily,Hoeveel duizend knipperbewegingen met je ogen maak je gemiddeld per dag?,15,https://www.aao.org/eye-health/tips-prevention/how-often-do-you-blink,https://www.aao.org/eye-health/tips-prevention/how-often-do-you-blink,niet gevonden,
8,niet gevonden,daily,Hoeveel kilogram weegt de tong van een blauwe vinvis ongeveer?,2700,https://ich.unesco.org/en/intangible-heritage-domains-00052,https://ich.unesco.org/en/intangible-heritage-domains-00052,niet gevonden,
16,niet gevonden,daily,Hoeveel Muzen (dochters van Zeus) telt de Griekse mythologie?,9,https://www.genome.gov/about-genomics/fact-sheets/Deoxyribonucleic-Acid-Fact-Sheet,https://www.genome.gov/about-genomics/fact-sheets/Deoxyribonucleic-Acid-Fact-Sheet,niet gevonden,
29,niet gevonden,daily,Wat is de lengte van het Panamakanaal van de Atlantische naar de Stille Oceaan in km?,82,https://pancanal.com/en/history-of-the-panama-canal/,https://pancanal.com/en/history-of-the-panama-canal/,niet gevonden,
35,niet gevonden,daily,Hoeveel procent van Antarctica is met ijs bedekt?,98,https://www.bas.ac.uk/about/about-antarctica/antarctica-facts/,https://www.bas.ac.uk/about/about-antarctica/antarctica-facts/,niet gevonden,
42,niet gevonden,daily,In welk jaar werd de eerste moderne volkstelling gehouden?,1665,https://www.ons.gov.uk/census/aboutcensus,https://www.ons.gov.uk/census/aboutcensus,niet gevonden,
45,niet gevonden,daily,Hoeveel ton goud wordt wereldwijd jaarlijks gewonnen?,3000,https://www.usgs.gov/centers/national-minerals-information-center/gold-statistics-and-information,https://www.usgs.gov/centers/national-minerals-information-center/gold-statistics-and-information,niet gevonden,
46,niet gevonden,daily,Welk percentage van het wereldwijde cement wordt geproduceerd in China?,55,https://www.usgs.gov/centers/national-minerals-information-center/cement-statistics-and-information,https://www.usgs.gov/centers/national-minerals-information-center/cement-statistics-and-information,niet gevonden,
47,niet gevonden,daily,Hoeveel filialen heeft Decathlon wereldwijd ongeveer?,1700,https://www.decathlon-united.media/,https://www.decathlon-united.media/,niet gevonden,
51,niet gevonden,daily,Welk percentage van het aardoppervlak bestaat uit land?,29,https://oceanservice.noaa.gov/facts/oceanwater.html,https://oceanservice.noaa.gov/facts/oceanwater.html,niet gevonden,
52,niet gevonden,daily,Welk percentage van het aardoppervlak bestaat uit oceanen en zeeën?,71,https://oceanservice.noaa.gov/facts/oceanwater.html,https://oceanservice.noaa.gov/facts/oceanwater.html,niet gevonden,
53,niet gevonden,daily,Welk percentage van het zoete water zit vast in ijs en gletsjers?,69,https://www.usgs.gov/special-topics/water-science-school/science/where-earths-water,https://www.usgs.gov/special-topics/water-science-school/science/where-earths-water,niet gevonden,
57,niet gevonden,daily,Hoeveel toetsen heeft een standaard MIDI-pianotoetsenbord met vijf octaven?,61,https://midi.org/midi-1-0,https://midi.org/midi-1-0,niet gevonden,
84,niet gevonden,daily,Wat is de geschatte leeftijd van de planeet Aarde in miljoenen jaren?,4540,https://pubs.usgs.gov/gip/geotime/age.html,https://pubs.usgs.gov/gip/geotime/age.html,niet gevonden,
103,niet gevonden,daily,Hoeveel diagonalen heeft een regelmatige twintighoek?,170,https://mathworld.wolfram.com/PolygonDiagonal.html,https://mathworld.wolfram.com/PolygonDiagonal.html,niet gevonden,
111,niet gevonden,puzzel,Hoeveel chromosomen bevat een menselijke eicel vóór de bevruchting?,23,https://www.genome.gov/genetics-glossary/Chromosome,https://www.genome.gov/genetics-glossary/Chromosome,niet gevonden,
113,niet gevonden,puzzel,Hoeveel chromosomenparen heeft een mens?,23,https://www.genome.gov/genetics-glossary/Chromosome,https://www.genome.gov/genetics-glossary/Chromosome,niet gevonden,
116,niet gevonden,puzzel,Hoeveel kamers heeft het menselijk hart?,4,https://www.nhlbi.nih.gov/health/heart,https://www.nhlbi.nih.gov/health/heart,niet gevonden,
138,niet gevonden,puzzel,Hoeveel komedies schreef Shakespeare volgens de traditionele genre-indeling?,14,https://www.folger.edu/explore/shakespeares-works/,https://www.folger.edu/explore/shakespeares-works/,niet gevonden,
148,niet gevonden,puzzel,Hoeveel armen heeft de gewone vijfarmige zeester?,5,https://oceanservice.noaa.gov/facts/seastars.html,https://oceanservice.noaa.gov/facts/seastars.html,niet gevonden,
169,niet gevonden,puzzel,Hoeveel EU-landen voerden de euro in bij de start van de euro in 1999?,21,https://www.ecb.europa.eu/euro/changeover/2002/html/index.en.html,https://www.ecb.europa.eu/euro/changeover/2002/html/index.en.html,niet gevonden,
170,niet gevonden,puzzel,Hoeveel bitcoins kunnen er maximaal worden gecreëerd?,21000000,https://bitcoin.org/bitcoin.pdf,https://bitcoin.org/bitcoin.pdf,niet gevonden,
182,niet gevonden,puzzel,Hoeveel basis-ingrediënten heeft een klassieke pizza Margherita?,3,https://www.pizzanapoletana.org/en/associazione_pizza_napoletana,https://www.pizzanapoletana.org/en/associazione_pizza_napoletana,niet gevonden,
215,niet gevonden,puzzel,Hoeveel werelden verbindt de wereldboom Yggdrasil in de Noorse mythologie?,9,https://www.canada.ca/en/intergovernmental-affairs/services/provinces-territories.html,https://www.canada.ca/en/intergovernmental-affairs/services/provinces-territories.html,niet gevonden,
222,niet gevonden,puzzel,Hoeveel jaar duurde de bouw van de Hagia Sophia?,5,https://muze.gen.tr/muze-detay/ayasofya,https://muze.gen.tr/muze-detay/ayasofya,niet gevonden,
226,niet gevonden,puzzel,Hoeveel klinknagels houden de metalen delen van de Eiffeltoren bij elkaar?,2500000,https://www.toureiffel.paris/en/the-monument/key-figures,https://www.toureiffel.paris/en/the-monument/key-figures,getal gezien,"2,500,000"
235,niet gevonden,puzzel,Hoeveel meter lang is de Akashi Kaikyōbrug in Japan?,3911,https://www.jb-honshi.co.jp/english/,https://www.jb-honshi.co.jp/english/,niet gevonden,
240,niet gevonden,puzzel,Hoeveel minaretten heeft de Taj Mahal?,4,https://asi.nic.in/taj-mahal/,https://asi.nic.in/taj-mahal/,niet gevonden,
246,niet gevonden,puzzel,Hoeveel traptreden beklim je naar de 86e verdieping van het Empire State Building?,1576,https://www.esbnyc.com/about/facts-figures,https://www.esbnyc.com/about/facts-figures,niet gevonden,
247,niet gevonden,puzzel,Hoeveel treden telt de wenteltrap in het Vrijheidsbeeld naar de kroon?,354,https://www.nps.gov/stli/learn/historyculture/statue-statistics.htm,https://www.nps.gov/stli/learn/historyculture/statue-statistics.htm,niet gevonden,
271,niet gevonden,puzzel,"Hoeveel kilometer lang is de langste grot ter wereld, Mammoth Cave, ongeveer?",685,https://www.nps.gov/maca/learn/nature/index.htm,https://www.nps.gov/maca/learn/nature/index.htm,niet gevonden,
276,niet gevonden,puzzel,Hoeveel landen grenzen aan Duitsland?,9,https://www.auswaertiges-amt.de/en/aussenpolitik/laenderinformationen,https://www.auswaertiges-amt.de/en/aussenpolitik/laenderinformationen,niet gevonden,
295,niet gevonden,puzzel,Hoeveel staten heeft Australië?,6,https://www.australia.gov.au/about-australia/our-country/states-and-territories,https://www.australia.gov.au/about-australia/our-country/states-and-territories,niet gevonden,
302,niet gevonden,puzzel,Hoeveel vierkante kilometer is het Arctische zee-ijs in de zomer ongeveer minimaal?,4000000,https://nsidc.org/arcticseaicenews/,https://nsidc.org/arcticseaicenews/,niet gevonden,
310,niet gevonden,puzzel,Hoeveel afgevaardigden ondertekenden de Amerikaanse Grondwet?,39,https://www.archives.gov/founding-docs/constitution,https://www.archives.gov/founding-docs/constitution,niet gevonden,
321,niet gevonden,puzzel,Hoeveel koloniën kwamen in 1776 in opstand tegen Groot-Brittannië?,13,https://www.archives.gov/founding-docs/declaration,https://www.archives.gov/founding-docs/declaration,niet gevonden,
349,niet gevonden,puzzel,Hoeveel dwergplaneten worden in de NASA-overview genoemd?,5,https://www.museivaticani.va/content/museivaticani/en/collezioni/musei/cappella-sistina.html,https://www.museivaticani.va/content/museivaticani/en/collezioni/musei/cappella-sistina.html,niet gevonden,
357,niet gevonden,puzzel,Hoeveel dagen duurt de zwangerschap van een koe?,283,https://www.merckvetmanual.com/management-and-nutrition/management-of-reproduction-cattle,https://www.merckvetmanual.com/management-and-nutrition/management-of-reproduction-cattle,niet gevonden,
358,niet gevonden,puzzel,Hoeveel dagen duurt de zwangerschap van een schaap?,152,https://www.merckvetmanual.com/management-and-nutrition/management-of-reproduction-sheep,https://www.merckvetmanual.com/management-and-nutrition/management-of-reproduction-sheep,niet gevonden,
361,niet gevonden,puzzel,Hoeveel procent van de wereldbevolking werkt direct of indirect in de landbouw?,26,https://www.fao.org/statistics/en/,https://www.fao.org/statistics/en/,niet gevonden,
362,niet gevonden,puzzel,Hoeveel ton bananen worden wereldwijd jaarlijks geproduceerd?,135000000,https://www.fao.org/faostat/en/#data/QCL,https://www.fao.org/faostat/en/#data/QCL,niet gevonden,
363,niet gevonden,puzzel,Hoeveel ton koper wordt wereldwijd jaarlijks geproduceerd?,22000000,https://www.usgs.gov/centers/national-minerals-information-center/copper-statistics-and-information,https://www.usgs.gov/centers/national-minerals-information-center/copper-statistics-and-information,niet gevonden,
364,niet gevonden,puzzel,Hoeveel ton maïs werd wereldwijd geproduceerd in 2023?,1200000000,https://www.fao.org/faostat/en/#data/QCL,https://www.fao.org/faostat/en/#data/QCL,niet gevonden,
365,niet gevonden,puzzel,Hoeveel ton suiker wordt wereldwijd jaarlijks geproduceerd?,180000000,https://www.fao.org/faostat/en/#data/QCL,https://www.fao.org/faostat/en/#data/QCL,niet gevonden,
366,niet gevonden,puzzel,Hoeveel werknemers werken wereldwijd in de landbouw?,1000000000,https://www.ilo.org/industries-and-sectors/agriculture-plantations-other-rural-sectors,https://www.ilo.org/industries-and-sectors/agriculture-plantations-other-rural-sectors,niet gevonden,
370,niet gevonden,puzzel,Hoeveel hectare bos gaat volgens FAO wereldwijd per jaar netto verloren?,4700000,https://www.fao.org/interactive/forest-resources-assessment/2020/en/,https://www.fao.org/interactive/forest-resources-assessment/2020/en/,niet gevonden,
371,niet gevonden,puzzel,Hoeveel liter water is volgens de gangbare berekening nodig om één kilogram rundvlees te produceren?,15000,https://www.waterfootprint.org/resources/interactive-tools/product-gallery/,https://www.waterfootprint.org/resources/interactive-tools/product-gallery/,niet gevonden,
372,niet gevonden,puzzel,Hoeveel miljoen ton plastic afval lekt jaarlijks in de oceaan volgens een gangbare schatting?,19,https://www.unep.org/interactives/beat-plastic-pollution/,https://www.unep.org/interactives/beat-plastic-pollution/,niet gevonden,
378,niet gevonden,puzzel,Hoeveel procent van het wereldwijde waterverbruik gaat naar landbouw?,70,https://www.fao.org/aquastat/en/overview/methodology/water-use,https://www.fao.org/aquastat/en/overview/methodology/water-use,niet gevonden,
399,niet gevonden,puzzel,Hoeveel toonstaven heeft een standaard marimba met vier octaven?,1,https://www.yamaha.com/en/musical_instrument_guide/marimba/structure/,https://www.yamaha.com/en/musical_instrument_guide/marimba/structure/,bevestigd,[Experiment1]Tone plate sanding depth and sound pitch experiment
402,niet gevonden,puzzel,Hoeveel keer klopt een menselijk hart gemiddeld op één dag (bij rust)?,100800,https://physics.nist.gov/cgi-bin/cuu/Value?c,https://physics.nist.gov/cgi-bin/cuu/Value?c,niet gevonden,
406,niet gevonden,puzzel,Hoeveel millimeter per jaar groeit de Mount Everest gemiddeld?,4,https://ich.unesco.org/en/intangible-heritage-domains-00052,https://ich.unesco.org/en/intangible-heritage-domains-00052,niet gevonden,
409,niet gevonden,puzzel,Wat is de snelheid van het licht in vacuüm in kilometer per seconde?,300000,https://physics.nist.gov/cgi-bin/cuu/Value?c,https://physics.nist.gov/cgi-bin/cuu/Value?c,niet gevonden,
418,niet gevonden,puzzel,Hoeveel provincies heeft Nederland?,12,https://www.government.nl/topics/provinces,https://www.government.nl/topics/provinces,niet gevonden,
427,niet gevonden,puzzel,Hoeveel landen hebben een permanente zetel in de VN-Veiligheidsraad?,5,https://www.un.org/securitycouncil/content/current-members,https://www.un.org/securitycouncil/content/current-members,niet gevonden,
433,niet gevonden,puzzel,Uit hoeveel leden bestaat de VN-Veiligheidsraad in totaal?,15,https://www.un.org/securitycouncil/content/current-members,https://www.un.org/securitycouncil/content/current-members,bevestigd,The Council is composed of 15 Members:
460,niet gevonden,puzzel,Hoeveel atomen bevat één molecuul water?,3,https://pubchem.ncbi.nlm.nih.gov/compound/Water,https://pubchem.ncbi.nlm.nih.gov/compound/Water,niet gevonden,
464,niet gevonden,puzzel,Hoeveel elementen bevat baking soda?,4,https://pubchem.ncbi.nlm.nih.gov/compound/Sodium-bicarbonate,https://pubchem.ncbi.nlm.nih.gov/compound/Sodium-bicarbonate,niet gevonden,
465,niet gevonden,puzzel,"Hoeveel elementen bevat keukenzout, natriumchloride?",2,https://pubchem.ncbi.nlm.nih.gov/compound/Sodium-chloride,https://pubchem.ncbi.nlm.nih.gov/compound/Sodium-chloride,niet gevonden,
467,niet gevonden,puzzel,Hoeveel graden Celsius is het smeltpunt van aluminium ongeveer?,660,https://www.rsc.org/periodic-table/element/13/aluminium,https://www.rsc.org/periodic-table/element/13/aluminium,getal gezien,"660.323&#176;C, 1220.581&#176;F, 933.473 K"
468,niet gevonden,puzzel,Hoeveel graden Celsius is het smeltpunt van tin ongeveer?,232,https://www.rsc.org/periodic-table/element/50/tin,https://www.rsc.org/periodic-table/element/50/tin,niet gevonden,
488,niet gevonden,puzzel,Hoeveel stippen staan er in totaal op een standaard set van 28 dominostenen?,168,https://www.fidomino.org/,https://www.fidomino.org/,niet gevonden,
496,niet gevonden,puzzel,Hoeveel meter is de afstand van de Olympische mannen-hordensprint?,110,https://worldathletics.org/about-iaaf/documents/book-of-rules,https://worldathletics.org/about-iaaf/documents/book-of-rules,niet gevonden,
500,niet gevonden,puzzel,Hoeveel punten levert een vrije worp op bij basketbal?,1,https://www.fiba.basketball/official-basketball-rules,https://www.fiba.basketball/official-basketball-rules,niet gevonden,
502,niet gevonden,puzzel,Hoeveel spelers staan er per team op het veld bij handbal?,7,https://www.ihf.info/regulations-documents,https://www.ihf.info/regulations-documents,niet gevonden,
504,niet gevonden,puzzel,Hoeveel spelers staan er tegelijk op het veld bij basketbal?,10,https://www.fiba.basketball/official-basketball-rules,https://www.fiba.basketball/official-basketball-rules,niet gevonden,
514,niet gevonden,puzzel,Hoeveel bekende manen heeft Saturnus volgens de gebruikte telling?,146,https://science.nasa.gov/saturn/moons/,https://science.nasa.gov/saturn/moons/,niet gevonden,
515,niet gevonden,puzzel,Hoeveel bekende manen heeft de planeet Jupiter officieel?,95,https://science.nasa.gov/jupiter/jupiter-moons/,https://science.nasa.gov/jupiter/jupiter-moons/,niet gevonden,
516,niet gevonden,puzzel,Hoeveel bekende manen heeft de planeet Saturnus officieel?,146,https://science.nasa.gov/saturn/moons/,https://science.nasa.gov/saturn/moons/,niet gevonden,
518,niet gevonden,puzzel,Hoeveel hoofdringen heeft Saturnus volgens de NASA-indeling?,7,https://science.nasa.gov/saturn/facts/,https://science.nasa.gov/saturn/facts/,bevestigd,article 7 days ago
519,niet gevonden,puzzel,Hoeveel ijsreuzen telt ons zonnestelsel?,2,https://science.nasa.gov/solar-system/planets/,https://science.nasa.gov/solar-system/planets/,bevestigd,2 min read
520,niet gevonden,puzzel,Hoeveel kilometer elektrische bekabeling zit er aan boord van het ISS?,13,https://www.christies.com/en/stories/leonardo-and-post-war-results-new-york-ad70dd5889e64989a76c94e4358c760d,https://www.christies.com/en/stories/leonardo-and-post-war-results-new-york-ad70dd5889e64989a76c94e4358c760d,niet gevonden,
521,niet gevonden,puzzel,Hoeveel kilometer is de gemiddelde afstand van Mars tot de zon?,228000000,https://science.nasa.gov/mars/facts/,https://science.nasa.gov/mars/facts/,niet gevonden,
522,niet gevonden,puzzel,Hoeveel kilometer is de gemiddelde afstand van Neptunus tot de zon?,4500000000,https://science.nasa.gov/neptune/facts/,https://science.nasa.gov/neptune/facts/,niet gevonden,
528,niet gevonden,puzzel,Hoeveel planeten staan dichter bij de zon dan de aarde?,2,https://science.nasa.gov/solar-system/planets/,https://science.nasa.gov/solar-system/planets/,bevestigd,2 min read
529,niet gevonden,puzzel,Hoeveel planeten werden bezocht door het Voyager-programma?,4,https://science.nasa.gov/mission/voyager/,https://science.nasa.gov/mission/voyager/,bevestigd,article 4 days ago
530,niet gevonden,puzzel,Hoeveel uren duurde de historische Apollo 11-missie naar de maan?,195,https://www.nasa.gov/mission/apollo-11/,https://www.nasa.gov/mission/apollo-11/,niet gevonden,
536,niet gevonden,puzzel,Wat is de gemiddelde afstand van de aarde tot de zon?,150000000,https://science.nasa.gov/sun/facts/,https://science.nasa.gov/sun/facts/,niet gevonden,
538,niet gevonden,puzzel,Hoeveel letters bevat de domeinnaam-extensie .com?,3,https://www.icann.org/resources/pages/tlds-2012-02-25-en,https://www.icann.org/resources/pages/tlds-2012-02-25-en,niet gevonden,
582,niet gevonden,puzzel,Hoeveel vleugels heeft een passagiersvliegtuig?,2,https://www.faa.gov/regulations_policies/handbooks_manuals/aviation/phak,https://www.faa.gov/regulations_policies/handbooks_manuals/aviation/phak,bevestigd,Subnav: Aircraft 2
585,niet gevonden,puzzel,Hoeveel wielen heeft een Formule 1-auto?,4,https://www.fia.com/regulation/category/110,https://www.fia.com/regulation/category/110,getal gezien,FIA F4 World Cup
600,niet gevonden,puzzel,Hoeveel zijden heeft een octagoon?,8,https://www.eia.gov/tools/faqs/faq.php?id=327&t=6,https://www.eia.gov/tools/faqs/faq.php?id=327&t=6,niet gevonden,
605,niet gevonden,—,Hoeveel liter bloed pompt een mensenhart gemiddeld per dag rond?,7500,https://mathworld.wolfram.com/PolygonDiagonal.html,https://mathworld.wolfram.com/PolygonDiagonal.html,niet gevonden,
628,niet gevonden,—,Hoeveel woorden telt À la recherche du temps perdu volgens Guinness World Records?,9609000,https://www.guinnessworldrecords.com/world-records/longest-novel,https://www.guinnessworldrecords.com/world-records/longest-novel,bevestigd,9609000 total number
629,niet gevonden,—,In welk jaar werd de eerste universiteit ter wereld gesticht volgens de traditionele telling?,859,https://www.guinnessworldrecords.com/world-records/oldest-university,https://www.guinnessworldrecords.com/world-records/oldest-university,getal gezien,"The oldest existing and continually operating educational institution in the world is the University of Karueein, founded in 859 AD in Fez, Morocco."
631,niet gevonden,—,Hoeveel kleuren heeft de vlag van Zuid-Afrika?,6,https://www.gov.za/about-sa/national-flag,https://www.gov.za/about-sa/national-flag,niet gevonden,
636,niet gevonden,—,Hoeveel dagen duurt de draagtijd van een olifant ongeveer?,660,https://animals.sandiegozoo.org/animals/elephant,https://animals.sandiegozoo.org/animals/elephant,niet gevonden,
682,niet gevonden,—,Hoeveel tanden heeft een volwassen huiskat?,30,https://vcahospitals.com/know-your-pet/dental-disease-in-cats,https://vcahospitals.com/know-your-pet/dental-disease-in-cats,niet gevonden,
696,niet gevonden,—,Hoeveel cent zit er in één euro?,100,https://www.ecb.europa.eu/euro/coins/html/index.en.html,https://www.ecb.europa.eu/euro/coins/html/index.en.html,niet gevonden,
701,niet gevonden,—,Hoeveel verschillende coupures heeft de eurobankbiljettenreeks?,7,https://www.ecb.europa.eu/euro/banknotes/current/denominations/html/index.en.html,https://www.ecb.europa.eu/euro/banknotes/current/denominations/html/index.en.html,niet gevonden,
702,niet gevonden,—,Hoeveel verschillende euromunten zijn er?,8,https://www.ecb.europa.eu/euro/coins/html/index.en.html,https://www.ecb.europa.eu/euro/coins/html/index.en.html,niet gevonden,
803,niet gevonden,—,Hoeveel meter lang is de langste overspanning van de Akashi Kaikyōbrug?,1991,https://www.jb-honshi.co.jp/english/,https://www.jb-honshi.co.jp/english/,niet gevonden,
817,niet gevonden,—,Hoeveel ton staal werd gebruikt voor de Eiffeltoren?,7300,https://www.toureiffel.paris/en/the-monument/key-figures,https://www.toureiffel.paris/en/the-monument/key-figures,getal gezien,"7,300 tons"
818,niet gevonden,—,Hoeveel ton weegt de Eiffeltoren in totaal?,10100,https://mathworld.wolfram.com/PolygonDiagonal.html,https://mathworld.wolfram.com/PolygonDiagonal.html,niet gevonden,
820,niet gevonden,—,Hoeveel traptreden telt de Eiffeltoren naar de top?,1665,https://www.toureiffel.paris/en/the-monument/key-figures,https://www.toureiffel.paris/en/the-monument/key-figures,niet gevonden,
833,niet gevonden,—,Door hoeveel landen stroomt de Donau?,10,https://www.icpdr.org/,https://www.icpdr.org/,niet gevonden,
845,niet gevonden,—,Hoeveel eilanden vormen Indonesië volgens de officiële telling?,17508,https://www.big.go.id/en,https://www.big.go.id/en,niet gevonden,
899,niet gevonden,—,Hoeveel landen grenzen aan Oostenrijk?,8,https://www.austria.info/en/service-and-facts/about-austria,https://www.austria.info/en/service-and-facts/about-austria,niet gevonden,
980,niet gevonden,—,Wat is de gemiddelde diepte van alle wereldzeeën en oceanen in meters?,3688,https://oceanservice.noaa.gov/facts/oceandepth.html,https://oceanservice.noaa.gov/facts/oceandepth.html,niet gevonden,
997,niet gevonden,—,Hoeveel jaar duurde de Amerikaanse Onafhankelijkheidsoorlog?,8,https://www.archives.gov/founding-docs/declaration,https://www.archives.gov/founding-docs/declaration,niet gevonden,
1006,niet gevonden,—,Hoeveel kilometer lang was de historische Zijderoute ongeveer?,7000,https://en.unesco.org/silkroad/about-silk-roads,https://en.unesco.org/silkroad/about-silk-roads,niet gevonden,
1023,niet gevonden,—,Hoeveel uren zitten er in een standaard kalenderjaar?,8760,https://www.berlin.de/mauer/en/history/berlin-wall-fall/,https://www.berlin.de/mauer/en/history/berlin-wall-fall/,niet gevonden,
1074,niet gevonden,—,Hoeveel dagen duurt de zwangerschap van een geit?,150,https://www.merckvetmanual.com/management-and-nutrition/management-of-reproduction-goats,https://www.merckvetmanual.com/management-and-nutrition/management-of-reproduction-goats,niet gevonden,
1075,niet gevonden,—,Hoeveel dagen duurt de zwangerschap van een varken?,114,https://www.merckvetmanual.com/management-and-nutrition/management-of-reproduction-pigs,https://www.merckvetmanual.com/management-and-nutrition/management-of-reproduction-pigs,niet gevonden,
1076,niet gevonden,—,Hoeveel kilogram staal zit er ongeveer in een gemiddelde auto?,900,https://www.steel.org/automotive,https://www.steel.org/automotive,niet gevonden,
1078,niet gevonden,—,Hoeveel ton aardappelen werd wereldwijd geproduceerd in 2023?,383000000,https://www.fao.org/faostat/en/#data/QCL,https://www.fao.org/faostat/en/#data/QCL,niet gevonden,
1079,niet gevonden,—,Hoeveel ton aluminium wordt wereldwijd jaarlijks geproduceerd?,70000000,https://www.usgs.gov/centers/national-minerals-information-center/aluminum-statistics-and-information,https://www.usgs.gov/centers/national-minerals-information-center/aluminum-statistics-and-information,niet gevonden,
1080,niet gevonden,—,Hoeveel ton cement wordt wereldwijd jaarlijks geproduceerd?,4000000000,https://www.usgs.gov/centers/national-minerals-information-center/cement-statistics-and-information,https://www.usgs.gov/centers/national-minerals-information-center/cement-statistics-and-information,niet gevonden,
1081,niet gevonden,—,Hoeveel ton plastic wordt wereldwijd jaarlijks geproduceerd?,400000000,https://www.unep.org/interactives/beat-plastic-pollution/,https://www.unep.org/interactives/beat-plastic-pollution/,niet gevonden,
1082,niet gevonden,—,Hoeveel ton rijst werd wereldwijd geproduceerd in 2023?,530000000,https://www.fao.org/faostat/en/#data/QCL,https://www.fao.org/faostat/en/#data/QCL,niet gevonden,
1083,niet gevonden,—,Hoeveel ton staal werd wereldwijd geproduceerd in 2023?,1900000000,https://worldsteel.org/steel-topics/statistics/annual-crude-steel-production/,https://worldsteel.org/steel-topics/statistics/annual-crude-steel-production/,niet gevonden,
1084,niet gevonden,—,Hoeveel ton tarwe werd wereldwijd geproduceerd in 2023?,785000000,https://www.fao.org/faostat/en/#data/QCL,https://www.fao.org/faostat/en/#data/QCL,niet gevonden,
1086,niet gevonden,—,Welk percentage van het wereldwijde staal wordt geproduceerd in China?,54,https://worldsteel.org/steel-topics/statistics/annual-crude-steel-production/,https://worldsteel.org/steel-topics/statistics/annual-crude-steel-production/,niet gevonden,
1090,niet gevonden,—,Hoeveel delen CO₂ per miljoen delen lucht meet NASA nu?,425,https://climate.nasa.gov/vital-signs/carbon-dioxide/,https://climate.nasa.gov/vital-signs/carbon-dioxide/,niet gevonden,
1091,niet gevonden,—,Hoeveel delen CO₂ per miljoen delen lucht zat er rond het pre-industriële referentiejaar in de atmosfeer?,280,https://climate.nasa.gov/vital-signs/carbon-dioxide/,https://climate.nasa.gov/vital-signs/carbon-dioxide/,niet gevonden,
1094,niet gevonden,—,Hoeveel procent van de landbouwgrond wordt gebruikt voor voedsel dat uiteindelijk niet wordt opgegeten?,30,https://www.fao.org/food-loss-reduction/en/,https://www.fao.org/food-loss-reduction/en/,niet gevonden,
1095,niet gevonden,—,Hoeveel procent van de oorspronkelijke bossen in de wereld is nog over?,36,https://www.fao.org/interactive/forest-resources-assessment/2020/en/,https://www.fao.org/interactive/forest-resources-assessment/2020/en/,getal gezien,36%
1098,niet gevonden,—,Hoeveel ton plastic afval produceert de mensheid jaarlijks volgens UNEP ongeveer?,400000000,https://www.unep.org/interactives/beat-plastic-pollution/,https://www.unep.org/interactives/beat-plastic-pollution/,niet gevonden,
1099,niet gevonden,—,Welk percentage van het mariene afval bestaat volgens UNEP minstens uit plastic?,85,https://www.unep.org/interactives/beat-plastic-pollution/,https://www.unep.org/interactives/beat-plastic-pollution/,niet gevonden,
1142,niet gevonden,—,Wat is de snelheid van het licht in vacuüm ongeveer?,300000,https://physics.nist.gov/cgi-bin/cuu/Value?c,https://physics.nist.gov/cgi-bin/cuu/Value?c,niet gevonden,
1318,niet gevonden,—,Hoeveel atomen bevat één molecuul methaan?,5,https://pubchem.ncbi.nlm.nih.gov/compound/Methane,https://pubchem.ncbi.nlm.nih.gov/compound/Methane,niet gevonden,
1319,niet gevonden,—,Hoeveel belangrijkste producten ontstaan bij de reactie tussen azijn en baking soda?,3,https://www.acs.org/education/whatischemistry/landmarks/acid-base.html,https://www.acs.org/education/whatischemistry/landmarks/acid-base.html,niet gevonden,
1325,niet gevonden,—,Hoeveel keer zuurder is een oplossing met pH 3 dan een oplossing met pH 5?,100,https://www.usgs.gov/special-topics/water-science-school/science/ph-and-water,https://www.usgs.gov/special-topics/water-science-school/science/ph-and-water,niet gevonden,
1326,niet gevonden,—,Hoeveel neutronen heeft koolstof-14?,8,https://physics.nist.gov/cgi-bin/Compositions/stand_alone.pl,https://physics.nist.gov/cgi-bin/Compositions/stand_alone.pl,bevestigd,0.9893(8)
1335,niet gevonden,—,Hoeveel kleuren heeft een standaard Rubiks kubus?,6,https://www.catan.com/understand-catan/game-rules,https://www.catan.com/understand-catan/game-rules,bevestigd,CATAN - The Helpers (6)
1337,niet gevonden,—,Hoeveel pionnen heeft iedere speler bij de start van schaken?,8,https://shop.hasbro.com/en-us/product/jenga-game/6D3B9C7E-5056-9047-F5D5-7B7B8C4A7B4B,https://shop.hasbro.com/en-us/product/jenga-game/6D3B9C7E-5056-9047-F5D5-7B7B8C4A7B4B,niet gevonden,
1390,niet gevonden,—,Hoeveel minuten officiële speeltijd heeft een rugbyunionwedstrijd?,80,https://www.world.rugby/the-game/laws/law/5,https://www.world.rugby/the-game/laws/law/5,niet gevonden,
1401,niet gevonden,—,Hoeveel speelminuten duurt een officiële voetbalwedstrijd zonder verlenging?,90,https://www.theifab.com/laws/latest/the-duration-of-the-match/,https://www.theifab.com/laws/latest/the-duration-of-the-match/,niet gevonden,
1406,niet gevonden,—,Hoeveel spelers staan er op het ijs bij ijshockey (beide teams inclusief keepers)?,12,https://www.usahockeyrulebook.com/,https://www.usahockeyrulebook.com/,niet gevonden,
1407,niet gevonden,—,Hoeveel spelers staan er per basketbalteam tegelijk op het veld?,5,https://www.fiba.basketball/official-basketball-rules,https://www.fiba.basketball/official-basketball-rules,niet gevonden,
1410,niet gevonden,—,Hoeveel spelers staan er tegelijk op het veld bij voetbal?,22,https://www.theifab.com/laws/latest/the-players/,https://www.theifab.com/laws/latest/the-players/,niet gevonden,
1415,niet gevonden,—,Hoeveel veldspelers (inclusief keeper) staan er in het water bij waterpolo per team?,7,https://www.worldaquatics.com/rules,https://www.worldaquatics.com/rules,niet gevonden,
1416,niet gevonden,—,Wat is de exacte afstand van een marathonwedstrijd in meters?,42195,https://worldathletics.org/about-iaaf/documents/book-of-rules,https://worldathletics.org/about-iaaf/documents/book-of-rules,niet gevonden,
1418,niet gevonden,—,Wat is een perfecte score bij tienpinsbowling?,300,https://bowl.com/rules,https://bowl.com/rules,niet gevonden,
1422,niet gevonden,—,Hoeveel astronauten kunnen tijdens een normale missie ongeveer tegelijk in het ISS verblijven?,7,https://www.nasa.gov/mission_pages/station/main/index.html,https://www.nasa.gov/mission_pages/station/main/index.html,bevestigd,article 7 days ago
1423,niet gevonden,—,Hoeveel bekende manen heeft Jupiter volgens de gebruikte telling?,95,https://science.nasa.gov/jupiter/jupiter-moons/,https://science.nasa.gov/jupiter/jupiter-moons/,niet gevonden,
1426,niet gevonden,—,Hoeveel kilometer is de diameter van Jupiter ongeveer?,139820,https://science.nasa.gov/jupiter/facts/,https://science.nasa.gov/jupiter/facts/,niet gevonden,
1428,niet gevonden,—,Hoeveel kilometer is de diameter van de zon ongeveer?,1392700,https://science.nasa.gov/sun/facts/,https://science.nasa.gov/sun/facts/,niet gevonden,
1429,niet gevonden,—,Hoeveel kilometer is de gemiddelde afstand van Jupiter tot de zon?,778000000,https://science.nasa.gov/jupiter/facts/,https://science.nasa.gov/jupiter/facts/,niet gevonden,
1437,niet gevonden,—,In welk jaar werd de eerste ruimtestationmodule gelanceerd?,1971,https://www.nasa.gov/mission/skylab/,https://www.nasa.gov/mission/skylab/,niet gevonden,
1439,niet gevonden,—,Wat is de baansnelheid van het ISS ongeveer?,27600,https://www.nasa.gov/mission_pages/station/main/index.html,https://www.nasa.gov/mission_pages/station/main/index.html,niet gevonden,
1440,niet gevonden,—,Wat is de baansnelheid van het ISS ruimtestation in kilometer per uur?,27600,https://www.nasa.gov/mission_pages/station/main/index.html,https://www.nasa.gov/mission_pages/station/main/index.html,niet gevonden,
1442,niet gevonden,—,Wat is de diameter van de Maan in kilometers?,3474,https://science.nasa.gov/moon/facts/,https://science.nasa.gov/moon/facts/,niet gevonden,
1475,niet gevonden,—,In welk jaar werd de eerste computer-muis ontworpen?,1964,https://www.computerhistory.org/revolution/input-output/14/350,https://www.computerhistory.org/revolution/input-output/14/350,niet gevonden,
1481,niet gevonden,—,Hoeveel duizend beeldpunten telt een Full HD-scherm?,2074,https://www.itu.int/rec/R-REC-BT.709,https://www.itu.int/rec/R-REC-BT.709,niet gevonden,
1497,niet gevonden,—,Hoeveel wielen heeft een standaard dubbeldekkerbus meestal?,6,https://tfl.gov.uk/modes/buses/,https://tfl.gov.uk/modes/buses/,getal gezien,RB6
1498,niet gevonden,—,Hoeveel wielen heeft een standaard stadsbus meestal?,6,https://tfl.gov.uk/modes/buses/,https://tfl.gov.uk/modes/buses/,getal gezien,RB6
1509,niet gevonden,—,Hoeveel positieve delers heeft het getal 720?,30,https://mathworld.wolfram.com/Divisor.html,https://mathworld.wolfram.com/Divisor.html,niet gevonden,
1510,niet gevonden,—,Hoeveel seconden zitten er in één minuut?,60,https://www.bipm.org/en/publications/si-brochure,https://www.bipm.org/en/publications/si-brochure,niet gevonden,
