Nr,Status,Vraag NL,Antwoord,Bron,Artikel,Bewijszin,Toelichting,Gevonden via
44,bevestigd,Hoeveel centimeter breed is de Mona Lisa?,53,https://nl.wikipedia.org/wiki/Mona_Lisa,Mona Lisa,| breedte = 53,"infobox-veld ""breedte"" bevat het antwoord",artikel: Mona Lisa
58,niet gevonden,Hoeveel witte toetsen heeft een concertpiano?,52,,,,,
59,niet gevonden,Hoeveel kilometer per uur is de geluidssnelheid op zeeniveau afgerond?,1234,,,,,
61,bevestigd,Hoe hoog is de Euromast in Rotterdam?,185,https://nl.wikipedia.org/wiki/Rotterdam,Rotterdam,"In 1970 werd de Euromast verhoogd door de toevoeging van een Space Tower, waarmee de totale hoogte op 185 meter kwam.",getal staat in een zin over het onderwerp,artikel: Rotterdam
62,niet gevonden,Hoeveel kilometer fietst een Nederlander gemiddeld per jaar?,1065,,,,,
66,niet gevonden,Hoe groot was het grootste permanente IMAX-scherm in vierkante meter?,815,,,,,
67,niet gevonden,Hoe lang duurde de langste voetbalwedstrijd ooit in minuten?,203,,,,,
68,niet gevonden,Hoe lang waren de langste mouwen aan een kledingstuk ooit in meters?,51,,,,,
69,niet gevonden,Hoe lang was de langste vrouw ooit in centimeters?,255,,,,,
70,niet gevonden,Hoe zwaar was de zwaarste hamburger ooit in kilogram?,1164,,,,,
71,niet gevonden,Hoe zwaar was de zwaarste pompoen ooit in kilogram?,1247,,,,,
72,niet gevonden,Hoeveel procent van het lichaam was bedekt met tatoeages bij de meest getatoeëerde man?,97,,,,,
74,niet gevonden,Hoeveel LEGO-steentjes worden er wereldwijd per seconde gemaakt?,1300,,,,,
75,niet gevonden,Hoeveel damstenen krijgt iedere speler bij de start van een standaard damspel?,20,,,,,
95,niet gevonden,Wat is de totale lengte van alle onderzeese internetkabels op aarde in duizend kilometer?,1400,,,,,
104,niet gevonden,Hoeveel is de som van de getallen 1 tot en met 100?,5050,,,,,
105,niet gevonden,Hoeveel manieren kun je 3 renners op een podium van 8 deelnemers indelen?,336,,,,,
147,niet gevonden,Hoeveel stappen per dag is de vaak geciteerde streefwaarde?,10000,,,,,
156,niet gevonden,Hoeveel kilometer diep kan de potvis duiken?,2000,,,,,
157,niet gevonden,Hoeveel kilometer legt de Noordse stern jaarlijks trekafstand af?,70000,,,,,
175,niet gevonden,Hoeveel landen zijn lid van de G20?,19,,,,,
186,bevestigd,Hoeveel gram weegt een standaard Mars reep?,51,https://nl.wikipedia.org/wiki/Mars_%28reep%29,Mars (reep),51 gram.,getal staat bij het gevraagde maatwoord,artikel: gram mars reep
187,niet gevonden,Hoeveel kcal heeft een middelgroot ei?,70,,,,,
188,niet gevonden,Hoeveel minuten kook je een ei voor een zacht gekookt ei?,6,,,,,
190,niet gevonden,Hoeveel shotjes espresso zitten er in een cappuccino?,1,,,,,
195,niet gevonden,Hoeveel afleveringen telt de Amerikaanse versie van The Office?,201,,,,,
196,bevestigd,Hoeveel afleveringen telt de originele Britse serie The Office (inclusief specials)?,14,https://nl.wikipedia.org/wiki/The_Office,The Office,| afleveringen = 14 ( Lijst van afleveringen van The Office|lijst van afleveringen ),"infobox-veld ""afleveringen"" bevat het antwoord",artikel: The Office
197,bevestigd,Hoeveel afleveringen telt de serie Friends in totaal?,236,https://en.wikipedia.org/wiki/Friends,Friends,| num_episodes = 236 (+ 1 special),"infobox-veld ""num_episodes"" bevat het antwoord",artikel: Friends
198,bevestigd,Hoeveel afleveringen telt de serie Game of Thrones?,73,https://nl.wikipedia.org/wiki/Game_of_Thrones,Game of Thrones,| afleveringen = 73 ( Lijst van afleveringen van Game of Thrones|lijst van afleveringen ),"infobox-veld ""afleveringen"" bevat het antwoord",artikel: Game of Thrones
200,niet gevonden,Hoeveel boeken bevat de originele The Hunger Games-trilogie?,3,,,,,
201,niet gevonden,Hoeveel delen telt de originele The Godfather-filmreeks?,3,,,,,
202,niet gevonden,Hoeveel films regisseerde Christopher Nolan vóór Oppenheimer?,11,,,,,
204,niet gevonden,Hoeveel films telt de originele The Matrix-trilogie?,3,,,,,
207,bevestigd,Hoeveel seizoenen telt The Simpsons?,35,https://en.wikipedia.org/wiki/The_Simpsons_season_35,The Simpsons season 35,"== References ==


== External links ==

Official website
The Simpsons season 35 at IMDb",getal staat in een zin over het onderwerp,zoekopdracht: The Simpsons 35
264,niet gevonden,Hoeveel inwoners heeft Monaco?,39000,,,,,
291,niet gevonden,Hoeveel officiële inwoners heeft Vaticaanstad?,800,,,,,
311,niet gevonden,Hoeveel chromosomen telt een gezonde menselijke cel?,46,,,,,
344,niet gevonden,Wat is de autorij-afstand van Amsterdam naar Parijs in km?,510,,,,,
346,bevestigd,Hoeveel centimeter hoog is de Mona Lisa?,77,https://nl.wikipedia.org/wiki/Mona_Lisa,Mona Lisa,| hoogte = 77,"infobox-veld ""hoogte"" bevat het antwoord",artikel: Mona Lisa
352,bevestigd,Hoeveel meter hoog is het Vrijheidsbeeld inclusief voetstuk?,93,https://nl.wikipedia.org/wiki/Vrijheidsbeeld_%28New_York%29,Vrijheidsbeeld (New York),"== Kenmerken ==
Het 46 meter hoge beeld (93 meter als de sokkel wordt meegerekend) met een gewicht van 225 ton was een geschenk van Frankrijk ter ere van het eeuwfeest van de Amerikaanse Onafhankelijkheidsverklaring en ook als teken van vriendschap.",getal staat bij het gevraagde maatwoord,artikel: Vrijheidsbeeld
353,niet gevonden,Hoeveel nationale talen heeft Zuid-Afrika volgens de grondwet?,11,,,,,
381,niet gevonden,Hoeveel centimeter lang is een standaard das bij het strikken?,145,,,,,
382,niet gevonden,Hoeveel gaten heeft een standaard schoenveter meestal in één schoen?,12,,,,,
383,niet gevonden,Hoeveel meter lang was de langste trouwjurkstaart volgens Guinness World Records?,8100,,,,,
384,niet gevonden,Hoeveel millimeter breed is een standaard herenhorlogeband?,22,,,,,
386,niet gevonden,Hoeveel Grammy-nominaties had Beyoncé volgens de Grammy’s vóór de uitreiking van 2025?,99,,,,,
396,bevestigd,Hoeveel studioalbums bracht Queen uit?,15,https://en.wikipedia.org/wiki/Queen_discography,Queen discography,"British rock band Queen have released 15 studio albums, 10 live albums, 16 compilation albums, 2 soundtrack albums, 2 extended plays, 73 singles, and 7 promotional singles.",getal staat in een zin over het onderwerp,zoekopdracht: Queen 15
400,niet gevonden,Hoeveel facetten (geslepen vlakjes) heeft een standaard ronde briljant geslepen diamant?,57,,,,,
401,niet gevonden,Hoeveel hertz is de toonhoogte van de standaard a in de muziek?,440,,,,,
404,niet gevonden,Hoeveel kilometer per uur waait wind bij windkracht 8 volgens de schaal van Beaufort?,75,,,,,
411,niet gevonden,Hoeveel kg afval produceert een Nederlander gemiddeld per jaar?,449,,,,,
419,niet gevonden,Hoeveel volt heeft een standaard stopcontact in Nederland?,230,,,,,
420,niet gevonden,Hoeveel wieken heeft een klassieke Nederlandse grondzeiler?,4,,,,,
434,niet gevonden,Hoe groot was de grootste pizza ooit in vierkante meter?,1297,,,,,
435,niet gevonden,Hoe hoog was de hoogste hond ooit in centimeters?,112,,,,,
436,niet gevonden,Hoe hoog was de hoogste zandsculptuur ooit in meters?,21,,,,,
437,niet gevonden,Hoe hoog was het hoogste paard ooit in centimeters?,219,,,,,
438,niet gevonden,Hoe klein was het kleinste paard ooit in centimeters?,36,,,,,
439,niet gevonden,Hoe lang duurde de langste plank ooit in minuten?,579,,,,,
440,niet gevonden,Hoe lang is de langste levende man in centimeters?,251,,,,,
441,niet gevonden,Hoe lang is de langste levende vrouw in centimeters?,215,,,,,
442,niet gevonden,Hoe lang waren de langste vingernagels aan één hand in meters?,9,,,,,
443,niet gevonden,Hoe lang was de langste hond ooit in centimeters?,250,,,,,
444,niet gevonden,Hoe lang was de langste hotdog ooit in meters?,203,,,,,
445,niet gevonden,Hoe lang was de langste kat ooit in centimeters?,123,,,,,
446,niet gevonden,Hoe lang was de langste snoepstaaf ooit in kilometer?,1,,,,,
447,bevestigd,Hoe oud werd de oudste hond volgens Guinness World Records in jaren?,29,https://nl.wikipedia.org/wiki/Lijst_van_oudste_mensen,Lijst van oudste mensen,Sinds 29 augustus 2017 wordt de leeftijdsclaim van Spoto door het Guinness Book of Records niet meer erkend.,getal staat in een zin over het onderwerp,zoekopdracht: Guinness World Records 29
448,niet gevonden,Hoe zwaar was de grootste kaas ooit gemaakt in kilogram?,26000,,,,,
449,niet gevonden,Hoe zwaar was de zwaarste hond ooit in kilogram?,156,,,,,
451,niet gevonden,Hoeveel kilometer was de langste zwemtocht ooit?,500,,,,,
452,niet gevonden,Hoeveel marathons liep de persoon met het record voor de meeste marathons?,1000,,,,,
453,niet gevonden,Hoeveel mensen namen deel aan de grootste massale yogales?,100000,,,,,
454,niet gevonden,Hoeveel piercings had de persoon met de meeste piercings ooit?,453,,,,,
455,niet gevonden,Hoeveel punten scoorde een team in de hoogste basketbalscore ooit?,186,,,,,
456,niet gevonden,Hoeveel uur duurde het langste videogame-marathonrecord?,135,,,,,
457,niet gevonden,Hoeveel voertuigen stonden er ongeveer in de langste file ooit?,12000,,,,,
480,niet gevonden,Hoeveel genummerde scorevakken heeft een dartbord?,20,,,,,
481,niet gevonden,"Hoeveel genummerde vakjes heeft een Europees roulettewiel, inclusief 0?",37,,,,,
482,niet gevonden,Hoeveel kaarten bevat een standaard UNO-deck?,112,,,,,
484,niet gevonden,Hoeveel pionnen bevat een klassieke Monopoly-set volgens de moderne standaarduitvoering?,8,,,,,
485,niet gevonden,Hoeveel pionnen gebruikt iedere speler bij Mens-erger-je-niet?,4,,,,,
487,niet gevonden,Hoeveel stippen (inclusief de 4 grote power pellets) moet Pac-Man opeten om een level uit te spelen?,244,,,,,
489,niet gevonden,"Hoeveel straten, stations en nutsbedrijven kun je kopen op een klassiek Monopoly-bord?",28,,,,,
491,niet gevonden,Hoeveel vakjes heeft een standaard Mens-erger-je-niet-bord per spelerskleur?,40,,,,,
493,niet gevonden,Hoeveel vakken bevat een standaard Monopoly-bord in totaal?,40,,,,,
506,niet gevonden,Hoeveel spelers telt een cricketteam op het veld?,11,,,,,
507,niet gevonden,Hoeveel spelers telt een waterpoloteam in het water?,7,,,,,
544,niet gevonden,Hoeveel letters telt het officiële Hawaiiaanse alfabet?,13,,,,,
546,niet gevonden,Hoeveel duizend zoekopdrachten verwerkt Google wereldwijd per seconde?,99,,,,,
550,niet gevonden,Hoeveel watt laadt een standaard iPhone snellader?,20,,,,,
595,niet gevonden,Hoeveel graden is elke binnenhoek van een regelmatige vijfhoek?,108,,,,,
599,niet gevonden,Hoeveel zijden heeft een icosaeder?,20,,,,,
601,niet gevonden,Hoeveel basissmaken worden in de moderne smaakleer onderscheiden?,5,,,,,
622,bevestigd,Hoeveel delen telt de Harry Potter serie in totaal?,7,https://en.wikipedia.org/wiki/Harry_Potter_and_the_Deathly_Hallows,Harry Potter and the Deathly Hallows,"Scholastic, the American publisher of the Harry Potter series, launched a multimillion-dollar ""There will soon be 7"" marketing campaign with a Knight Bus travelling to 40 libraries across the United States, online fan discussions and competitions, collectible bookmarks, tattoos, and the staged release of seven Deathly ",getal staat in een zin over het onderwerp,zoekopdracht: Harry Potter 7
627,bevestigd,Hoeveel toneelstukken schreef Shakespeare volgens de gangbare telling?,39,https://en.wikipedia.org/wiki/Shakespeare%27s_plays,Shakespeare's plays,Shakespeare's plays are a canon of approximately 39 dramatic works written by the English playwright and poet William Shakespeare.,getal staat in een zin over het onderwerp,artikel: many plays shakespeare
633,niet gevonden,Hoeveel bijenkorven produceert de gemiddelde Ethiopische bijenhouder per jaar?,0,,,,,
635,niet gevonden,Hoeveel centimeter hoog wordt een volwassen emoe?,170,,,,,
637,niet gevonden,Hoeveel dieren bevat de klassieke Big Five van Afrika?,5,,,,,
638,niet gevonden,Hoeveel eieren legt een kangoeroe per worp?,0,,,,,
643,niet gevonden,Hoeveel kilogram weegt een volwassen mannelijke rode reuzenkangoeroe maximaal?,90,,,,,
645,niet gevonden,Hoeveel kilogram weegt een volwassen mannetjesolifant in Afrika?,6000,,,,,
647,niet gevonden,Hoeveel kilogram weegt een volwassen mannelijke Bengaalse tijger?,220,,,,,
648,niet gevonden,Hoeveel kilogram weegt een volwassen nijlpaard?,1500,,,,,
649,niet gevonden,Hoeveel kilogram weegt een volwassen emoe?,45,,,,,
650,niet gevonden,Hoeveel kilogram weegt een volwassen giraffe?,1200,,,,,
651,niet gevonden,Hoeveel kilogram weegt een volwassen mannelijke jaguar?,100,,,,,
652,niet gevonden,Hoeveel kilogram weegt een volwassen witte neushoorn?,2000,,,,,
653,bevestigd,Hoeveel kilogram weegt een volwassen wombat?,30,https://en.wikipedia.org/wiki/Kilogram,Kilogram,The current definition of a kilogram agrees with this original definition to within 30 parts per million (0.003%).,getal staat bij het gevraagde maatwoord,artikel: many kilograms does
655,niet gevonden,Hoeveel kilometer per uur haalt een cheetah op zijn snelst?,110,,,,,
656,niet gevonden,Hoeveel kilometer per uur sprint een jaguar?,80,,,,,
657,niet gevonden,Hoeveel kilometer per uur sprint een leeuw?,80,,,,,
662,niet gevonden,Hoeveel meter lang kan een volwassen nijlkrokodil worden?,5,,,,,
663,niet gevonden,Hoeveel meter lang wordt een Afrikaanse olifant?,7,,,,,
664,niet gevonden,Hoeveel meter lang wordt een zoutwaterkrokodil maximaal?,6,,,,,
665,bevestigd,Hoeveel meter per uur kruipen tuinslakken maximaal?,50,https://en.wikipedia.org/wiki/Electricity_meter,Electricity meter,"At US$0.095/kWh, a standard residential 50 A meter causes a legally collectible charge of about US$5,000.00 per month.",getal staat bij het gevraagde maatwoord,artikel: many meters hour
671,niet gevonden,Hoeveel procent van de wilde leeuwen leeft in Sub-Sahara Afrika?,95,,,,,
672,niet gevonden,Hoeveel apensoorten telt het Amazonegebied ongeveer?,100,,,,,
675,niet gevonden,Hoeveel soorten telt de kangoeroefamilie (Macropodidae)?,65,,,,,
678,bevestigd,Hoeveel vogelsoorten telt Australië?,830,https://nl.wikipedia.org/wiki/Fauna_van_Australi%C3%AB,Fauna van Australië,"== Vogels ==
Australië herbergt ongeveer 830 vogelsoorten, van grote zoals de emoe tot kleinere zoals de
Satijnblauwe prieelvogel, waarvan het mannetje als onderdeel van het paringsritueel uiterst gecompliceerde priëlen bouwt.",getal staat in een zin over het onderwerp,zoekopdracht: Australië 830
680,niet gevonden,Hoeveel vogelsoorten telt het Amazonegebied?,1300,,,,,
684,niet gevonden,Hoeveel tanden wisselt een haai gedurende zijn leven ongeveer?,20000,,,,,
686,niet gevonden,Hoeveel uur per dag slaapt een koala?,20,,,,,
687,niet gevonden,Hoeveel uur per dag slaapt een leeuw gemiddeld?,20,,,,,
688,niet gevonden,Hoeveel van de 10 giftigste slangen ter wereld komen voor in Australië?,0,,,,,
690,niet gevonden,Hoeveel kilogram weegt een volwassen mannelijke Amerikaanse bizon?,900,,,,,
695,niet gevonden,Hoeveel biljoen dollar is de jaarlijkse wereldhandel in goederen ongeveer?,26,,,,,
699,niet gevonden,Hoeveel landen zijn lid van de G7?,7,,,,,
700,niet gevonden,Hoeveel munten telt een volledige set eurocent- en euromunten?,8,,,,,
706,niet gevonden,Hoeveel dagen rijpt Parmigiano Reggiano minimaal?,12,,,,,
710,bevestigd,Hoeveel miljoen zakken koffie produceert Brazilië per jaar?,60,https://nl.wikipedia.org/wiki/Koffie_%28drank%29,Koffie (drank),"== Koffie wereldwijd ==


=== Productie ===

In het oogstjaar 2022/23 werden 165 miljoen zakken van 60 kilogram aan koffiebonen geoogst.",getal staat in een zin over het onderwerp,artikel: miljoen zakken koffie
712,bevestigd,Hoeveel kilogram rundvlees eet een Argentijn per jaar?,50,https://en.wikipedia.org/wiki/Kilogram,Kilogram,"== Redefinition based on fundamental constants ==

The replacement of the International Prototype of the Kilogram (IPK) as the primary standard was motivated by evidence accumulated over a long period of time that the mass of the IPK and its replicas had been changing; the IPK had diverged from its replicas by approxim",getal staat bij het gevraagde maatwoord,artikel: many kilograms beef
713,niet gevonden,Hoeveel kruiden bevat de klassieke Chinese Five-Spice?,5,,,,,
714,niet gevonden,Hoeveel landen hebben de Italiaanse pizza Margherita als cultureel erfgoed erkend?,1,,,,,
715,bevestigd,Hoeveel Afrikaanse landen produceren koffie?,30,https://nl.wikipedia.org/wiki/Afrikaanse_Unie,Afrikaanse Unie,"Tijdens de 8e top van de Afrikaanse Unie die op 29 en 30 januari 2007 in Addis Abeba plaatsvond, besloten de staatshoofden en regeringsleiders een wedstrijd uit te schrijven voor de selectie van een nieuwe vlag voor de Unie.",getal staat in een zin over het onderwerp,zoekopdracht: Afrikaanse 30
718,niet gevonden,Hoeveel liter olijfolie gebruikt een Griek per jaar?,20,,,,,
720,niet gevonden,Hoeveel procent cacao heeft standaard pure chocolade?,70,,,,,
721,niet gevonden,Hoeveel procent van de wereldcacao komt uit West-Afrika?,70,,,,,
723,niet gevonden,Hoeveel soorten worst kent de Duitse keuken ongeveer?,300,,,,,
725,niet gevonden,Hoeveel kaassoorten produceert Frankrijk ongeveer?,300,,,,,
731,niet gevonden,Hoeveel Mad Max films zijn er in totaal gemaakt?,5,,,,,
737,niet gevonden,Hoeveel Oscars won de film Parasite?,4,,,,,
739,bevestigd,Hoeveel Star Wars films uit de Skywalker Saga verschenen er?,9,https://nl.wikipedia.org/wiki/Star_Tours_%E2%80%93_The_Adventures_Continue,Star Tours – The Adventures Continue,Uiteindelijk werd in Disneyland in Anaheim Star Tours geopend op 9 januari 1987.,getal staat in een zin over het onderwerp,artikel: many star wars
747,bevestigd,Hoeveel minuten duurt de film Avatar: The Way of Water?,192,https://en.wikipedia.org/wiki/Avatar%3A_The_Way_of_Water,Avatar: The Way of Water,"| runtime = 192 minutes Cite web |last1=McClintock |first1=Pamela |last2=Couch |first2=Aaron |date=October 29, 2022 |title='Avatar: The Way of Water' Runtime Sails Past Three Hours |url=https://www.hollywoodreporter.com/movies/movie-news/avatar-way-of-water-runtime-1235251391/ |url-status=live |archive-url=https://web.","infobox-veld ""runtime"" bevat het antwoord",artikel: The Way of Water
748,niet gevonden,Hoeveel woorden telt de complete Harry Potter boekenserie (Engels origineel)?,1084170,,,,,
750,niet gevonden,In welk jaar werd de eerste film publiek vertoond?,1895,,,,,
754,niet gevonden,Hoeveel boeken telt de Tenach in de joodse traditie?,24,,,,,
756,niet gevonden,Hoeveel dialogen van Plato zijn traditioneel bewaard gebleven?,36,,,,,
758,niet gevonden,Hoeveel edelwaarheden kent het boeddhisme?,4,,,,,
763,bevestigd,Hoeveel keer per dag bidden moslims volgens de vijf pilaren van de islam?,5,https://en.wikipedia.org/wiki/Nepalese_Muslims,Nepalese Muslims,"Islam is the third-largest religion in Nepal after Hinduism and Buddhism, with 5.09% of the country's population, around 1,483,066 (1.483 million) people, identifying as Muslims in the 2021 census.",getal staat in een zin over het onderwerp,artikel: many times muslims
764,niet gevonden,Hoeveel opdrachten (werken) moest Hercules voltooien volgens de Griekse mythologie?,12,,,,,
765,niet gevonden,Hoeveel paden telt het Achtvoudige Pad van het boeddhisme?,8,,,,,
766,niet gevonden,Hoeveel miljoen pelgrims bezoeken Mekka jaarlijks?,2,,,,,
767,niet gevonden,Hoeveel procent van de wereldbevolking is boeddhistisch?,7,,,,,
769,niet gevonden,Hoeveel zwaarden waren er volgens de legende van koning Arthur beschikbaar?,1,,,,,
770,niet gevonden,Hoeveel piramides telt Egypte ongeveer?,120,,,,,
772,niet gevonden,Hoeveel boogsegmenten telt het Colosseum per verdieping?,80,,,,,
779,bevestigd,Hoeveel kilometer lang is de Grote Muur van China volgens de officiële meting?,21196,https://nl.wikipedia.org/wiki/Chinese_Muur,Chinese Muur,"De gehele verdedigingslinie, inclusief verdedigingsgroeven van 359 kilometer en 2232 kilometer aan natuurlijke grenzen (rivieren, heuvels en bergen), heeft een lengte van 21 196 kilometer.",getal staat bij het gevraagde maatwoord,artikel: Grote Muur van China
780,bevestigd,Hoeveel kilometer lang is het metronet van Mexico-Stad?,226,https://en.wikipedia.org/wiki/Mexico_City_Metro,Mexico City Metro,| system_length = convert|200.9|km|mi|abbr=on revenue; convert|226.5|km|mi|abbr=on total cite web|url=http://www.metro.cdmx.gob.mx/operacion/longlineas.html|title=LONGITUDES DE LAS LINEAS|publisher=Metro de la Ciudad de México|language=es|trans-title=Operations figures|archive-url=https://web.archive.org/web/2016082113,"infobox-veld ""system_length"" bevat het antwoord",artikel: Metro of Mexico City
782,niet gevonden,Hoeveel kilometer van de Kanaaltunnel ligt onder zee?,38,,,,,
784,niet gevonden,Hoeveel kilometer lang was Route 66?,3945,,,,,
786,niet gevonden,"Hoeveel meter hoog is de Elizabeth Tower, de toren van Big Ben?",96,,,,,
787,niet gevonden,Hoeveel meter hoog is het Christus Verlosser-beeld zonder sokkel?,30,,,,,
789,niet gevonden,Hoeveel meter hoog is de Christus Redentor standbeeld (met sokkel)?,40,,,,,
790,bevestigd,Hoeveel meter hoog is de Christus de Verlosser inclusief sokkel?,38,https://nl.wikipedia.org/wiki/Christus_de_Verlosser_%28Rio_de_Janeiro%29,Christus de Verlosser (Rio de Janeiro),"Het beeld is 38 meter hoog en staat op de 710 meter hoge berg Corcovado, uitkijkend over de stad Rio de Janeiro.",getal staat bij het gevraagde maatwoord,artikel: meter hoog christus
791,bevestigd,Hoeveel meter hoog is de Eiffeltoren met antenne?,330,https://nl.wikipedia.org/wiki/Eiffeltoren,Eiffeltoren,"| hoogte = 1e etage: 57,63 m 2e etage: 115,73 m 3e etage: 276,13 m Top (incl. antenne): 330 m","infobox-veld ""hoogte"" bevat het antwoord",artikel: Eiffeltoren
792,niet gevonden,Hoeveel meter hoog is de Grote Piramide van Gizeh nu?,139,,,,,
797,bevestigd,Hoeveel meter hoog is de Taj Mahal?,73,https://en.wikipedia.org/wiki/Taj_Mahal,Taj Mahal,| height = cvt|73|m|ft,"infobox-veld ""height"" bevat het antwoord",artikel: Taj Mahal
798,bevestigd,Hoeveel meter hoog is de Tokyo Tower?,333,https://nl.wikipedia.org/wiki/Tokyo_Skytree,Tokyo Skytree,De oudere Tokiotoren was met haar 333 meter niet hoog genoeg om tussen de steeds hoger wordende gebouwen in met name Centraal Tokio voldoende dekking te verkrijgen.,getal staat bij het gevraagde maatwoord,artikel: meter hoog tokyo
799,bevestigd,Hoeveel meter hoog is de Cairo Tower?,187,https://nl.wikipedia.org/wiki/Cairo_Tower,Cairo Tower,De toren is 187 meter hoog.,getal staat bij het gevraagde maatwoord,artikel: Cairo Tower
801,niet gevonden,Hoeveel meter hoog is kasteel Neuschwanstein?,65,,,,,
807,niet gevonden,Hoeveel piramides telt het piramideveld van Gizeh (de drie grote)?,3,,,,,
808,niet gevonden,Hoeveel rivieren bruggen telt Sydney Harbour?,0,,,,,
811,niet gevonden,Hoeveel sluizen heeft het Panamakanaal?,12,,,,,
812,niet gevonden,Hoeveel stappen telt El Castillo van Chichen Itza in totaal inclusief de top?,365,,,,,
813,niet gevonden,Hoeveel stappen telt de Mayapyramide El Castillo per zijde?,91,,,,,
824,niet gevonden,Hoeveel verdiepingen heeft de Q1 Tower in Gold Coast (tallest in Australië)?,78,,,,,
825,niet gevonden,Hoeveel verdiepingen heeft de Tokyo Skytree uitkijkplatform?,2,,,,,
826,niet gevonden,Hoeveel verdiepingen heeft het Witte Huis?,4,,,,,
834,niet gevonden,Hoeveel Afrikaanse landen grenzen aan de Atlantische Oceaan?,23,,,,,
835,niet gevonden,Hoeveel Afrikaanse landen grenzen aan de Middellandse Zee?,6,,,,,
836,niet gevonden,Hoeveel Afrikaanse landen liggen aan de Rode Zee?,6,,,,,
837,bevestigd,Hoeveel Europese landen liggen er niet op het vasteland (exclusief eilanden) in de EU als eilandstaten?,2,https://nl.wikipedia.org/wiki/Europese_Unie,Europese Unie,Tevens is in het op 1 december 2009 inwerking getreden Verdrag van Lissabon vastgelegd dat de Europese Unie zal toetreden tot het Europees Verdrag voor de Rechten van de Mens (EVRM) (artikel 6 lid 2 van het Verdrag betreffende de Europese Unie).,getal staat in een zin over het onderwerp,zoekopdracht: Europese 2
838,niet gevonden,Hoeveel duizend inwoners heeft Luxemburg?,660,,,,,
841,niet gevonden,Hoeveel eilanden telt Papoea-Nieuw-Guinea ongeveer?,600,,,,,
846,niet gevonden,Hoeveel eilandstaten telt Afrika?,6,,,,,
848,niet gevonden,Hoeveel hoofdeilanden heeft Nieuw-Zeeland?,2,,,,,
853,niet gevonden,Hoeveel duizend kilometer lang is de Australische kustlijn?,36,,,,,
854,bevestigd,Hoeveel kilometer lang is de Donau?,2850,https://en.wikipedia.org/wiki/Danube,Danube,"| length_km = 2,850","infobox-veld ""length_km"" bevat het antwoord",artikel: Danube
859,niet gevonden,Hoeveel kilometer breed is de Kalahariwoestijn ongeveer?,900,,,,,
860,bevestigd,Hoeveel kilometer lang is de Kongo?,4700,https://nl.wikipedia.org/wiki/Kongo_%28rivier%29,Kongo (rivier),| lengte = 4 700,"infobox-veld ""lengte"" bevat het antwoord",artikel: kilometer lang kongo
863,bevestigd,Hoeveel kilometer lang is de Niger?,4200,https://en.wikipedia.org/wiki/Niger_River,Niger River,"| length_km = 4,200","infobox-veld ""length_km"" bevat het antwoord",artikel: Niger River
865,bevestigd,Hoeveel kilometer lang is de Rijn?,1230,https://en.wikipedia.org/wiki/Rhine,Rhine,| length_km = 1230,"infobox-veld ""length_km"" bevat het antwoord",artikel: Rhine
866,bevestigd,Hoeveel kilometer lang is de Zambezi?,2574,https://en.wikipedia.org/wiki/Zambezi,Zambezi,"| length = cvt|2,574|km|mi","infobox-veld ""length"" bevat het antwoord",artikel: Zambezi
871,niet gevonden,Door hoeveel landen loopt het Andesgebergte?,7,,,,,
875,niet gevonden,Hoeveel landen grenzen aan Argentinië?,5,,,,,
880,niet gevonden,Hoeveel landen grenzen aan Congo-Kinshasa?,9,,,,,
884,niet gevonden,Hoeveel landen grenzen aan Ethiopië?,6,,,,,
885,niet gevonden,Hoeveel landen grenzen aan Frankrijk (vasteland excl. overzeese gebieden)?,8,,,,,
887,niet gevonden,Hoeveel landen grenzen aan Guatemala?,4,,,,,
888,niet gevonden,Hoeveel landen grenzen aan Honduras?,3,,,,,
890,niet gevonden,Hoeveel landen grenzen aan Kameroen?,6,,,,,
891,niet gevonden,Hoeveel landen grenzen aan Kenia?,5,,,,,
894,niet gevonden,Hoeveel landen grenzen aan Mozambique?,6,,,,,
898,niet gevonden,Hoeveel landen grenzen aan Oeganda?,5,,,,,
906,niet gevonden,Hoeveel landen grenzen aan Spanje (vasteland)?,5,,,,,
907,niet gevonden,Hoeveel landen grenzen aan Tanzania?,8,,,,,
911,niet gevonden,Hoeveel landen grenzen aan Zuid-Afrika?,6,,,,,
919,niet gevonden,Hoeveel landen liggen er aan de Middellandse Zee (Noord-Afrika + Europa + Azië)?,22,,,,,
920,niet gevonden,Hoeveel landen telt Europa?,50,,,,,
921,niet gevonden,Hoeveel landen liggen er in Melanesië?,4,,,,,
923,niet gevonden,Hoeveel landen telt Azië?,49,,,,,
924,niet gevonden,Hoeveel landen telt Midden-Amerika?,7,,,,,
925,niet gevonden,Hoeveel landen telt de Sahel-regio?,10,,,,,
929,bevestigd,Hoeveel meter breed zijn de Victoriawatervallen?,1708,https://nl.wikipedia.org/wiki/Victoriawatervallen,Victoriawatervallen,Zij vormen een watergordijn van 1708 meter breed en 100 meter hoog en hebben een maximale valhoogte van 128 meter.,getal staat bij het gevraagde maatwoord,artikel: Victoriawatervallen
931,niet gevonden,Hoeveel meter hoog is de K2?,8611,,,,,
933,bevestigd,Hoeveel meter hoog is Mount Everest?,8849,https://nl.wikipedia.org/wiki/Mount_Everest,Mount Everest,| hoogte = 8849,"infobox-veld ""hoogte"" bevat het antwoord",artikel: Mount Everest
936,bevestigd,Hoeveel meter hoog is Uluru?,348,https://nl.wikipedia.org/wiki/Uluru,Uluru,| hoogte = 863 (boven zeeniveau) / 348,"infobox-veld ""hoogte"" bevat het antwoord",artikel: Uluru
939,bevestigd,Hoeveel meter hoog is de Kilimanjaro?,5895,https://nl.wikipedia.org/wiki/Kilimanjaro_%28berg%29,Kilimanjaro (berg),| hoogte = 5895,"infobox-veld ""hoogte"" bevat het antwoord",artikel: Kilimanjaro
943,niet gevonden,Hoeveel meter hoog zijn de Victoriawatervallen?,108,,,,,
945,bevestigd,Hoeveel miljoen inwoners heeft Argentinië?,46,https://en.wikipedia.org/wiki/Argentina,Argentina,"| population_census = IncreaseNeutral 46,044,703 cite news |access-date=31 January 2023 |periodical= Página/12 |quote=La población argentina tiene actualmente 46.044.703 habitantes, es decir, 5.927.607 de personas más que las relevadas en el último censo, en 2010. En mayo de 2022, pocos días después del relevamiento, e","infobox-veld ""population_census"" bevat het antwoord",artikel: Argentina
949,niet gevonden,Hoeveel miljoen inwoners heeft Colombia?,52,,,,,
950,niet gevonden,Hoeveel miljoen inwoners heeft Mexico?,130,,,,,
951,niet gevonden,Hoeveel miljoen inwoners heeft Nieuw-Zeeland?,5,,,,,
954,niet gevonden,Hoeveel nationale parken telt de Verenigde Staten?,63,,,,,
956,bevestigd,Hoeveel talen erkent India als officiële taal?,22,https://en.wikipedia.org/wiki/Official_language,Official language,Second to Bolivia is India with 22 official languages.,getal staat in een zin over het onderwerp,artikel: many official languages
959,niet gevonden,Hoeveel procent van Australië is woestijn of droog gebied?,70,,,,,
963,niet gevonden,Hoeveel regio's telt Nieuw-Zeeland?,16,,,,,
964,niet gevonden,Hoeveel staatjes telt Micronesië als federatie?,4,,,,,
966,niet gevonden,Hoeveel sterren staan er op de Amerikaanse vlag?,50,,,,,
968,niet gevonden,Hoeveel territoria heeft Australië naast de staten?,2,,,,,
969,niet gevonden,Hoeveel tijdzones heeft Australië?,3,,,,,
970,niet gevonden,Hoeveel tijdzones heeft Nieuw-Zeeland?,2,,,,,
972,niet gevonden,Hoeveel tijdzones telt het vasteland van de VS?,4,,,,,
988,bevestigd,Hoeveel Wonderen van de Oude Wereld lagen in Azië of Noord-Afrika samen?,4,https://nl.wikipedia.org/wiki/Zeven_wereldwonderen_van_de_antieke_wereld,Zeven wereldwonderen van de antieke wereld,"== Achtergrond ==
De Griekse verovering van een groot deel van de toentertijd bekende wereld in de 4e eeuw v.Chr.",getal staat in een zin over het onderwerp,zoekopdracht: Wonderen van de Oude Wereld 4
998,niet gevonden,Hoeveel jaar duurde de Biafra-oorlog?,3,,,,,
1007,niet gevonden,Hoeveel landen ondertekenden het Verdrag van Rome in 1957?,6,,,,,
1008,niet gevonden,Hoeveel landen waren er bij de oprichting van de NAVO in 1949?,12,,,,,
1024,niet gevonden,Hoeveel vel papier zitten er in een standaard riem printpapier?,500,,,,,
1027,bevestigd,In welk jaar begon de Koreaanse oorlog?,1950,https://nl.wikipedia.org/wiki/Koreaanse_Oorlog,Koreaanse Oorlog,De Koreaanse Oorlog of Koreaoorlog is een in het Westen gebruikte naam voor een tussen 1950 en 1953 uitgevochten oorlog tussen het communistische Noord-Korea en het prowesterse Zuid-Korea.,getal staat in een zin over het onderwerp,artikel: Koreaanse
1039,bevestigd,In welk jaar werd Bolivia onafhankelijk van Spanje?,1825,https://nl.wikipedia.org/wiki/Bolivia,Bolivia,"Na het uitroepen van de onafhankelijkheid in 1809 volgde 16 jaar van oorlog alvorens de republiek, genoemd naar Simón Bolívar, op 6 augustus 1825 werd opgericht.",getal staat bij het gevraagde maatwoord,artikel: Bolivia
1041,bevestigd,In welk jaar werd Chili onafhankelijk van Spanje?,1818,https://en.wikipedia.org/wiki/Chile,Chile,| established_date2 = 12 February 1818,"infobox-veld ""established_date2"" bevat het antwoord",artikel: Chile
1047,bevestigd,In welk jaar werd Mexico onafhankelijk van Spanje?,1821,https://en.wikipedia.org/wiki/Mexico,Mexico,| established_date2 = 27 September 1821,"infobox-veld ""established_date2"" bevat het antwoord",artikel: Mexico
1048,bevestigd,In welk jaar werd Nelson Mandela vrijgelaten uit de gevangenis?,1990,https://en.wikipedia.org/wiki/Nelson_Mandela,Nelson Mandela,"Although some were deeply opposed to his plans, de Klerk met with Mandela in December to discuss the situation, a meeting both men considered friendly, before legalising all formerly banned political parties in February 1990 and announcing Mandela's unconditional release.",getal staat in een zin over het onderwerp,artikel: Nelson Mandela
1060,niet gevonden,Hoeveel bezoekers ontving het Louvre in 2023?,8900000,,,,,
1062,niet gevonden,Hoeveel kilogram weegt de Moai-beelden op Paaseiland gemiddeld?,12500,,,,,
1064,niet gevonden,Hoeveel officiële UNESCO-werelderfgoedlocaties heeft China volgens de UNESCO-werelderfgoedlijst?,59,,,,,
1065,niet gevonden,Hoeveel officiële UNESCO-werelderfgoedlocaties heeft Duitsland volgens de UNESCO-werelderfgoedlijst?,54,,,,,
1067,niet gevonden,Hoeveel panelen telt het Lam Gods van Van Eyck?,12,,,,,
1068,bevestigd,Hoeveel schilderijen worden aan Vincent van Gogh toegeschreven volgens de telling van het Van Gogh Museum?,900,https://nl.wikipedia.org/wiki/Vincent_van_Gogh_Vijfje,Vincent van Gogh Vijfje,"== De Vincent van Gogh-verzamelmunten ==


=== 5 euromunt ===
Metaal: zilver 925/1000
Gewicht: 11,9 gram
Diameter: 29 millimeter
Kwaliteit: Proof
Nominale waarde: € 5,-
Ontwerp: Karel Martens
Randschrift: God zij met ons


=== 10 euromunt ===
Metaal: goud 900/1000
Gewicht: 6,72 gram
Diameter: 22,5 millimeter
Kwaliteit:",getal staat in een zin over het onderwerp,zoekopdracht: Vincent van Gogh 900
1102,niet gevonden,Hoeveel knopen heeft een standaard overhemd meestal aan de voorkant?,7,,,,,
1105,niet gevonden,Hoeveel Grammy's won AC/DC?,1,,,,,
1107,niet gevonden,Hoeveel albums bracht AC/DC uit tot 2024 (studioalbums)?,17,,,,,
1109,niet gevonden,Hoeveel dansstijlen worden er klassiek onderscheiden in de Cubaanse rumba-familie (drie hoofdstijlen)?,3,,,,,
1112,niet gevonden,Hoeveel muzikanten telt een klassieke mariachiband?,10,,,,,
1116,niet gevonden,Hoeveel snaarinstrumenten bevat de klassieke Japanse koto-ensemble van hoort?,13,,,,,
1117,niet gevonden,Hoeveel snaren heeft de Ethiopische krar?,6,,,,,
1118,niet gevonden,Hoeveel snaren heeft een Indiase sitar?,20,,,,,
1119,niet gevonden,Hoeveel snaren heeft de West-Afrikaanse djembé als trommel?,0,,,,,
1121,niet gevonden,Hoeveel snaren heeft de klassieke Afrikaanse kora traditioneel?,21,,,,,
1123,niet gevonden,Hoeveel snaren heeft de klassieke Colombiaanse tiple?,12,,,,,
1124,niet gevonden,Hoeveel snaren heeft de klassieke Mexicaanse mariachi-gitarron (bajo sexto)?,12,,,,,
1125,niet gevonden,Hoeveel snaren heeft een klassieke Japanse koto?,13,,,,,
1128,niet gevonden,Hoeveel streams had Die With a Smile volgens Spotify’s 2025-lijst?,3442143544,,,,,
1129,niet gevonden,Hoeveel studioalbums bracht Kylie Minogue uit?,16,,,,,
1131,niet gevonden,Hoeveel studioalbums bracht The Beatles uit in het Verenigd Koninkrijk?,12,,,,,
1133,bevestigd,Hoeveel symfonieën schreef Mozart?,41,https://en.wikipedia.org/wiki/List_of_symphonies_by_Wolfgang_Amadeus_Mozart,List of symphonies by Wolfgang Amadeus Mozart,"== List of symphonies ==
  : Outside of original 41


== Adapted from serenades ==


== Doubtful authenticity ==


== Spurious authenticity ==


== See also ==
Mozart symphonies of spurious or doubtful authenticity
List of compositions by Wolfgang Amadeus Mozart


== Notes ==",getal staat in een zin over het onderwerp,artikel: many symphonies mozart
1134,niet gevonden,Hoeveel decibel veroorzaakt een gemiddeld gesprek op normale toon?,60,,,,,
1138,niet gevonden,Hoeveel meter diep is de Challengerdiepte in de Marianentrog?,10935,,,,,
1140,niet gevonden,Hoeveel meter per seconde meet een wind van windkracht 5?,10,,,,,
1144,niet gevonden,Hoeveel Hollandse waterlijnen kent de oude Nederlandsche Waterlinie?,3,,,,,
1146,niet gevonden,Hoeveel NL-postcodes cijfers heeft een Nederlandse postcode standaard (vier cijfers plus twee letters)?,4,,,,,
1147,niet gevonden,Hoeveel Nederlandse Nobelprijswinnaars zijn er?,21,,,,,
1148,niet gevonden,Hoeveel Nederlandse astronauten zijn er naar de ruimte gevlogen?,3,,,,,
1154,niet gevonden,Hoeveel duizend bladzijden telt het Woordenboek der Nederlandsche Taal?,45,,,,,
1155,niet gevonden,Hoeveel bruggen telt het klassieke orkestnummer Bruggetje van Sainte Anneï in de titel niet?,0,,,,,
1156,niet gevonden,Hoeveel dagen duurt de Alvleeskliervlaamse Wielerweek Vredeskoers niet?,0,,,,,
1157,niet gevonden,Hoeveel dagen duurt de Nederlands Dans Theater-productie Stop-Motion doorgaans per seizoensblok?,3,,,,,
1162,niet gevonden,Hoeveel duizend inwoners heeft Rotterdam?,670,,,,,
1163,bevestigd,Hoeveel eenheden telt de Nederlandse duizendguldenbiljet-collectie uit 1970?,1,https://nl.wikipedia.org/wiki/Nederlandse_1_gulden,Nederlandse 1 gulden,Het 1 guldenstuk of gulden is een Nederlandse munt die vanaf het einde van de 13e eeuw tot 28 januari 2002 heeft gecirculeerd.,getal staat in een zin over het onderwerp,zoekopdracht: Nederlandse 1
1167,niet gevonden,Hoeveel graden Celsius is de gemiddelde zomertemperatuur in Nederland?,18,,,,,
1170,niet gevonden,Hoeveel gram boter gaat in de klassieke Nederlandse boterkoek per 10 porties?,250,,,,,
1171,niet gevonden,Hoeveel gram suiker bevat een standaard reep chocolade van Droste van 100 gram ongeveer?,55,,,,,
1172,niet gevonden,Hoeveel gram weegt een stroopwafel van het merk Daelmans standaard?,32,,,,,
1173,niet gevonden,Hoeveel duizend inwoners heeft Amsterdam?,933,,,,,
1175,niet gevonden,Hoeveel kapstokkaarten telt een standaard Nederlandse Mens-erger-je-niet?,4,,,,,
1177,niet gevonden,Hoeveel keer per jaar publiceert het CBS de driejaarlijkse woondenquête?,1,,,,,
1179,niet gevonden,Hoeveel keer won Oranje de FIFA World Cup bij de mannen?,0,,,,,
1180,niet gevonden,Hoeveel duizend kilometer fietspad telt Nederland?,35,,,,,
1184,bevestigd,Hoeveel kilometer lang is de HSL-Zuid hogesnelheidslijn?,125,https://en.wikipedia.org/wiki/HSL-Zuid,HSL-Zuid,| linelength = cvt|125|km,"infobox-veld ""linelength"" bevat het antwoord",artikel: HSL-Zuid
1185,niet gevonden,Hoeveel kilometer van de Maas ligt in Nederland?,250,,,,,
1186,niet gevonden,Hoeveel kilometer lang is het metronet van Rotterdam?,78,,,,,
1188,niet gevonden,Hoeveel kilometer lang is de Noord-Zuidlijn Amsterdam?,9,,,,,
1189,niet gevonden,Hoeveel kilometer lang is de Van Brienenoordbrug hoofdspansegment?,300,,,,,
1194,niet gevonden,Hoeveel kinderen heeft koning Willem-Alexander?,3,,,,,
1195,bevestigd,Hoeveel klokken hangen er in het carillon van de Utrechtse Domtoren?,50,https://en.wikipedia.org/wiki/Carillon,Carillon,"A ""concert"" or ""standard"" carillon typically has 45 to 50 bells, or a range of about four octaves.",getal staat in een zin over het onderwerp,artikel: many bells carillon
1197,niet gevonden,Hoeveel vierkante kilometer groot is de provincie Utrecht?,1449,,,,,
1198,niet gevonden,"Hoeveel koppen bevat de Nederlandse driehoek bestuursniveaus (rijk, provincie, gemeente)?",3,,,,,
1203,niet gevonden,Hoeveel landen kocht de VOC formeel aan als koloniale gebieden?,0,,,,,
1208,niet gevonden,Hoeveel liter melk drinkt een Nederlander per jaar?,50,,,,,
1209,niet gevonden,Hoeveel liter melk geeft een gemiddelde Nederlandse koe per jaar?,9200,,,,,
1212,bevestigd,Hoeveel meter diep is het Zeelandbrug het hoogste punt voor schepen?,16,https://nl.wikipedia.org/wiki/Zeelandbrug,Zeelandbrug,| hoogte = 16,"infobox-veld ""hoogte"" bevat het antwoord",artikel: Zeelandbrug
1214,bevestigd,Hoeveel meter hoog is de Euromast vanaf de grond tot de top van de Space Tower?,185,https://nl.wikipedia.org/wiki/Euromast,Euromast,| hoogte = 107 m (tot 1970) 185 m (1970-heden),"infobox-veld ""hoogte"" bevat het antwoord",artikel: Euromast van
1217,niet gevonden,Hoeveel meter lang is het cruiseschip Rotterdam?,300,,,,,
1219,niet gevonden,Hoeveel miljard euro bedraagt het Nederlandse defensiebudget?,21,,,,,
1223,niet gevonden,Hoeveel molens staan er op de Zaanse Schans?,8,,,,,
1228,niet gevonden,Hoeveel procent van de Nederlanders woont in een rijtjeshuis?,30,,,,,
1229,niet gevonden,Hoeveel procent van de Nederlanders fietst dagelijks?,60,,,,,
1230,niet gevonden,Hoeveel procent van de Nederlandse betalingen verloopt contactloos of via pin volgens recente cijfers?,80,,,,,
1231,niet gevonden,Hoeveel procent van de Nederlanders woont in de Randstad?,40,,,,,
1235,niet gevonden,Hoeveel spelers zitten er in een Nederlands korfbalteam op het veld?,8,,,,,
1238,niet gevonden,Hoeveel strepen heeft het Nederlandse vlagontwerp in horizontale banen?,3,,,,,
1239,niet gevonden,Hoeveel tekeningen van Rembrandt bezit het Rijksmuseum volgens de huidige collectie-informatie?,64,,,,,
1243,bevestigd,Hoeveel verdiepingen heeft De Rotterdam van architect Rem Koolhaas?,44,https://nl.wikipedia.org/wiki/De_Rotterdam,De Rotterdam,| verdiepingen = 44,"infobox-veld ""verdiepingen"" bevat het antwoord",zoekopdracht: De Rotterdam van 44
1244,niet gevonden,Hoeveel dagvlindersoorten komen voor in Nederland?,53,,,,,
1245,niet gevonden,Hoeveel voetbalstadions van eredivisieclubs hebben een capaciteit boven de 50.000 (Amsterdam Arena en De Kuip)?,2,,,,,
1249,bevestigd,Hoeveel miljoen inwoners heeft China?,1410,https://nl.wikipedia.org/wiki/Bevolking_van_China,Bevolking van China,De bevolking van China bestaat uit 1410 miljoen personen (2023).,getal staat in een zin over het onderwerp,zoekopdracht: China 1410
1250,niet gevonden,Hoeveel miljoen inwoners heeft India?,1440,,,,,
1251,niet gevonden,Hoeveel artikelen telt de Universele Verklaring van de Rechten van de Mens?,30,,,,,
1255,niet gevonden,Hoeveel electorale stemmen heeft Californië (2024)?,54,,,,,
1256,bevestigd,Hoeveel electorale stemmen heeft Texas (2024)?,40,https://en.wikipedia.org/wiki/United_States_Electoral_College,United States Electoral College,"The six states with the most electors are California (54), Texas (40), Florida (30), New York (28), Illinois (19), and Pennsylvania (19).",getal staat in een zin over het onderwerp,artikel: many electoral votes
1257,niet gevonden,Hoeveel electorale stemmen zijn er nodig om de VS-presidentsverkiezing te winnen?,270,,,,,
1258,niet gevonden,Hoeveel emiraten heeft Saoedi-Arabië als koninkrijk in bestuurlijke regio (provincies)?,13,,,,,
1259,niet gevonden,Hoeveel jaar duurt een termijn van het Australische Huis van Afgevaardigden?,3,,,,,
1260,niet gevonden,Hoeveel jaar duurt een termijn van het Nieuw-Zeelandse parlement?,3,,,,,
1261,niet gevonden,Hoeveel jaren duurt een termijn van een Amerikaanse senator?,6,,,,,
1264,niet gevonden,Hoeveel landen gebruiken de Centraal-Afrikaanse CFA frank?,6,,,,,
1265,niet gevonden,Hoeveel landen gebruiken de West-Afrikaanse CFA-frank?,8,,,,,
1268,niet gevonden,Hoeveel landen telt Oceanië?,14,,,,,
1269,niet gevonden,Hoeveel landen zijn lid van de CELAC?,33,,,,,
1273,niet gevonden,Hoeveel leden telt de ASEAN-organisatie (2024)?,10,,,,,
1277,niet gevonden,Hoeveel leden telt de SAARC organisatie?,8,,,,,
1283,niet gevonden,Hoeveel provincies heeft Argentinië (inclusief de hoofdstad als aparte provincie)?,24,,,,,
1287,niet gevonden,Hoeveel rechterzittingen telt het Amerikaanse Hooggerechtshof?,9,,,,,
1289,niet gevonden,Hoeveel staten en territoria telt Australië samen?,8,,,,,
1293,niet gevonden,Hoeveel zetels telt de Nieuw-Zeelandse Kamer van Afgevaardigden?,120,,,,,
1294,niet gevonden,Hoeveel zetels telt het Australische Huis van Afgevaardigden?,151,,,,,
1296,bevestigd,Hoeveel zetels telt het Zuid-Afrikaanse parlement (National Assembly)?,400,https://nl.wikipedia.org/wiki/Parlement_van_Zuid-Afrika,Parlement van Zuid-Afrika,"Het parlement van Zuid-Afrika (Engels: Parliament of South Africa) is het nationale parlement van Zuid-Afrika en bestaat uit twee kamers:

Lagerhuis: Nationale Vergadering (National Assembly) bestaande uit 400 leden.",getal staat in een zin over het onderwerp,zoekopdracht: National Assembly 400
1297,niet gevonden,Hoe hoog was de hoogste duik vanaf een klif in meters?,59,,,,,
1298,niet gevonden,Hoe hoog was de hoogste robot ooit gebouwd in meters?,18,,,,,
1299,niet gevonden,Hoe lang was de langste baard ooit in meters?,5,,,,,
1300,niet gevonden,Hoe lang was de langste man ooit in centimeters?,272,,,,,
1302,niet gevonden,Hoe lang was de langste taart ooit in kilometer?,10,,,,,
1303,niet gevonden,Hoe lang was de langste trein ooit in kilometers?,7,,,,,
1304,niet gevonden,Hoe lang was de langste trouwjurkstaart ooit in meters?,8095,,,,,
1305,niet gevonden,Hoe lang was het langste haar ooit in meters?,6,,,,,
1306,niet gevonden,Hoe oud werd de oudste kat ooit in jaren?,38,,,,,
1307,niet gevonden,Hoe zwaar was de grootste chocoladereep ooit in kilogram?,13696,,,,,
1308,niet gevonden,Hoe zwaar was de grootste portie friet ooit in kilogram?,1000,,,,,
1309,niet gevonden,Hoe zwaar was de zwaarste schildpad ooit in kilogram?,916,,,,,
1310,niet gevonden,Hoeveel LEGO-steentjes werden gebruikt voor het grootste LEGO-model?,5335200,,,,,
1311,niet gevonden,Hoeveel jongleurs deden mee aan het grootste jongleerrecord?,1000,,,,,
1312,niet gevonden,Hoeveel liter soep bevatte de grootste kom soep ooit?,20000,,,,,
1313,niet gevonden,Hoeveel mensen deden mee aan het grootste waterballonnengevecht ooit?,8000,,,,,
1314,niet gevonden,Hoeveel push-ups werden er in 24 uur uitgevoerd bij het huidige record?,46000,,,,,
1315,niet gevonden,Hoeveel wagons had de langste passagierstrein ooit?,100,,,,,
1330,niet gevonden,Hoeveel LEGO-studs heeft een standaard 2×4 LEGO-steen aan de bovenkant?,8,,,,,
1332,niet gevonden,Hoeveel grondstoffenkaarten zitten er in het basisspel van Catan?,95,,,,,
1333,niet gevonden,"Hoeveel kaarten bevat een klassiek Monopoly-spel in totaal aan eigendoms-, kans- en algemeenfondskaarten?",60,,,,,
1334,niet gevonden,Hoeveel kaarten krijgt iedere speler bij de start van UNO?,7,,,,,
1339,niet gevonden,Hoeveel vakjes telt een internationaal dambord (10×10)?,100,,,,,
1340,niet gevonden,Hoeveel vakken bevat een standaard dambord?,64,,,,,
1347,niet gevonden,Hoeveel games worden er in een Wimbledon-set minimaal gewonnen om de set te pakken?,6,,,,,
1352,bevestigd,Hoeveel innings telt een standaard honkbalwedstrijd?,9,https://en.wikipedia.org/wiki/Extra_innings,Extra innings,"The Washington Senators became the first team in Major League history to play multiple games of at least 20 innings in a season when they defeated the Minnesota Twins 9–7 in 20 innings on August 9, 1967, after winning a 22-inning game over the Chicago White Sox on June 12 of that year.",getal staat in een zin over het onderwerp,artikel: many innings does
1353,niet gevonden,Hoeveel jaar zit er tussen twee WK-voetbaltoernooien?,4,,,,,
1354,niet gevonden,Hoeveel jaar zit er tussen twee zomer-Olympische Spelen?,4,,,,,
1355,niet gevonden,Hoeveel keer was Australië gastheer van de zomer-Olympische Spelen (tot 2032)?,3,,,,,
1359,bevestigd,Hoeveel keer werd de FIFA World Cup georganiseerd tot en met 2022?,22,https://en.wikipedia.org/wiki/2026_FIFA_World_Cup_Group_J,2026 FIFA World Cup Group J,"On June 22, Lionel Messi scored his 17th World Cup goal in Argentina's win against Austria, surpassing Miroslav Klose (16) as the FIFA World Cup's all-time top goalscorer.",getal staat in een zin over het onderwerp,zoekopdracht: FIFA World Cup 22
1373,bevestigd,Hoeveel kilometer lang is een marathon?,42,https://en.wikipedia.org/wiki/Marathon,Marathon,The marathon is a long-distance foot race with a distance of 42.195 kilometres (c.,getal staat in een zin over het onderwerp,artikel: kilometer lang marathon
1374,niet gevonden,Hoeveel kuiven heeft een honkbalveld (bases plus home plate)?,4,,,,,
1379,niet gevonden,Hoeveel meter is de klassieke sprintafstand in de atletiek?,100,,,,,
1383,niet gevonden,Hoeveel meter sprintt een schaatser op de kortebaan-afstand?,500,,,,,
1384,niet gevonden,Hoeveel minuten duurt een NBA-basketbalwedstrijd officieel?,48,,,,,
1385,niet gevonden,Hoeveel minuten duurt een ijshockeywedstrijd netto?,60,,,,,
1386,niet gevonden,Hoeveel minuten duurt een rugbywedstrijd netto?,80,,,,,
1388,niet gevonden,Hoeveel minuten officiële speeltijd heeft een NBA-wedstrijd?,48,,,,,
1389,niet gevonden,Hoeveel minuten officiële speeltijd heeft een NFL-wedstrijd?,60,,,,,
1392,niet gevonden,Hoeveel pijlen gooit een darter per beurt?,3,,,,,
1393,niet gevonden,Hoeveel pogingen heeft een gewichtheffer per discipline?,3,,,,,
1394,niet gevonden,Hoeveel proloog kilometers telt een Tour de France etappe bijna nooit?,0,,,,,
1395,niet gevonden,Hoeveel punten is een maximale dartscore met drie pijlen?,180,,,,,
1397,bevestigd,Hoeveel punten levert een touchdown op in American football (met extra point)?,7,https://en.wikipedia.org/wiki/American_Idol_season_7,American Idol season 7,"== Releases ==


=== iTunes ===
During season 7, American Idol partnered with iTunes to make available for sale exclusive performance videos, live performance singles of the semifinalists, and full-length studio recordings of the songs that contestants performed on the show.",getal staat in een zin over het onderwerp,zoekopdracht: American 7
1400,bevestigd,Hoeveel rings heeft het NBA-logo in het midden?,1,https://en.wikipedia.org/wiki/The_Lord_of_the_Rings,The Lord of the Rings,"1 ""The Lord of the Rings"".",getal staat in een zin over het onderwerp,artikel: many rings does
1402,niet gevonden,Hoeveel spelers heeft een basketbalteam op het veld per ploeg?,5,,,,,
1403,bevestigd,Hoeveel spelers heeft een handbalteam op het veld per ploeg?,7,https://nl.wikipedia.org/wiki/Nederlands_handbalteam_%28vrouwen%29,Nederlands handbalteam (vrouwen),"​ Kampioenen  ​ Runners-up  ​ Derde plaats  ​ Vierde plaats


=== Overige toernooien ===
Zeslandentoernooi Spanje 2010: 4e plaats (tegenstanders: Spanje, Montenegro, Rusland, Brazilië)
Holland Handbal Toernooi 2006: 5e plaats
Carpathian Trophy 2004: 3e plaats
E-Boks Challenge toernooi Denemarken 2001: 4e plaats (tegens",getal staat in een zin over het onderwerp,zoekopdracht: spelers handbalteam veld 7
1404,niet gevonden,Hoeveel spelers heeft een hockeyteam op het veld per ploeg?,11,,,,,
1405,niet gevonden,Hoeveel spelers heeft een rugbyteam per ploeg op het veld (union)?,15,,,,,
1411,niet gevonden,Hoeveel spelers staat er per ploeg op het veld bij een rugby league-wedstrijd?,13,,,,,
1412,niet gevonden,Hoeveel spelers telt een volleybalteam op het veld?,6,,,,,
1413,niet gevonden,Hoeveel teams spelen er in de NBA?,30,,,,,
1414,niet gevonden,Hoeveel teams spelen er in de NFL?,32,,,,,
1435,niet gevonden,Hoeveel satellieten lanceerde India in één enkele raket als record (2017)?,104,,,,,
1448,bevestigd,Hoeveel letters staan er in de Latijnse inscriptie SPQR?,4,https://nl.wikipedia.org/wiki/Algemene_Latijnse_vervoegingen_en_verbuigingen,Algemene Latijnse vervoegingen en verbuigingen,"Daarnaast kent het Latijnse werkwoord:
Drie genera:

Activum (bedrijvende vorm)
Passivum (lijdende vorm)
Deponens (passieve actieve vorm)
Zes tempora:

Praesens (onvoltooid tegenwoordige tijd)
Imperfectum (onvoltooid verleden tijd)
Futurum (simplex) (onvoltooid toekomende tijd)
Perfectum (voltooid tegenwoordige tijd)
P",getal staat in een zin over het onderwerp,zoekopdracht: Latijnse 4
1454,niet gevonden,Hoeveel frames per seconde toont een standaard bioscoopfilm?,24,,,,,
1461,bevestigd,In welk jaar lanceerde Japan de Shinkansen hogesnelheidstrein?,1964,https://nl.wikipedia.org/wiki/Shinkansen,Shinkansen,"De eerste lijn, tussen Tokio, Nagoya en Osaka, die de Tōkaidō-express gedoopt werd, werd in gebruik genomen in hetzelfde jaar waarin de Olympische Zomerspelen in Tokio (1964) werden gehouden.",getal staat bij het gevraagde maatwoord,artikel: Japan de Shinkansen
1470,bevestigd,In welk jaar werd Sony opgericht?,1946,https://en.wikipedia.org/wiki/Sony,Sony,"| founded = Start date and age|df=yes|1946|5|7 Nihonbashi , Chūō, Tokyo, Japan Cite web |title=Sony Corporate History |url=https://www.sony.com/en/SonyInfo/CorporateInfo/History/company/ |access-date=3 April 2021 |website=sony.com |language=en |archive-date=2021-04-13 |archive-url=https://web.archive.org/web/2021041319","infobox-veld ""founded"" bevat het antwoord",artikel: Sony
1472,niet gevonden,In welk jaar werd de Toyota motorfiets eerste gebouwd - nee Toyota is auto (1885 Daimler - dit zit niet in Azië)?,0,,,,,
1486,niet gevonden,Hoeveel gategebieden heeft Atlanta Airport?,7,,,,,
1488,niet gevonden,Hoeveel miljoen nieuwe personenauto’s worden er wereldwijd per jaar geproduceerd?,85,,,,,
1506,niet gevonden,Hoeveel graden is elke binnenhoek van een regelmatige zeshoek?,120,,,,,
