Nr,In gebruik,Categorie,Vraag NL,Antwoord,Welke bron nodig,Waar te vinden,Bron (door jou)
62,daily,Vervoer,Hoeveel kilometer fietst een Nederlander gemiddeld per jaar?,1065,CBS of nationaal statistiekbureau,CBS StatLine — deze cijfers staan niet op Wikipedia.,
411,puzzel,Milieu en duurzaamheid,Hoeveel kg afval produceert een Nederlander gemiddeld per jaar?,449,CBS of nationaal statistiekbureau,CBS StatLine — deze cijfers staan niet op Wikipedia.,
1228,—,Dagelijks leven,Hoeveel procent van de Nederlanders woont in een rijtjeshuis?,30,CBS of nationaal statistiekbureau,CBS StatLine — deze cijfers staan niet op Wikipedia.,
1229,—,Vervoer,Hoeveel procent van de Nederlanders fietst dagelijks?,60,CBS of nationaal statistiekbureau,CBS StatLine — deze cijfers staan niet op Wikipedia.,
1231,—,Geografie,Hoeveel procent van de Nederlanders woont in de Randstad?,40,CBS of nationaal statistiekbureau,CBS StatLine — deze cijfers staan niet op Wikipedia.,
67,daily,Records en vergelijkingen,Hoe lang duurde de langste voetbalwedstrijd ooit in minuten?,203,Guinness World Records,guinnessworldrecords.com — records staan niet op Wikipedia.,
68,daily,Records en vergelijkingen,Hoe lang waren de langste mouwen aan een kledingstuk ooit in meters?,51,Guinness World Records,guinnessworldrecords.com — records staan niet op Wikipedia.,
69,daily,Records en vergelijkingen,Hoe lang was de langste vrouw ooit in centimeters?,255,Guinness World Records,guinnessworldrecords.com — records staan niet op Wikipedia.,
70,daily,Records en vergelijkingen,Hoe zwaar was de zwaarste hamburger ooit in kilogram?,1164,Guinness World Records,guinnessworldrecords.com — records staan niet op Wikipedia.,
71,daily,Records en vergelijkingen,Hoe zwaar was de zwaarste pompoen ooit in kilogram?,1247,Guinness World Records,guinnessworldrecords.com — records staan niet op Wikipedia.,
383,puzzel,Mode en lifestyle,Hoeveel meter lang was de langste trouwjurkstaart volgens Guinness World Records?,8100,Guinness World Records,guinnessworldrecords.com — records staan niet op Wikipedia.,
434,puzzel,Records en vergelijkingen,Hoe groot was de grootste pizza ooit in vierkante meter?,1297,Guinness World Records,guinnessworldrecords.com — records staan niet op Wikipedia.,
435,puzzel,Records en vergelijkingen,Hoe hoog was de hoogste hond ooit in centimeters?,112,Guinness World Records,guinnessworldrecords.com — records staan niet op Wikipedia.,
436,puzzel,Records en vergelijkingen,Hoe hoog was de hoogste zandsculptuur ooit in meters?,21,Guinness World Records,guinnessworldrecords.com — records staan niet op Wikipedia.,
437,puzzel,Records en vergelijkingen,Hoe hoog was het hoogste paard ooit in centimeters?,219,Guinness World Records,guinnessworldrecords.com — records staan niet op Wikipedia.,
438,puzzel,Records en vergelijkingen,Hoe klein was het kleinste paard ooit in centimeters?,36,Guinness World Records,guinnessworldrecords.com — records staan niet op Wikipedia.,
439,puzzel,Records en vergelijkingen,Hoe lang duurde de langste plank ooit in minuten?,579,Guinness World Records,guinnessworldrecords.com — records staan niet op Wikipedia.,
443,puzzel,Records en vergelijkingen,Hoe lang was de langste hond ooit in centimeters?,250,Guinness World Records,guinnessworldrecords.com — records staan niet op Wikipedia.,
444,puzzel,Records en vergelijkingen,Hoe lang was de langste hotdog ooit in meters?,203,Guinness World Records,guinnessworldrecords.com — records staan niet op Wikipedia.,
445,puzzel,Records en vergelijkingen,Hoe lang was de langste kat ooit in centimeters?,123,Guinness World Records,guinnessworldrecords.com — records staan niet op Wikipedia.,
446,puzzel,Records en vergelijkingen,Hoe lang was de langste snoepstaaf ooit in kilometer?,1,Guinness World Records,guinnessworldrecords.com — records staan niet op Wikipedia.,
448,puzzel,Records en vergelijkingen,Hoe zwaar was de grootste kaas ooit gemaakt in kilogram?,26000,Guinness World Records,guinnessworldrecords.com — records staan niet op Wikipedia.,
449,puzzel,Records en vergelijkingen,Hoe zwaar was de zwaarste hond ooit in kilogram?,156,Guinness World Records,guinnessworldrecords.com — records staan niet op Wikipedia.,
451,puzzel,Records en vergelijkingen,Hoeveel kilometer was de langste zwemtocht ooit?,500,Guinness World Records,guinnessworldrecords.com — records staan niet op Wikipedia.,
452,puzzel,Records en vergelijkingen,Hoeveel marathons liep de persoon met het record voor de meeste marathons?,1000,Guinness World Records,guinnessworldrecords.com — records staan niet op Wikipedia.,
454,puzzel,Records en vergelijkingen,Hoeveel piercings had de persoon met de meeste piercings ooit?,453,Guinness World Records,guinnessworldrecords.com — records staan niet op Wikipedia.,
455,puzzel,Records en vergelijkingen,Hoeveel punten scoorde een team in de hoogste basketbalscore ooit?,186,Guinness World Records,guinnessworldrecords.com — records staan niet op Wikipedia.,
457,puzzel,Records en vergelijkingen,Hoeveel voertuigen stonden er ongeveer in de langste file ooit?,12000,Guinness World Records,guinnessworldrecords.com — records staan niet op Wikipedia.,
1298,—,Records en vergelijkingen,Hoe hoog was de hoogste robot ooit gebouwd in meters?,18,Guinness World Records,guinnessworldrecords.com — records staan niet op Wikipedia.,
1299,—,Records en vergelijkingen,Hoe lang was de langste baard ooit in meters?,5,Guinness World Records,guinnessworldrecords.com — records staan niet op Wikipedia.,
1300,—,Records en vergelijkingen,Hoe lang was de langste man ooit in centimeters?,272,Guinness World Records,guinnessworldrecords.com — records staan niet op Wikipedia.,
1302,—,Records en vergelijkingen,Hoe lang was de langste taart ooit in kilometer?,10,Guinness World Records,guinnessworldrecords.com — records staan niet op Wikipedia.,
1303,—,Records en vergelijkingen,Hoe lang was de langste trein ooit in kilometers?,7,Guinness World Records,guinnessworldrecords.com — records staan niet op Wikipedia.,
1304,—,Records en vergelijkingen,Hoe lang was de langste trouwjurkstaart ooit in meters?,8095,Guinness World Records,guinnessworldrecords.com — records staan niet op Wikipedia.,
1305,—,Records en vergelijkingen,Hoe lang was het langste haar ooit in meters?,6,Guinness World Records,guinnessworldrecords.com — records staan niet op Wikipedia.,
1306,—,Records en vergelijkingen,Hoe oud werd de oudste kat ooit in jaren?,38,Guinness World Records,guinnessworldrecords.com — records staan niet op Wikipedia.,
1307,—,Records en vergelijkingen,Hoe zwaar was de grootste chocoladereep ooit in kilogram?,13696,Guinness World Records,guinnessworldrecords.com — records staan niet op Wikipedia.,
1308,—,Records en vergelijkingen,Hoe zwaar was de grootste portie friet ooit in kilogram?,1000,Guinness World Records,guinnessworldrecords.com — records staan niet op Wikipedia.,
1309,—,Records en vergelijkingen,Hoe zwaar was de zwaarste schildpad ooit in kilogram?,916,Guinness World Records,guinnessworldrecords.com — records staan niet op Wikipedia.,
1312,—,Records en vergelijkingen,Hoeveel liter soep bevatte de grootste kom soep ooit?,20000,Guinness World Records,guinnessworldrecords.com — records staan niet op Wikipedia.,
1313,—,Records en vergelijkingen,Hoeveel mensen deden mee aan het grootste waterballonnengevecht ooit?,8000,Guinness World Records,guinnessworldrecords.com — records staan niet op Wikipedia.,
1314,—,Records en vergelijkingen,Hoeveel push-ups werden er in 24 uur uitgevoerd bij het huidige record?,46000,Guinness World Records,guinnessworldrecords.com — records staan niet op Wikipedia.,
1315,—,Records en vergelijkingen,Hoeveel wagons had de langste passagierstrein ooit?,100,Guinness World Records,guinnessworldrecords.com — records staan niet op Wikipedia.,
1435,—,Sterrenkunde & ruimte,Hoeveel satellieten lanceerde India in één enkele raket als record (2017)?,104,Guinness World Records,guinnessworldrecords.com — records staan niet op Wikipedia.,
58,daily,Muziek,Hoeveel witte toetsen heeft een concertpiano?,52,algemeen naslagwerk,Handmatig opzoeken; geen vaste bron aan te wijzen.,
59,daily,Natuurkunde,Hoeveel kilometer per uur is de geluidssnelheid op zeeniveau afgerond?,1234,algemeen naslagwerk,Handmatig opzoeken; geen vaste bron aan te wijzen.,
66,daily,Records en vergelijkingen,Hoe groot was het grootste permanente IMAX-scherm in vierkante meter?,815,algemeen naslagwerk,Handmatig opzoeken; geen vaste bron aan te wijzen.,
72,daily,Records en vergelijkingen,Hoeveel procent van het lichaam was bedekt met tatoeages bij de meest getatoeëerde man?,97,algemeen naslagwerk,Handmatig opzoeken; geen vaste bron aan te wijzen.,
75,daily,Spellen en speelgoed,Hoeveel damstenen krijgt iedere speler bij de start van een standaard damspel?,20,algemeen naslagwerk,Handmatig opzoeken; geen vaste bron aan te wijzen.,
95,daily,Technologie,Wat is de totale lengte van alle onderzeese internetkabels op aarde in duizend kilometer?,1400,algemeen naslagwerk,Handmatig opzoeken; geen vaste bron aan te wijzen.,
175,puzzel,Economie & geld,Hoeveel landen zijn lid van de G20?,19,algemeen naslagwerk,Handmatig opzoeken; geen vaste bron aan te wijzen.,
190,puzzel,Eten & drinken,Hoeveel shotjes espresso zitten er in een cappuccino?,1,algemeen naslagwerk,Handmatig opzoeken; geen vaste bron aan te wijzen.,
195,puzzel,Films en series,Hoeveel afleveringen telt de Amerikaanse versie van The Office?,201,algemeen naslagwerk,Handmatig opzoeken; geen vaste bron aan te wijzen.,
200,puzzel,Boeken en literatuur,Hoeveel boeken bevat de originele The Hunger Games-trilogie?,3,algemeen naslagwerk,Handmatig opzoeken; geen vaste bron aan te wijzen.,
201,puzzel,Films en series,Hoeveel delen telt de originele The Godfather-filmreeks?,3,algemeen naslagwerk,Handmatig opzoeken; geen vaste bron aan te wijzen.,
202,puzzel,Films en series,Hoeveel films regisseerde Christopher Nolan vóór Oppenheimer?,11,algemeen naslagwerk,Handmatig opzoeken; geen vaste bron aan te wijzen.,
204,puzzel,Films en series,Hoeveel films telt de originele The Matrix-trilogie?,3,algemeen naslagwerk,Handmatig opzoeken; geen vaste bron aan te wijzen.,
264,puzzel,Geografie,Hoeveel inwoners heeft Monaco?,39000,algemeen naslagwerk,Handmatig opzoeken; geen vaste bron aan te wijzen.,
291,puzzel,Geografie,Hoeveel officiële inwoners heeft Vaticaanstad?,800,algemeen naslagwerk,Handmatig opzoeken; geen vaste bron aan te wijzen.,
311,puzzel,Biologie & gezondheid,Hoeveel chromosomen telt een gezonde menselijke cel?,46,algemeen naslagwerk,Handmatig opzoeken; geen vaste bron aan te wijzen.,
344,puzzel,Geografie,Wat is de autorij-afstand van Amsterdam naar Parijs in km?,510,algemeen naslagwerk,Handmatig opzoeken; geen vaste bron aan te wijzen.,
353,puzzel,Taal,Hoeveel nationale talen heeft Zuid-Afrika volgens de grondwet?,11,algemeen naslagwerk,Handmatig opzoeken; geen vaste bron aan te wijzen.,
381,puzzel,Mode en lifestyle,Hoeveel centimeter lang is een standaard das bij het strikken?,145,algemeen naslagwerk,Handmatig opzoeken; geen vaste bron aan te wijzen.,
382,puzzel,Mode en lifestyle,Hoeveel gaten heeft een standaard schoenveter meestal in één schoen?,12,algemeen naslagwerk,Handmatig opzoeken; geen vaste bron aan te wijzen.,
384,puzzel,Mode en lifestyle,Hoeveel millimeter breed is een standaard herenhorlogeband?,22,algemeen naslagwerk,Handmatig opzoeken; geen vaste bron aan te wijzen.,
386,puzzel,Muziek,Hoeveel Grammy-nominaties had Beyoncé volgens de Grammy’s vóór de uitreiking van 2025?,99,algemeen naslagwerk,Handmatig opzoeken; geen vaste bron aan te wijzen.,
400,puzzel,Mode en lifestyle,Hoeveel facetten (geslepen vlakjes) heeft een standaard ronde briljant geslepen diamant?,57,algemeen naslagwerk,Handmatig opzoeken; geen vaste bron aan te wijzen.,
401,puzzel,Muziek,Hoeveel hertz is de toonhoogte van de standaard a in de muziek?,440,algemeen naslagwerk,Handmatig opzoeken; geen vaste bron aan te wijzen.,
404,puzzel,Natuurkunde,Hoeveel kilometer per uur waait wind bij windkracht 8 volgens de schaal van Beaufort?,75,algemeen naslagwerk,Handmatig opzoeken; geen vaste bron aan te wijzen.,
419,puzzel,Technologie,Hoeveel volt heeft een standaard stopcontact in Nederland?,230,algemeen naslagwerk,Handmatig opzoeken; geen vaste bron aan te wijzen.,
420,puzzel,Gebouwen en infrastructuur,Hoeveel wieken heeft een klassieke Nederlandse grondzeiler?,4,algemeen naslagwerk,Handmatig opzoeken; geen vaste bron aan te wijzen.,
440,puzzel,Records en vergelijkingen,Hoe lang is de langste levende man in centimeters?,251,algemeen naslagwerk,Handmatig opzoeken; geen vaste bron aan te wijzen.,
441,puzzel,Records en vergelijkingen,Hoe lang is de langste levende vrouw in centimeters?,215,algemeen naslagwerk,Handmatig opzoeken; geen vaste bron aan te wijzen.,
442,puzzel,Records en vergelijkingen,Hoe lang waren de langste vingernagels aan één hand in meters?,9,algemeen naslagwerk,Handmatig opzoeken; geen vaste bron aan te wijzen.,
453,puzzel,Records en vergelijkingen,Hoeveel mensen namen deel aan de grootste massale yogales?,100000,algemeen naslagwerk,Handmatig opzoeken; geen vaste bron aan te wijzen.,
456,puzzel,Records en vergelijkingen,Hoeveel uur duurde het langste videogame-marathonrecord?,135,algemeen naslagwerk,Handmatig opzoeken; geen vaste bron aan te wijzen.,
480,puzzel,Spellen en speelgoed,Hoeveel genummerde scorevakken heeft een dartbord?,20,algemeen naslagwerk,Handmatig opzoeken; geen vaste bron aan te wijzen.,
481,puzzel,Spellen en speelgoed,"Hoeveel genummerde vakjes heeft een Europees roulettewiel, inclusief 0?",37,algemeen naslagwerk,Handmatig opzoeken; geen vaste bron aan te wijzen.,
482,puzzel,Spellen en speelgoed,Hoeveel kaarten bevat een standaard UNO-deck?,112,algemeen naslagwerk,Handmatig opzoeken; geen vaste bron aan te wijzen.,
484,puzzel,Spellen en speelgoed,Hoeveel pionnen bevat een klassieke Monopoly-set volgens de moderne standaarduitvoering?,8,algemeen naslagwerk,Handmatig opzoeken; geen vaste bron aan te wijzen.,
485,puzzel,Spellen en speelgoed,Hoeveel pionnen gebruikt iedere speler bij Mens-erger-je-niet?,4,algemeen naslagwerk,Handmatig opzoeken; geen vaste bron aan te wijzen.,
487,puzzel,Spellen en speelgoed,Hoeveel stippen (inclusief de 4 grote power pellets) moet Pac-Man opeten om een level uit te spelen?,244,algemeen naslagwerk,Handmatig opzoeken; geen vaste bron aan te wijzen.,
489,puzzel,Spellen en speelgoed,"Hoeveel straten, stations en nutsbedrijven kun je kopen op een klassiek Monopoly-bord?",28,algemeen naslagwerk,Handmatig opzoeken; geen vaste bron aan te wijzen.,
491,puzzel,Spellen en speelgoed,Hoeveel vakjes heeft een standaard Mens-erger-je-niet-bord per spelerskleur?,40,algemeen naslagwerk,Handmatig opzoeken; geen vaste bron aan te wijzen.,
493,puzzel,Spellen en speelgoed,Hoeveel vakken bevat een standaard Monopoly-bord in totaal?,40,algemeen naslagwerk,Handmatig opzoeken; geen vaste bron aan te wijzen.,
544,puzzel,Taal,Hoeveel letters telt het officiële Hawaiiaanse alfabet?,13,algemeen naslagwerk,Handmatig opzoeken; geen vaste bron aan te wijzen.,
550,puzzel,Technologie,Hoeveel watt laadt een standaard iPhone snellader?,20,algemeen naslagwerk,Handmatig opzoeken; geen vaste bron aan te wijzen.,
595,puzzel,Wiskunde,Hoeveel graden is elke binnenhoek van een regelmatige vijfhoek?,108,algemeen naslagwerk,Handmatig opzoeken; geen vaste bron aan te wijzen.,
601,—,Biologie & gezondheid,Hoeveel basissmaken worden in de moderne smaakleer onderscheiden?,5,algemeen naslagwerk,Handmatig opzoeken; geen vaste bron aan te wijzen.,
633,—,Landbouw en industrie,Hoeveel bijenkorven produceert de gemiddelde Ethiopische bijenhouder per jaar?,0,algemeen naslagwerk,Handmatig opzoeken; geen vaste bron aan te wijzen.,
635,—,Dieren,Hoeveel centimeter hoog wordt een volwassen emoe?,170,algemeen naslagwerk,Handmatig opzoeken; geen vaste bron aan te wijzen.,
637,—,Dieren,Hoeveel dieren bevat de klassieke Big Five van Afrika?,5,algemeen naslagwerk,Handmatig opzoeken; geen vaste bron aan te wijzen.,
643,—,Dieren,Hoeveel kilogram weegt een volwassen mannelijke rode reuzenkangoeroe maximaal?,90,algemeen naslagwerk,Handmatig opzoeken; geen vaste bron aan te wijzen.,
645,—,Dieren,Hoeveel kilogram weegt een volwassen mannetjesolifant in Afrika?,6000,algemeen naslagwerk,Handmatig opzoeken; geen vaste bron aan te wijzen.,
648,—,Dieren,Hoeveel kilogram weegt een volwassen nijlpaard?,1500,algemeen naslagwerk,Handmatig opzoeken; geen vaste bron aan te wijzen.,
649,—,Dieren,Hoeveel kilogram weegt een volwassen emoe?,45,algemeen naslagwerk,Handmatig opzoeken; geen vaste bron aan te wijzen.,
650,—,Dieren,Hoeveel kilogram weegt een volwassen giraffe?,1200,algemeen naslagwerk,Handmatig opzoeken; geen vaste bron aan te wijzen.,
651,—,Dieren,Hoeveel kilogram weegt een volwassen mannelijke jaguar?,100,algemeen naslagwerk,Handmatig opzoeken; geen vaste bron aan te wijzen.,
652,—,Dieren,Hoeveel kilogram weegt een volwassen witte neushoorn?,2000,algemeen naslagwerk,Handmatig opzoeken; geen vaste bron aan te wijzen.,
655,—,Dieren,Hoeveel kilometer per uur haalt een cheetah op zijn snelst?,110,algemeen naslagwerk,Handmatig opzoeken; geen vaste bron aan te wijzen.,
656,—,Dieren,Hoeveel kilometer per uur sprint een jaguar?,80,algemeen naslagwerk,Handmatig opzoeken; geen vaste bron aan te wijzen.,
662,—,Dieren,Hoeveel meter lang kan een volwassen nijlkrokodil worden?,5,algemeen naslagwerk,Handmatig opzoeken; geen vaste bron aan te wijzen.,
664,—,Dieren,Hoeveel meter lang wordt een zoutwaterkrokodil maximaal?,6,algemeen naslagwerk,Handmatig opzoeken; geen vaste bron aan te wijzen.,
671,—,Dieren,Hoeveel procent van de wilde leeuwen leeft in Sub-Sahara Afrika?,95,algemeen naslagwerk,Handmatig opzoeken; geen vaste bron aan te wijzen.,
672,—,Dieren,Hoeveel apensoorten telt het Amazonegebied ongeveer?,100,algemeen naslagwerk,Handmatig opzoeken; geen vaste bron aan te wijzen.,
680,—,Dieren,Hoeveel vogelsoorten telt het Amazonegebied?,1300,algemeen naslagwerk,Handmatig opzoeken; geen vaste bron aan te wijzen.,
684,—,Dieren,Hoeveel tanden wisselt een haai gedurende zijn leven ongeveer?,20000,algemeen naslagwerk,Handmatig opzoeken; geen vaste bron aan te wijzen.,
688,—,Dieren,Hoeveel van de 10 giftigste slangen ter wereld komen voor in Australië?,0,algemeen naslagwerk,Handmatig opzoeken; geen vaste bron aan te wijzen.,
690,—,Dieren,Hoeveel kilogram weegt een volwassen mannelijke Amerikaanse bizon?,900,algemeen naslagwerk,Handmatig opzoeken; geen vaste bron aan te wijzen.,
695,—,Economie & geld,Hoeveel biljoen dollar is de jaarlijkse wereldhandel in goederen ongeveer?,26,algemeen naslagwerk,Handmatig opzoeken; geen vaste bron aan te wijzen.,
699,—,Economie & geld,Hoeveel landen zijn lid van de G7?,7,algemeen naslagwerk,Handmatig opzoeken; geen vaste bron aan te wijzen.,
700,—,Economie & geld,Hoeveel munten telt een volledige set eurocent- en euromunten?,8,algemeen naslagwerk,Handmatig opzoeken; geen vaste bron aan te wijzen.,
706,—,Eten & drinken,Hoeveel dagen rijpt Parmigiano Reggiano minimaal?,12,algemeen naslagwerk,Handmatig opzoeken; geen vaste bron aan te wijzen.,
713,—,Eten & drinken,Hoeveel kruiden bevat de klassieke Chinese Five-Spice?,5,algemeen naslagwerk,Handmatig opzoeken; geen vaste bron aan te wijzen.,
714,—,Eten & drinken,Hoeveel landen hebben de Italiaanse pizza Margherita als cultureel erfgoed erkend?,1,algemeen naslagwerk,Handmatig opzoeken; geen vaste bron aan te wijzen.,
718,—,Eten & drinken,Hoeveel liter olijfolie gebruikt een Griek per jaar?,20,algemeen naslagwerk,Handmatig opzoeken; geen vaste bron aan te wijzen.,
720,—,Eten & drinken,Hoeveel procent cacao heeft standaard pure chocolade?,70,algemeen naslagwerk,Handmatig opzoeken; geen vaste bron aan te wijzen.,
721,—,Eten & drinken,Hoeveel procent van de wereldcacao komt uit West-Afrika?,70,algemeen naslagwerk,Handmatig opzoeken; geen vaste bron aan te wijzen.,
725,—,Eten & drinken,Hoeveel kaassoorten produceert Frankrijk ongeveer?,300,algemeen naslagwerk,Handmatig opzoeken; geen vaste bron aan te wijzen.,
731,—,Films en series,Hoeveel Mad Max films zijn er in totaal gemaakt?,5,algemeen naslagwerk,Handmatig opzoeken; geen vaste bron aan te wijzen.,
737,—,Films en series,Hoeveel Oscars won de film Parasite?,4,algemeen naslagwerk,Handmatig opzoeken; geen vaste bron aan te wijzen.,
748,—,Boeken en literatuur,Hoeveel woorden telt de complete Harry Potter boekenserie (Engels origineel)?,1084170,algemeen naslagwerk,Handmatig opzoeken; geen vaste bron aan te wijzen.,
750,—,Films en series,In welk jaar werd de eerste film publiek vertoond?,1895,algemeen naslagwerk,Handmatig opzoeken; geen vaste bron aan te wijzen.,
754,—,"Filosofie, psychologie en religie",Hoeveel boeken telt de Tenach in de joodse traditie?,24,algemeen naslagwerk,Handmatig opzoeken; geen vaste bron aan te wijzen.,
756,—,"Filosofie, psychologie en religie",Hoeveel dialogen van Plato zijn traditioneel bewaard gebleven?,36,algemeen naslagwerk,Handmatig opzoeken; geen vaste bron aan te wijzen.,
758,—,"Filosofie, psychologie en religie",Hoeveel edelwaarheden kent het boeddhisme?,4,algemeen naslagwerk,Handmatig opzoeken; geen vaste bron aan te wijzen.,
764,—,"Filosofie, psychologie en religie",Hoeveel opdrachten (werken) moest Hercules voltooien volgens de Griekse mythologie?,12,algemeen naslagwerk,Handmatig opzoeken; geen vaste bron aan te wijzen.,
765,—,"Filosofie, psychologie en religie",Hoeveel paden telt het Achtvoudige Pad van het boeddhisme?,8,algemeen naslagwerk,Handmatig opzoeken; geen vaste bron aan te wijzen.,
766,—,"Filosofie, psychologie en religie",Hoeveel miljoen pelgrims bezoeken Mekka jaarlijks?,2,algemeen naslagwerk,Handmatig opzoeken; geen vaste bron aan te wijzen.,
767,—,"Filosofie, psychologie en religie",Hoeveel procent van de wereldbevolking is boeddhistisch?,7,algemeen naslagwerk,Handmatig opzoeken; geen vaste bron aan te wijzen.,
769,—,"Filosofie, psychologie en religie",Hoeveel zwaarden waren er volgens de legende van koning Arthur beschikbaar?,1,algemeen naslagwerk,Handmatig opzoeken; geen vaste bron aan te wijzen.,
770,—,Gebouwen en infrastructuur,Hoeveel piramides telt Egypte ongeveer?,120,algemeen naslagwerk,Handmatig opzoeken; geen vaste bron aan te wijzen.,
772,—,Gebouwen en infrastructuur,Hoeveel boogsegmenten telt het Colosseum per verdieping?,80,algemeen naslagwerk,Handmatig opzoeken; geen vaste bron aan te wijzen.,
782,—,Gebouwen en infrastructuur,Hoeveel kilometer van de Kanaaltunnel ligt onder zee?,38,algemeen naslagwerk,Handmatig opzoeken; geen vaste bron aan te wijzen.,
784,—,Gebouwen en infrastructuur,Hoeveel kilometer lang was Route 66?,3945,algemeen naslagwerk,Handmatig opzoeken; geen vaste bron aan te wijzen.,
786,—,Gebouwen en infrastructuur,"Hoeveel meter hoog is de Elizabeth Tower, de toren van Big Ben?",96,algemeen naslagwerk,Handmatig opzoeken; geen vaste bron aan te wijzen.,
787,—,Gebouwen en infrastructuur,Hoeveel meter hoog is het Christus Verlosser-beeld zonder sokkel?,30,algemeen naslagwerk,Handmatig opzoeken; geen vaste bron aan te wijzen.,
789,—,Gebouwen en infrastructuur,Hoeveel meter hoog is de Christus Redentor standbeeld (met sokkel)?,40,algemeen naslagwerk,Handmatig opzoeken; geen vaste bron aan te wijzen.,
792,—,Gebouwen en infrastructuur,Hoeveel meter hoog is de Grote Piramide van Gizeh nu?,139,algemeen naslagwerk,Handmatig opzoeken; geen vaste bron aan te wijzen.,
801,—,Gebouwen en infrastructuur,Hoeveel meter hoog is kasteel Neuschwanstein?,65,algemeen naslagwerk,Handmatig opzoeken; geen vaste bron aan te wijzen.,
807,—,Gebouwen en infrastructuur,Hoeveel piramides telt het piramideveld van Gizeh (de drie grote)?,3,algemeen naslagwerk,Handmatig opzoeken; geen vaste bron aan te wijzen.,
808,—,Gebouwen en infrastructuur,Hoeveel rivieren bruggen telt Sydney Harbour?,0,algemeen naslagwerk,Handmatig opzoeken; geen vaste bron aan te wijzen.,
811,—,Gebouwen en infrastructuur,Hoeveel sluizen heeft het Panamakanaal?,12,algemeen naslagwerk,Handmatig opzoeken; geen vaste bron aan te wijzen.,
812,—,Gebouwen en infrastructuur,Hoeveel stappen telt El Castillo van Chichen Itza in totaal inclusief de top?,365,algemeen naslagwerk,Handmatig opzoeken; geen vaste bron aan te wijzen.,
813,—,Gebouwen en infrastructuur,Hoeveel stappen telt de Mayapyramide El Castillo per zijde?,91,algemeen naslagwerk,Handmatig opzoeken; geen vaste bron aan te wijzen.,
824,—,Gebouwen en infrastructuur,Hoeveel verdiepingen heeft de Q1 Tower in Gold Coast (tallest in Australië)?,78,algemeen naslagwerk,Handmatig opzoeken; geen vaste bron aan te wijzen.,
825,—,Gebouwen en infrastructuur,Hoeveel verdiepingen heeft de Tokyo Skytree uitkijkplatform?,2,algemeen naslagwerk,Handmatig opzoeken; geen vaste bron aan te wijzen.,
826,—,Gebouwen en infrastructuur,Hoeveel verdiepingen heeft het Witte Huis?,4,algemeen naslagwerk,Handmatig opzoeken; geen vaste bron aan te wijzen.,
834,—,Geografie,Hoeveel Afrikaanse landen grenzen aan de Atlantische Oceaan?,23,algemeen naslagwerk,Handmatig opzoeken; geen vaste bron aan te wijzen.,
835,—,Geografie,Hoeveel Afrikaanse landen grenzen aan de Middellandse Zee?,6,algemeen naslagwerk,Handmatig opzoeken; geen vaste bron aan te wijzen.,
836,—,Geografie,Hoeveel Afrikaanse landen liggen aan de Rode Zee?,6,algemeen naslagwerk,Handmatig opzoeken; geen vaste bron aan te wijzen.,
838,—,Geografie,Hoeveel duizend inwoners heeft Luxemburg?,660,algemeen naslagwerk,Handmatig opzoeken; geen vaste bron aan te wijzen.,
841,—,Geografie,Hoeveel eilanden telt Papoea-Nieuw-Guinea ongeveer?,600,algemeen naslagwerk,Handmatig opzoeken; geen vaste bron aan te wijzen.,
846,—,Geografie,Hoeveel eilandstaten telt Afrika?,6,algemeen naslagwerk,Handmatig opzoeken; geen vaste bron aan te wijzen.,
848,—,Geografie,Hoeveel hoofdeilanden heeft Nieuw-Zeeland?,2,algemeen naslagwerk,Handmatig opzoeken; geen vaste bron aan te wijzen.,
853,—,Geografie,Hoeveel duizend kilometer lang is de Australische kustlijn?,36,algemeen naslagwerk,Handmatig opzoeken; geen vaste bron aan te wijzen.,
859,—,Geografie,Hoeveel kilometer breed is de Kalahariwoestijn ongeveer?,900,algemeen naslagwerk,Handmatig opzoeken; geen vaste bron aan te wijzen.,
871,—,Geografie,Door hoeveel landen loopt het Andesgebergte?,7,algemeen naslagwerk,Handmatig opzoeken; geen vaste bron aan te wijzen.,
875,—,Geografie,Hoeveel landen grenzen aan Argentinië?,5,algemeen naslagwerk,Handmatig opzoeken; geen vaste bron aan te wijzen.,
880,—,Geografie,Hoeveel landen grenzen aan Congo-Kinshasa?,9,algemeen naslagwerk,Handmatig opzoeken; geen vaste bron aan te wijzen.,
884,—,Geografie,Hoeveel landen grenzen aan Ethiopië?,6,algemeen naslagwerk,Handmatig opzoeken; geen vaste bron aan te wijzen.,
885,—,Geografie,Hoeveel landen grenzen aan Frankrijk (vasteland excl. overzeese gebieden)?,8,algemeen naslagwerk,Handmatig opzoeken; geen vaste bron aan te wijzen.,
887,—,Geografie,Hoeveel landen grenzen aan Guatemala?,4,algemeen naslagwerk,Handmatig opzoeken; geen vaste bron aan te wijzen.,
888,—,Geografie,Hoeveel landen grenzen aan Honduras?,3,algemeen naslagwerk,Handmatig opzoeken; geen vaste bron aan te wijzen.,
890,—,Geografie,Hoeveel landen grenzen aan Kameroen?,6,algemeen naslagwerk,Handmatig opzoeken; geen vaste bron aan te wijzen.,
891,—,Geografie,Hoeveel landen grenzen aan Kenia?,5,algemeen naslagwerk,Handmatig opzoeken; geen vaste bron aan te wijzen.,
894,—,Geografie,Hoeveel landen grenzen aan Mozambique?,6,algemeen naslagwerk,Handmatig opzoeken; geen vaste bron aan te wijzen.,
898,—,Geografie,Hoeveel landen grenzen aan Oeganda?,5,algemeen naslagwerk,Handmatig opzoeken; geen vaste bron aan te wijzen.,
906,—,Geografie,Hoeveel landen grenzen aan Spanje (vasteland)?,5,algemeen naslagwerk,Handmatig opzoeken; geen vaste bron aan te wijzen.,
907,—,Geografie,Hoeveel landen grenzen aan Tanzania?,8,algemeen naslagwerk,Handmatig opzoeken; geen vaste bron aan te wijzen.,
911,—,Geografie,Hoeveel landen grenzen aan Zuid-Afrika?,6,algemeen naslagwerk,Handmatig opzoeken; geen vaste bron aan te wijzen.,
919,—,Geografie,Hoeveel landen liggen er aan de Middellandse Zee (Noord-Afrika + Europa + Azië)?,22,algemeen naslagwerk,Handmatig opzoeken; geen vaste bron aan te wijzen.,
920,—,Geografie,Hoeveel landen telt Europa?,50,algemeen naslagwerk,Handmatig opzoeken; geen vaste bron aan te wijzen.,
921,—,Geografie,Hoeveel landen liggen er in Melanesië?,4,algemeen naslagwerk,Handmatig opzoeken; geen vaste bron aan te wijzen.,
923,—,Geografie,Hoeveel landen telt Azië?,49,algemeen naslagwerk,Handmatig opzoeken; geen vaste bron aan te wijzen.,
924,—,Geografie,Hoeveel landen telt Midden-Amerika?,7,algemeen naslagwerk,Handmatig opzoeken; geen vaste bron aan te wijzen.,
925,—,Geografie,Hoeveel landen telt de Sahel-regio?,10,algemeen naslagwerk,Handmatig opzoeken; geen vaste bron aan te wijzen.,
931,—,Geografie,Hoeveel meter hoog is de K2?,8611,algemeen naslagwerk,Handmatig opzoeken; geen vaste bron aan te wijzen.,
943,—,Geografie,Hoeveel meter hoog zijn de Victoriawatervallen?,108,algemeen naslagwerk,Handmatig opzoeken; geen vaste bron aan te wijzen.,
949,—,Geografie,Hoeveel miljoen inwoners heeft Colombia?,52,algemeen naslagwerk,Handmatig opzoeken; geen vaste bron aan te wijzen.,
950,—,Geografie,Hoeveel miljoen inwoners heeft Mexico?,130,algemeen naslagwerk,Handmatig opzoeken; geen vaste bron aan te wijzen.,
951,—,Geografie,Hoeveel miljoen inwoners heeft Nieuw-Zeeland?,5,algemeen naslagwerk,Handmatig opzoeken; geen vaste bron aan te wijzen.,
954,—,Geografie,Hoeveel nationale parken telt de Verenigde Staten?,63,algemeen naslagwerk,Handmatig opzoeken; geen vaste bron aan te wijzen.,
959,—,Geografie,Hoeveel procent van Australië is woestijn of droog gebied?,70,algemeen naslagwerk,Handmatig opzoeken; geen vaste bron aan te wijzen.,
963,—,Geografie,Hoeveel regio's telt Nieuw-Zeeland?,16,algemeen naslagwerk,Handmatig opzoeken; geen vaste bron aan te wijzen.,
964,—,Geografie,Hoeveel staatjes telt Micronesië als federatie?,4,algemeen naslagwerk,Handmatig opzoeken; geen vaste bron aan te wijzen.,
966,—,Geografie,Hoeveel sterren staan er op de Amerikaanse vlag?,50,algemeen naslagwerk,Handmatig opzoeken; geen vaste bron aan te wijzen.,
968,—,Geografie,Hoeveel territoria heeft Australië naast de staten?,2,algemeen naslagwerk,Handmatig opzoeken; geen vaste bron aan te wijzen.,
969,—,Geografie,Hoeveel tijdzones heeft Australië?,3,algemeen naslagwerk,Handmatig opzoeken; geen vaste bron aan te wijzen.,
970,—,Geografie,Hoeveel tijdzones heeft Nieuw-Zeeland?,2,algemeen naslagwerk,Handmatig opzoeken; geen vaste bron aan te wijzen.,
972,—,Geografie,Hoeveel tijdzones telt het vasteland van de VS?,4,algemeen naslagwerk,Handmatig opzoeken; geen vaste bron aan te wijzen.,
998,—,Geschiedenis,Hoeveel jaar duurde de Biafra-oorlog?,3,algemeen naslagwerk,Handmatig opzoeken; geen vaste bron aan te wijzen.,
1007,—,Geschiedenis,Hoeveel landen ondertekenden het Verdrag van Rome in 1957?,6,algemeen naslagwerk,Handmatig opzoeken; geen vaste bron aan te wijzen.,
1008,—,Geschiedenis,Hoeveel landen waren er bij de oprichting van de NAVO in 1949?,12,algemeen naslagwerk,Handmatig opzoeken; geen vaste bron aan te wijzen.,
1024,—,Dagelijks leven,Hoeveel vel papier zitten er in een standaard riem printpapier?,500,algemeen naslagwerk,Handmatig opzoeken; geen vaste bron aan te wijzen.,
1060,—,Kunst en cultuur,Hoeveel bezoekers ontving het Louvre in 2023?,8900000,algemeen naslagwerk,Handmatig opzoeken; geen vaste bron aan te wijzen.,
1062,—,Kunst en cultuur,Hoeveel kilogram weegt de Moai-beelden op Paaseiland gemiddeld?,12500,algemeen naslagwerk,Handmatig opzoeken; geen vaste bron aan te wijzen.,
1064,—,Kunst en cultuur,Hoeveel officiële UNESCO-werelderfgoedlocaties heeft China volgens de UNESCO-werelderfgoedlijst?,59,algemeen naslagwerk,Handmatig opzoeken; geen vaste bron aan te wijzen.,
1065,—,Kunst en cultuur,Hoeveel officiële UNESCO-werelderfgoedlocaties heeft Duitsland volgens de UNESCO-werelderfgoedlijst?,54,algemeen naslagwerk,Handmatig opzoeken; geen vaste bron aan te wijzen.,
1067,—,Kunst en cultuur,Hoeveel panelen telt het Lam Gods van Van Eyck?,12,algemeen naslagwerk,Handmatig opzoeken; geen vaste bron aan te wijzen.,
1102,—,Mode en lifestyle,Hoeveel knopen heeft een standaard overhemd meestal aan de voorkant?,7,algemeen naslagwerk,Handmatig opzoeken; geen vaste bron aan te wijzen.,
1105,—,Muziek,Hoeveel Grammy's won AC/DC?,1,algemeen naslagwerk,Handmatig opzoeken; geen vaste bron aan te wijzen.,
1107,—,Muziek,Hoeveel albums bracht AC/DC uit tot 2024 (studioalbums)?,17,algemeen naslagwerk,Handmatig opzoeken; geen vaste bron aan te wijzen.,
1109,—,Muziek,Hoeveel dansstijlen worden er klassiek onderscheiden in de Cubaanse rumba-familie (drie hoofdstijlen)?,3,algemeen naslagwerk,Handmatig opzoeken; geen vaste bron aan te wijzen.,
1112,—,Muziek,Hoeveel muzikanten telt een klassieke mariachiband?,10,algemeen naslagwerk,Handmatig opzoeken; geen vaste bron aan te wijzen.,
1116,—,Muziek,Hoeveel snaarinstrumenten bevat de klassieke Japanse koto-ensemble van hoort?,13,algemeen naslagwerk,Handmatig opzoeken; geen vaste bron aan te wijzen.,
1117,—,Muziek,Hoeveel snaren heeft de Ethiopische krar?,6,algemeen naslagwerk,Handmatig opzoeken; geen vaste bron aan te wijzen.,
1118,—,Muziek,Hoeveel snaren heeft een Indiase sitar?,20,algemeen naslagwerk,Handmatig opzoeken; geen vaste bron aan te wijzen.,
1119,—,Muziek,Hoeveel snaren heeft de West-Afrikaanse djembé als trommel?,0,algemeen naslagwerk,Handmatig opzoeken; geen vaste bron aan te wijzen.,
1121,—,Muziek,Hoeveel snaren heeft de klassieke Afrikaanse kora traditioneel?,21,algemeen naslagwerk,Handmatig opzoeken; geen vaste bron aan te wijzen.,
1123,—,Muziek,Hoeveel snaren heeft de klassieke Colombiaanse tiple?,12,algemeen naslagwerk,Handmatig opzoeken; geen vaste bron aan te wijzen.,
1124,—,Muziek,Hoeveel snaren heeft de klassieke Mexicaanse mariachi-gitarron (bajo sexto)?,12,algemeen naslagwerk,Handmatig opzoeken; geen vaste bron aan te wijzen.,
1125,—,Muziek,Hoeveel snaren heeft een klassieke Japanse koto?,13,algemeen naslagwerk,Handmatig opzoeken; geen vaste bron aan te wijzen.,
1128,—,Muziek,Hoeveel streams had Die With a Smile volgens Spotify’s 2025-lijst?,3442143544,algemeen naslagwerk,Handmatig opzoeken; geen vaste bron aan te wijzen.,
1129,—,Muziek,Hoeveel studioalbums bracht Kylie Minogue uit?,16,algemeen naslagwerk,Handmatig opzoeken; geen vaste bron aan te wijzen.,
1131,—,Muziek,Hoeveel studioalbums bracht The Beatles uit in het Verenigd Koninkrijk?,12,algemeen naslagwerk,Handmatig opzoeken; geen vaste bron aan te wijzen.,
1134,—,Natuurkunde,Hoeveel decibel veroorzaakt een gemiddeld gesprek op normale toon?,60,algemeen naslagwerk,Handmatig opzoeken; geen vaste bron aan te wijzen.,
1138,—,Geografie,Hoeveel meter diep is de Challengerdiepte in de Marianentrog?,10935,algemeen naslagwerk,Handmatig opzoeken; geen vaste bron aan te wijzen.,
1144,—,Geschiedenis,Hoeveel Hollandse waterlijnen kent de oude Nederlandsche Waterlinie?,3,algemeen naslagwerk,Handmatig opzoeken; geen vaste bron aan te wijzen.,
1146,—,Dagelijks leven,Hoeveel NL-postcodes cijfers heeft een Nederlandse postcode standaard (vier cijfers plus twee letters)?,4,algemeen naslagwerk,Handmatig opzoeken; geen vaste bron aan te wijzen.,
1147,—,Geschiedenis,Hoeveel Nederlandse Nobelprijswinnaars zijn er?,21,algemeen naslagwerk,Handmatig opzoeken; geen vaste bron aan te wijzen.,
1148,—,Sterrenkunde & ruimte,Hoeveel Nederlandse astronauten zijn er naar de ruimte gevlogen?,3,algemeen naslagwerk,Handmatig opzoeken; geen vaste bron aan te wijzen.,
1154,—,Taal,Hoeveel duizend bladzijden telt het Woordenboek der Nederlandsche Taal?,45,algemeen naslagwerk,Handmatig opzoeken; geen vaste bron aan te wijzen.,
1155,—,Muziek,Hoeveel bruggen telt het klassieke orkestnummer Bruggetje van Sainte Anneï in de titel niet?,0,algemeen naslagwerk,Handmatig opzoeken; geen vaste bron aan te wijzen.,
1156,—,Sport,Hoeveel dagen duurt de Alvleeskliervlaamse Wielerweek Vredeskoers niet?,0,algemeen naslagwerk,Handmatig opzoeken; geen vaste bron aan te wijzen.,
1157,—,Kunst en cultuur,Hoeveel dagen duurt de Nederlands Dans Theater-productie Stop-Motion doorgaans per seizoensblok?,3,algemeen naslagwerk,Handmatig opzoeken; geen vaste bron aan te wijzen.,
1162,—,Geografie,Hoeveel duizend inwoners heeft Rotterdam?,670,algemeen naslagwerk,Handmatig opzoeken; geen vaste bron aan te wijzen.,
1167,—,Geografie,Hoeveel graden Celsius is de gemiddelde zomertemperatuur in Nederland?,18,algemeen naslagwerk,Handmatig opzoeken; geen vaste bron aan te wijzen.,
1170,—,Eten & drinken,Hoeveel gram boter gaat in de klassieke Nederlandse boterkoek per 10 porties?,250,algemeen naslagwerk,Handmatig opzoeken; geen vaste bron aan te wijzen.,
1172,—,Eten & drinken,Hoeveel gram weegt een stroopwafel van het merk Daelmans standaard?,32,algemeen naslagwerk,Handmatig opzoeken; geen vaste bron aan te wijzen.,
1173,—,Geografie,Hoeveel duizend inwoners heeft Amsterdam?,933,algemeen naslagwerk,Handmatig opzoeken; geen vaste bron aan te wijzen.,
1175,—,Spellen en speelgoed,Hoeveel kapstokkaarten telt een standaard Nederlandse Mens-erger-je-niet?,4,algemeen naslagwerk,Handmatig opzoeken; geen vaste bron aan te wijzen.,
1177,—,Dagelijks leven,Hoeveel keer per jaar publiceert het CBS de driejaarlijkse woondenquête?,1,algemeen naslagwerk,Handmatig opzoeken; geen vaste bron aan te wijzen.,
1179,—,Sport,Hoeveel keer won Oranje de FIFA World Cup bij de mannen?,0,algemeen naslagwerk,Handmatig opzoeken; geen vaste bron aan te wijzen.,
1180,—,Vervoer,Hoeveel duizend kilometer fietspad telt Nederland?,35,algemeen naslagwerk,Handmatig opzoeken; geen vaste bron aan te wijzen.,
1185,—,Geografie,Hoeveel kilometer van de Maas ligt in Nederland?,250,algemeen naslagwerk,Handmatig opzoeken; geen vaste bron aan te wijzen.,
1186,—,Vervoer,Hoeveel kilometer lang is het metronet van Rotterdam?,78,algemeen naslagwerk,Handmatig opzoeken; geen vaste bron aan te wijzen.,
1188,—,Vervoer,Hoeveel kilometer lang is de Noord-Zuidlijn Amsterdam?,9,algemeen naslagwerk,Handmatig opzoeken; geen vaste bron aan te wijzen.,
1189,—,Gebouwen en infrastructuur,Hoeveel kilometer lang is de Van Brienenoordbrug hoofdspansegment?,300,algemeen naslagwerk,Handmatig opzoeken; geen vaste bron aan te wijzen.,
1194,—,Geschiedenis,Hoeveel kinderen heeft koning Willem-Alexander?,3,algemeen naslagwerk,Handmatig opzoeken; geen vaste bron aan te wijzen.,
1197,—,Geografie,Hoeveel vierkante kilometer groot is de provincie Utrecht?,1449,algemeen naslagwerk,Handmatig opzoeken; geen vaste bron aan te wijzen.,
1198,—,Politiek en recht,"Hoeveel koppen bevat de Nederlandse driehoek bestuursniveaus (rijk, provincie, gemeente)?",3,algemeen naslagwerk,Handmatig opzoeken; geen vaste bron aan te wijzen.,
1203,—,Geschiedenis,Hoeveel landen kocht de VOC formeel aan als koloniale gebieden?,0,algemeen naslagwerk,Handmatig opzoeken; geen vaste bron aan te wijzen.,
1208,—,Eten & drinken,Hoeveel liter melk drinkt een Nederlander per jaar?,50,algemeen naslagwerk,Handmatig opzoeken; geen vaste bron aan te wijzen.,
1209,—,Landbouw en industrie,Hoeveel liter melk geeft een gemiddelde Nederlandse koe per jaar?,9200,algemeen naslagwerk,Handmatig opzoeken; geen vaste bron aan te wijzen.,
1217,—,Vervoer,Hoeveel meter lang is het cruiseschip Rotterdam?,300,algemeen naslagwerk,Handmatig opzoeken; geen vaste bron aan te wijzen.,
1219,—,Politiek en recht,Hoeveel miljard euro bedraagt het Nederlandse defensiebudget?,21,algemeen naslagwerk,Handmatig opzoeken; geen vaste bron aan te wijzen.,
1223,—,Gebouwen en infrastructuur,Hoeveel molens staan er op de Zaanse Schans?,8,algemeen naslagwerk,Handmatig opzoeken; geen vaste bron aan te wijzen.,
1230,—,Economie & geld,Hoeveel procent van de Nederlandse betalingen verloopt contactloos of via pin volgens recente cijfers?,80,algemeen naslagwerk,Handmatig opzoeken; geen vaste bron aan te wijzen.,
1238,—,Geografie,Hoeveel strepen heeft het Nederlandse vlagontwerp in horizontale banen?,3,algemeen naslagwerk,Handmatig opzoeken; geen vaste bron aan te wijzen.,
1239,—,Kunst en cultuur,Hoeveel tekeningen van Rembrandt bezit het Rijksmuseum volgens de huidige collectie-informatie?,64,algemeen naslagwerk,Handmatig opzoeken; geen vaste bron aan te wijzen.,
1244,—,Dieren,Hoeveel dagvlindersoorten komen voor in Nederland?,53,algemeen naslagwerk,Handmatig opzoeken; geen vaste bron aan te wijzen.,
1245,—,Sport,Hoeveel voetbalstadions van eredivisieclubs hebben een capaciteit boven de 50.000 (Amsterdam Arena en De Kuip)?,2,algemeen naslagwerk,Handmatig opzoeken; geen vaste bron aan te wijzen.,
1250,—,Geografie,Hoeveel miljoen inwoners heeft India?,1440,algemeen naslagwerk,Handmatig opzoeken; geen vaste bron aan te wijzen.,
1251,—,Politiek en recht,Hoeveel artikelen telt de Universele Verklaring van de Rechten van de Mens?,30,algemeen naslagwerk,Handmatig opzoeken; geen vaste bron aan te wijzen.,
1255,—,Politiek en recht,Hoeveel electorale stemmen heeft Californië (2024)?,54,algemeen naslagwerk,Handmatig opzoeken; geen vaste bron aan te wijzen.,
1257,—,Politiek en recht,Hoeveel electorale stemmen zijn er nodig om de VS-presidentsverkiezing te winnen?,270,algemeen naslagwerk,Handmatig opzoeken; geen vaste bron aan te wijzen.,
1258,—,Politiek en recht,Hoeveel emiraten heeft Saoedi-Arabië als koninkrijk in bestuurlijke regio (provincies)?,13,algemeen naslagwerk,Handmatig opzoeken; geen vaste bron aan te wijzen.,
1259,—,Politiek en recht,Hoeveel jaar duurt een termijn van het Australische Huis van Afgevaardigden?,3,algemeen naslagwerk,Handmatig opzoeken; geen vaste bron aan te wijzen.,
1260,—,Politiek en recht,Hoeveel jaar duurt een termijn van het Nieuw-Zeelandse parlement?,3,algemeen naslagwerk,Handmatig opzoeken; geen vaste bron aan te wijzen.,
1261,—,Politiek en recht,Hoeveel jaren duurt een termijn van een Amerikaanse senator?,6,algemeen naslagwerk,Handmatig opzoeken; geen vaste bron aan te wijzen.,
1264,—,Politiek en recht,Hoeveel landen gebruiken de Centraal-Afrikaanse CFA frank?,6,algemeen naslagwerk,Handmatig opzoeken; geen vaste bron aan te wijzen.,
1265,—,Politiek en recht,Hoeveel landen gebruiken de West-Afrikaanse CFA-frank?,8,algemeen naslagwerk,Handmatig opzoeken; geen vaste bron aan te wijzen.,
1268,—,Geografie,Hoeveel landen telt Oceanië?,14,algemeen naslagwerk,Handmatig opzoeken; geen vaste bron aan te wijzen.,
1269,—,Politiek en recht,Hoeveel landen zijn lid van de CELAC?,33,algemeen naslagwerk,Handmatig opzoeken; geen vaste bron aan te wijzen.,
1273,—,Politiek en recht,Hoeveel leden telt de ASEAN-organisatie (2024)?,10,algemeen naslagwerk,Handmatig opzoeken; geen vaste bron aan te wijzen.,
1277,—,Politiek en recht,Hoeveel leden telt de SAARC organisatie?,8,algemeen naslagwerk,Handmatig opzoeken; geen vaste bron aan te wijzen.,
1283,—,Politiek en recht,Hoeveel provincies heeft Argentinië (inclusief de hoofdstad als aparte provincie)?,24,algemeen naslagwerk,Handmatig opzoeken; geen vaste bron aan te wijzen.,
1287,—,Politiek en recht,Hoeveel rechterzittingen telt het Amerikaanse Hooggerechtshof?,9,algemeen naslagwerk,Handmatig opzoeken; geen vaste bron aan te wijzen.,
1289,—,Politiek en recht,Hoeveel staten en territoria telt Australië samen?,8,algemeen naslagwerk,Handmatig opzoeken; geen vaste bron aan te wijzen.,
1293,—,Politiek en recht,Hoeveel zetels telt de Nieuw-Zeelandse Kamer van Afgevaardigden?,120,algemeen naslagwerk,Handmatig opzoeken; geen vaste bron aan te wijzen.,
1294,—,Politiek en recht,Hoeveel zetels telt het Australische Huis van Afgevaardigden?,151,algemeen naslagwerk,Handmatig opzoeken; geen vaste bron aan te wijzen.,
1297,—,Records en vergelijkingen,Hoe hoog was de hoogste duik vanaf een klif in meters?,59,algemeen naslagwerk,Handmatig opzoeken; geen vaste bron aan te wijzen.,
1310,—,Records en vergelijkingen,Hoeveel LEGO-steentjes werden gebruikt voor het grootste LEGO-model?,5335200,algemeen naslagwerk,Handmatig opzoeken; geen vaste bron aan te wijzen.,
1311,—,Records en vergelijkingen,Hoeveel jongleurs deden mee aan het grootste jongleerrecord?,1000,algemeen naslagwerk,Handmatig opzoeken; geen vaste bron aan te wijzen.,
1330,—,Spellen en speelgoed,Hoeveel LEGO-studs heeft een standaard 2×4 LEGO-steen aan de bovenkant?,8,algemeen naslagwerk,Handmatig opzoeken; geen vaste bron aan te wijzen.,
1332,—,Spellen en speelgoed,Hoeveel grondstoffenkaarten zitten er in het basisspel van Catan?,95,algemeen naslagwerk,Handmatig opzoeken; geen vaste bron aan te wijzen.,
1333,—,Spellen en speelgoed,"Hoeveel kaarten bevat een klassiek Monopoly-spel in totaal aan eigendoms-, kans- en algemeenfondskaarten?",60,algemeen naslagwerk,Handmatig opzoeken; geen vaste bron aan te wijzen.,
1334,—,Spellen en speelgoed,Hoeveel kaarten krijgt iedere speler bij de start van UNO?,7,algemeen naslagwerk,Handmatig opzoeken; geen vaste bron aan te wijzen.,
1339,—,Spellen en speelgoed,Hoeveel vakjes telt een internationaal dambord (10×10)?,100,algemeen naslagwerk,Handmatig opzoeken; geen vaste bron aan te wijzen.,
1340,—,Spellen en speelgoed,Hoeveel vakken bevat een standaard dambord?,64,algemeen naslagwerk,Handmatig opzoeken; geen vaste bron aan te wijzen.,
1347,—,Sport,Hoeveel games worden er in een Wimbledon-set minimaal gewonnen om de set te pakken?,6,algemeen naslagwerk,Handmatig opzoeken; geen vaste bron aan te wijzen.,
1353,—,Sport,Hoeveel jaar zit er tussen twee WK-voetbaltoernooien?,4,algemeen naslagwerk,Handmatig opzoeken; geen vaste bron aan te wijzen.,
1354,—,Sport,Hoeveel jaar zit er tussen twee zomer-Olympische Spelen?,4,algemeen naslagwerk,Handmatig opzoeken; geen vaste bron aan te wijzen.,
1355,—,Sport,Hoeveel keer was Australië gastheer van de zomer-Olympische Spelen (tot 2032)?,3,algemeen naslagwerk,Handmatig opzoeken; geen vaste bron aan te wijzen.,
1374,—,Sport,Hoeveel kuiven heeft een honkbalveld (bases plus home plate)?,4,algemeen naslagwerk,Handmatig opzoeken; geen vaste bron aan te wijzen.,
1379,—,Sport,Hoeveel meter is de klassieke sprintafstand in de atletiek?,100,algemeen naslagwerk,Handmatig opzoeken; geen vaste bron aan te wijzen.,
1383,—,Sport,Hoeveel meter sprintt een schaatser op de kortebaan-afstand?,500,algemeen naslagwerk,Handmatig opzoeken; geen vaste bron aan te wijzen.,
1384,—,Sport,Hoeveel minuten duurt een NBA-basketbalwedstrijd officieel?,48,algemeen naslagwerk,Handmatig opzoeken; geen vaste bron aan te wijzen.,
1385,—,Sport,Hoeveel minuten duurt een ijshockeywedstrijd netto?,60,algemeen naslagwerk,Handmatig opzoeken; geen vaste bron aan te wijzen.,
1386,—,Sport,Hoeveel minuten duurt een rugbywedstrijd netto?,80,algemeen naslagwerk,Handmatig opzoeken; geen vaste bron aan te wijzen.,
1392,—,Sport,Hoeveel pijlen gooit een darter per beurt?,3,algemeen naslagwerk,Handmatig opzoeken; geen vaste bron aan te wijzen.,
1394,—,Sport,Hoeveel proloog kilometers telt een Tour de France etappe bijna nooit?,0,algemeen naslagwerk,Handmatig opzoeken; geen vaste bron aan te wijzen.,
1395,—,Sport,Hoeveel punten is een maximale dartscore met drie pijlen?,180,algemeen naslagwerk,Handmatig opzoeken; geen vaste bron aan te wijzen.,
1413,—,Sport,Hoeveel teams spelen er in de NBA?,30,algemeen naslagwerk,Handmatig opzoeken; geen vaste bron aan te wijzen.,
1414,—,Sport,Hoeveel teams spelen er in de NFL?,32,algemeen naslagwerk,Handmatig opzoeken; geen vaste bron aan te wijzen.,
1472,—,Technologie,In welk jaar werd de Toyota motorfiets eerste gebouwd - nee Toyota is auto (1885 Daimler - dit zit niet in Azië)?,0,algemeen naslagwerk,Handmatig opzoeken; geen vaste bron aan te wijzen.,
1486,—,Vervoer,Hoeveel gategebieden heeft Atlanta Airport?,7,algemeen naslagwerk,Handmatig opzoeken; geen vaste bron aan te wijzen.,
1506,—,Wiskunde,Hoeveel graden is elke binnenhoek van een regelmatige zeshoek?,120,algemeen naslagwerk,Handmatig opzoeken; geen vaste bron aan te wijzen.,
74,daily,Spellen en speelgoed,Hoeveel LEGO-steentjes worden er wereldwijd per seconde gemaakt?,1300,bedrijfscijfer,Jaarverslag of persmap van het bedrijf zelf.,
546,puzzel,Technologie,Hoeveel duizend zoekopdrachten verwerkt Google wereldwijd per seconde?,99,bedrijfscijfer,Jaarverslag of persmap van het bedrijf zelf.,
1140,—,Natuurkunde,Hoeveel meter per seconde meet een wind van windkracht 5?,10,bedrijfscijfer,Jaarverslag of persmap van het bedrijf zelf.,
1454,—,Technologie,Hoeveel frames per seconde toont een standaard bioscoopfilm?,24,bedrijfscijfer,Jaarverslag of persmap van het bedrijf zelf.,
1488,—,Vervoer,Hoeveel miljoen nieuwe personenauto’s worden er wereldwijd per jaar geproduceerd?,85,bedrijfscijfer,Jaarverslag of persmap van het bedrijf zelf.,
156,puzzel,Dieren,Hoeveel kilometer diep kan de potvis duiken?,2000,natuurgegevens,"IUCN Red List, of een naslagwerk als de Encyclopedia of Life.",
157,puzzel,Dieren,Hoeveel kilometer legt de Noordse stern jaarlijks trekafstand af?,70000,natuurgegevens,"IUCN Red List, of een naslagwerk als de Encyclopedia of Life.",
638,—,Dieren,Hoeveel eieren legt een kangoeroe per worp?,0,natuurgegevens,"IUCN Red List, of een naslagwerk als de Encyclopedia of Life.",
647,—,Dieren,Hoeveel kilogram weegt een volwassen mannelijke Bengaalse tijger?,220,natuurgegevens,"IUCN Red List, of een naslagwerk als de Encyclopedia of Life.",
657,—,Dieren,Hoeveel kilometer per uur sprint een leeuw?,80,natuurgegevens,"IUCN Red List, of een naslagwerk als de Encyclopedia of Life.",
663,—,Dieren,Hoeveel meter lang wordt een Afrikaanse olifant?,7,natuurgegevens,"IUCN Red List, of een naslagwerk als de Encyclopedia of Life.",
675,—,Dieren,Hoeveel soorten telt de kangoeroefamilie (Macropodidae)?,65,natuurgegevens,"IUCN Red List, of een naslagwerk als de Encyclopedia of Life.",
686,—,Dieren,Hoeveel uur per dag slaapt een koala?,20,natuurgegevens,"IUCN Red List, of een naslagwerk als de Encyclopedia of Life.",
687,—,Dieren,Hoeveel uur per dag slaapt een leeuw gemiddeld?,20,natuurgegevens,"IUCN Red List, of een naslagwerk als de Encyclopedia of Life.",
723,—,Eten & drinken,Hoeveel soorten worst kent de Duitse keuken ongeveer?,300,natuurgegevens,"IUCN Red List, of een naslagwerk als de Encyclopedia of Life.",
147,puzzel,Biologie & gezondheid,Hoeveel stappen per dag is de vaak geciteerde streefwaarde?,10000,praktijkkennis — bron twijfelachtig,Er is geen gezaghebbende bron; dit is een vuistregel. Overweeg te schrappen.,
188,puzzel,Eten & drinken,Hoeveel minuten kook je een ei voor een zacht gekookt ei?,6,praktijkkennis — bron twijfelachtig,Er is geen gezaghebbende bron; dit is een vuistregel. Overweeg te schrappen.,
104,daily,Wiskunde,Hoeveel is de som van de getallen 1 tot en met 100?,5050,rekensom — geen bron mogelijk,"Dit is een berekening, geen feit. Een bron bestaat niet en is niet nodig.",
105,daily,Wiskunde,Hoeveel manieren kun je 3 renners op een podium van 8 deelnemers indelen?,336,rekensom — geen bron mogelijk,"Dit is een berekening, geen feit. Een bron bestaat niet en is niet nodig.",
599,puzzel,Wiskunde,Hoeveel zijden heeft een icosaeder?,20,rekensom — geen bron mogelijk,"Dit is een berekening, geen feit. Een bron bestaat niet en is niet nodig.",
506,puzzel,Sport,Hoeveel spelers telt een cricketteam op het veld?,11,sportbond of competitie,"Het reglement van de bond (FIFA, NBA, UCI, World Rugby).",
507,puzzel,Sport,Hoeveel spelers telt een waterpoloteam in het water?,7,sportbond of competitie,"Het reglement van de bond (FIFA, NBA, UCI, World Rugby).",
1235,—,Sport,Hoeveel spelers zitten er in een Nederlands korfbalteam op het veld?,8,sportbond of competitie,"Het reglement van de bond (FIFA, NBA, UCI, World Rugby).",
1388,—,Sport,Hoeveel minuten officiële speeltijd heeft een NBA-wedstrijd?,48,sportbond of competitie,"Het reglement van de bond (FIFA, NBA, UCI, World Rugby).",
1389,—,Sport,Hoeveel minuten officiële speeltijd heeft een NFL-wedstrijd?,60,sportbond of competitie,"Het reglement van de bond (FIFA, NBA, UCI, World Rugby).",
1393,—,Sport,Hoeveel pogingen heeft een gewichtheffer per discipline?,3,sportbond of competitie,"Het reglement van de bond (FIFA, NBA, UCI, World Rugby).",
1402,—,Sport,Hoeveel spelers heeft een basketbalteam op het veld per ploeg?,5,sportbond of competitie,"Het reglement van de bond (FIFA, NBA, UCI, World Rugby).",
1404,—,Sport,Hoeveel spelers heeft een hockeyteam op het veld per ploeg?,11,sportbond of competitie,"Het reglement van de bond (FIFA, NBA, UCI, World Rugby).",
1405,—,Sport,Hoeveel spelers heeft een rugbyteam per ploeg op het veld (union)?,15,sportbond of competitie,"Het reglement van de bond (FIFA, NBA, UCI, World Rugby).",
1411,—,Sport,Hoeveel spelers staat er per ploeg op het veld bij een rugby league-wedstrijd?,13,sportbond of competitie,"Het reglement van de bond (FIFA, NBA, UCI, World Rugby).",
1412,—,Sport,Hoeveel spelers telt een volleybalteam op het veld?,6,sportbond of competitie,"Het reglement van de bond (FIFA, NBA, UCI, World Rugby).",
187,puzzel,Eten & drinken,Hoeveel kcal heeft een middelgroot ei?,70,voedingswaarde,Voedingscentrum (NL) of de USDA FoodData Central (internationaal).,
1171,—,Eten & drinken,Hoeveel gram suiker bevat een standaard reep chocolade van Droste van 100 gram ongeveer?,55,voedingswaarde,Voedingscentrum (NL) of de USDA FoodData Central (internationaal).,
