Nr,Uitkomst,In gebruik,Vraag NL,Antwoord,Bron,Artikel,Bewijs
62,natellen,daily,Hoeveel kilometer fietst een Nederlander gemiddeld per jaar?,1065,https://nl.wikipedia.org/wiki/Nederlanders,Nederlanders,Artikel gaat over het onderwerp maar noemt het getal niet als getal; zelf natellen.
66,natellen,daily,Hoe groot was het grootste permanente IMAX-scherm in vierkante meter?,815,https://nl.wikipedia.org/wiki/IMAX,IMAX,Artikel gaat over het onderwerp maar noemt het getal niet als getal; zelf natellen.
68,geen bron,daily,Hoe lang waren de langste mouwen aan een kledingstuk ooit in meters?,51,,,
69,geen bron,daily,Hoe lang was de langste vrouw ooit in centimeters?,255,,,
72,geen bron,daily,Hoeveel procent van het lichaam was bedekt met tatoeages bij de meest getatoeëerde man?,97,,,
74,bevestigd,daily,Hoeveel LEGO-steentjes worden er wereldwijd per seconde gemaakt?,1300,https://nl.wikipedia.org/wiki/LEGO_Masters_%28Nederland/Vlaanderen%29,LEGO Masters (Nederland/Vlaanderen),Er meldden zich 1.300 mensen aan voor deelname.
95,natellen,daily,Wat is de totale lengte van alle onderzeese internetkabels op aarde in duizend kilometer?,1400,https://nl.wikipedia.org/wiki/Internet,Internet,Artikel gaat over het onderwerp maar noemt het getal niet als getal; zelf natellen.
104,geen bron,daily,Hoeveel is de som van de getallen 1 tot en met 100?,5050,,,
105,geen bron,daily,Hoeveel manieren kun je 3 renners op een podium van 8 deelnemers indelen?,336,,,
147,geen bron,puzzel,Hoeveel stappen per dag is de vaak geciteerde streefwaarde?,10000,,,
156,geen bron,puzzel,Hoeveel kilometer diep kan de potvis duiken?,2000,,,
188,geen bron,puzzel,Hoeveel minuten kook je een ei voor een zacht gekookt ei?,6,,,
190,geen bron,puzzel,Hoeveel shotjes espresso zitten er in een cappuccino?,1,,,
344,natellen,puzzel,Wat is de autorij-afstand van Amsterdam naar Parijs in km?,510,https://nl.wikipedia.org/wiki/Amsterdam,Amsterdam,Artikel gaat over het onderwerp maar noemt het getal niet als getal; zelf natellen.
381,geen bron,puzzel,Hoeveel centimeter lang is een standaard das bij het strikken?,145,,,
382,geen bron,puzzel,Hoeveel gaten heeft een standaard schoenveter meestal in één schoen?,12,,,
384,geen bron,puzzel,Hoeveel millimeter breed is een standaard herenhorlogeband?,22,,,
404,natellen,puzzel,Hoeveel kilometer per uur waait wind bij windkracht 8 volgens de schaal van Beaufort?,75,https://nl.wikipedia.org/wiki/Schaal_van_Beaufort,Schaal van Beaufort,Artikel gaat over het onderwerp maar noemt het getal niet als getal; zelf natellen.
411,natellen,puzzel,Hoeveel kg afval produceert een Nederlander gemiddeld per jaar?,449,https://nl.wikipedia.org/wiki/Nederlanders,Nederlanders,Artikel gaat over het onderwerp maar noemt het getal niet als getal; zelf natellen.
438,geen bron,puzzel,Hoe klein was het kleinste paard ooit in centimeters?,36,,,
446,geen bron,puzzel,Hoe lang was de langste snoepstaaf ooit in kilometer?,1,,,
451,geen bron,puzzel,Hoeveel kilometer was de langste zwemtocht ooit?,500,,,
452,geen bron,puzzel,Hoeveel marathons liep de persoon met het record voor de meeste marathons?,1000,,,
455,geen bron,puzzel,Hoeveel punten scoorde een team in de hoogste basketbalscore ooit?,186,,,
456,geen bron,puzzel,Hoeveel uur duurde het langste videogame-marathonrecord?,135,,,
457,geen bron,puzzel,Hoeveel voertuigen stonden er ongeveer in de langste file ooit?,12000,,,
484,bevestigd,puzzel,Hoeveel pionnen bevat een klassieke Monopoly-set volgens de moderne standaarduitvoering?,8,https://en.wikipedia.org/wiki/Monopoly_%28game%29,Monopoly (game),"==== Token Madness ====
This version of Monopoly contains 8 of the 56 tokens from the 2017 Token Madness event."
491,geen bron,puzzel,Hoeveel vakjes heeft een standaard Mens-erger-je-niet-bord per spelerskleur?,40,,,
546,natellen,puzzel,Hoeveel duizend zoekopdrachten verwerkt Google wereldwijd per seconde?,99,https://nl.wikipedia.org/wiki/Google_LLC,Google LLC,Artikel gaat over het onderwerp maar noemt het getal niet als getal; zelf natellen.
595,geen bron,puzzel,Hoeveel graden is elke binnenhoek van een regelmatige vijfhoek?,108,,,
599,geen bron,puzzel,Hoeveel zijden heeft een icosaeder?,20,,,
601,geen bron,—,Hoeveel basissmaken worden in de moderne smaakleer onderscheiden?,5,,,
603,geen bron,—,Hoeveel botten zitten er in één menselijke voet en enkel?,26,,,
610,natellen,—,Hoeveel ribben heeft een menselijk lichaam in totaal?,24,https://nl.wikipedia.org/wiki/Menselijk_lichaam,Menselijk lichaam,Artikel gaat over het onderwerp maar noemt het getal niet als getal; zelf natellen.
611,natellen,—,Hoeveel spieren heeft het menselijk lichaam ongeveer?,600,https://nl.wikipedia.org/wiki/Menselijk_lichaam,Menselijk lichaam,Artikel gaat over het onderwerp maar noemt het getal niet als getal; zelf natellen.
614,natellen,—,In welk jaar werd de eerste röntgenfoto gemaakt?,1895,https://nl.wikipedia.org/wiki/X-ray,X-ray,Artikel gaat over het onderwerp maar noemt het getal niet als getal; zelf natellen.
632,geen bron,—,Hoeveel vakken heeft een standaard eierdoos?,12,,,
633,natellen,—,Hoeveel bijenkorven produceert de gemiddelde Ethiopische bijenhouder per jaar?,0,https://nl.wikipedia.org/wiki/Ethiopische_kalender,Ethiopische kalender,Artikel gaat over het onderwerp maar noemt het getal niet als getal; zelf natellen.
635,geen bron,—,Hoeveel centimeter hoog wordt een volwassen emoe?,170,,,
637,geen bron,—,Hoeveel dieren bevat de klassieke Big Five van Afrika?,5,,,
638,geen bron,—,Hoeveel eieren legt een kangoeroe per worp?,0,,,
642,geen bron,—,Hoeveel kamers heeft de maag van een geit?,4,,,
643,bevestigd,—,Hoeveel kilogram weegt een volwassen mannelijke rode reuzenkangoeroe maximaal?,90,https://nl.wikipedia.org/wiki/Rode_reuzenkangoeroe,Rode reuzenkangoeroe,"Vrouwtjes zijn kleiner en lichter, gewoonlijk tussen 18 en 36 kg, 75 tot 110 cm lang met een staart van 65 tot 90 cm."
644,natellen,—,"Hoeveel kilogram voedsel (bladeren, gras, takken) eet een volwassen Afrikaanse olifant per dag?",150,https://nl.wikipedia.org/wiki/Afrikaans,Afrikaans,Artikel gaat over het onderwerp maar noemt het getal niet als getal; zelf natellen.
645,natellen,—,Hoeveel kilogram weegt een volwassen mannetjesolifant in Afrika?,6000,https://nl.wikipedia.org/wiki/Afrika,Afrika,Artikel gaat over het onderwerp maar noemt het getal niet als getal; zelf natellen.
647,natellen,—,Hoeveel kilogram weegt een volwassen mannelijke Bengaalse tijger?,220,https://nl.wikipedia.org/wiki/Bengaalse_tijger,Bengaalse tijger,Artikel gaat over het onderwerp maar noemt het getal niet als getal; zelf natellen.
648,geen bron,—,Hoeveel kilogram weegt een volwassen nijlpaard?,1500,,,
649,geen bron,—,Hoeveel kilogram weegt een volwassen emoe?,45,,,
650,geen bron,—,Hoeveel kilogram weegt een volwassen giraffe?,1200,,,
651,geen bron,—,Hoeveel kilogram weegt een volwassen mannelijke jaguar?,100,,,
652,bevestigd,—,Hoeveel kilogram weegt een volwassen witte neushoorn?,2000,https://nl.wikipedia.org/wiki/Witte_neushoorn,Witte neushoorn,"Worden vrouwtjes zo'n 1400 tot 2000 kilogram zwaar, mannetjes kunnen 2000 tot 3600 kilogram wegen."
655,geen bron,—,Hoeveel kilometer per uur haalt een cheetah op zijn snelst?,110,,,
656,geen bron,—,Hoeveel kilometer per uur sprint een jaguar?,80,,,
657,geen bron,—,Hoeveel kilometer per uur sprint een leeuw?,80,,,
659,geen bron,—,Hoeveel magen heeft een koe?,4,,,
662,bevestigd,—,Hoeveel meter lang kan een volwassen nijlkrokodil worden?,5,https://en.wikipedia.org/wiki/Nile,Nile,One of the most visited destinations along the Nile is the Giza pyramid complex – about 9 kilometers (5.6 mi) from the modern course of the Nile in Cairo – which has been a tourist destination since the time of the Greeks.
663,natellen,—,Hoeveel meter lang wordt een Afrikaanse olifant?,7,https://nl.wikipedia.org/wiki/Afrikaans,Afrikaans,Artikel gaat over het onderwerp maar noemt het getal niet als getal; zelf natellen.
664,geen bron,—,Hoeveel meter lang wordt een zoutwaterkrokodil maximaal?,6,,,
671,natellen,—,Hoeveel procent van de wilde leeuwen leeft in Sub-Sahara Afrika?,95,https://nl.wikipedia.org/wiki/Sub-Sahara,Sub-Sahara,Artikel gaat over het onderwerp maar noemt het getal niet als getal; zelf natellen.
672,bevestigd,—,Hoeveel apensoorten telt het Amazonegebied ongeveer?,100,https://nl.wikipedia.org/wiki/Amazon.com,Amazon.com,In 2015 bereikte het bedrijf voor het eerst een omzet van meer dan 100 miljard dollar.
675,natellen,—,Hoeveel soorten telt de kangoeroefamilie (Macropodidae)?,65,https://en.wikipedia.org/wiki/Macropodidae,Macropodidae,Artikel gaat over het onderwerp maar noemt het getal niet als getal; zelf natellen.
680,natellen,—,Hoeveel vogelsoorten telt het Amazonegebied?,1300,https://nl.wikipedia.org/wiki/Amazonebekken,Amazonebekken,Artikel gaat over het onderwerp maar noemt het getal niet als getal; zelf natellen.
683,natellen,—,Hoeveel tanden heeft een volwassen witte haai in één functionele tandrij?,24,https://nl.wikipedia.org/wiki/Witte_haai,Witte haai,Artikel gaat over het onderwerp maar noemt het getal niet als getal; zelf natellen.
684,geen bron,—,Hoeveel tanden wisselt een haai gedurende zijn leven ongeveer?,20000,,,
686,geen bron,—,Hoeveel uur per dag slaapt een koala?,20,,,
687,geen bron,—,Hoeveel uur per dag slaapt een leeuw gemiddeld?,20,,,
688,bevestigd,—,Hoeveel van de 10 giftigste slangen ter wereld komen voor in Australië?,0,https://nl.wikipedia.org/wiki/Australi%C3%AB_%28land%29,Australië (land),"| class=""ta-left"" | Presbyterianisme|Presbyteriaan || 599.500 || 2,8 || 526.700 || 2,3 || −0,5 || −12,1"
690,natellen,—,Hoeveel kilogram weegt een volwassen mannelijke Amerikaanse bizon?,900,https://nl.wikipedia.org/wiki/American,American,Artikel gaat over het onderwerp maar noemt het getal niet als getal; zelf natellen.
695,geen bron,—,Hoeveel biljoen dollar is de jaarlijkse wereldhandel in goederen ongeveer?,26,,,
699,geen bron,—,Hoeveel landen zijn lid van de G7?,7,,,
700,geen bron,—,Hoeveel munten telt een volledige set eurocent- en euromunten?,8,,,
706,geen bron,—,Hoeveel dagen rijpt Parmigiano Reggiano minimaal?,12,,,
713,geen bron,—,Hoeveel kruiden bevat de klassieke Chinese Five-Spice?,5,,,
714,natellen,—,Hoeveel landen hebben de Italiaanse pizza Margherita als cultureel erfgoed erkend?,1,https://en.wikipedia.org/wiki/Italian_immigration_to_Belgium,Italian immigration to Belgium,Artikel gaat over het onderwerp maar noemt het getal niet als getal; zelf natellen.
718,bevestigd,—,Hoeveel liter olijfolie gebruikt een Griek per jaar?,20,https://nl.wikipedia.org/wiki/Griekenland,Griekenland,"In 2016 was 20,7% van de bevolking 65 jaar of ouder, terwijl dit in 1971 slechts 10,9% van de bevolking was."
720,geen bron,—,Hoeveel procent cacao heeft standaard pure chocolade?,70,,,
721,natellen,—,Hoeveel procent van de wereldcacao komt uit West-Afrika?,70,https://nl.wikipedia.org/wiki/West-Afrika,West-Afrika,Artikel gaat over het onderwerp maar noemt het getal niet als getal; zelf natellen.
723,natellen,—,Hoeveel soorten worst kent de Duitse keuken ongeveer?,300,https://en.wikipedia.org/wiki/Duitse_Huis,Duitse Huis,Artikel gaat over het onderwerp maar noemt het getal niet als getal; zelf natellen.
725,bevestigd,—,Hoeveel kaassoorten produceert Frankrijk ongeveer?,300,https://nl.wikipedia.org/wiki/Frankrijk,Frankrijk,"De best verkopende landelijke dagbladen zijn Le Monde (centrumlinks), Libération (links) en Le Figaro (rechts) met circa 300.000 exemplaren per dag en L'Équipe, met voornamelijk sportverslaggeving."
731,natellen,—,Hoeveel Mad Max films zijn er in totaal gemaakt?,5,https://nl.wikipedia.org/wiki/Mad_Max,Mad Max,Artikel gaat over het onderwerp maar noemt het getal niet als getal; zelf natellen.
737,bevestigd,—,Hoeveel Oscars won de film Parasite?,4,https://nl.wikipedia.org/wiki/Parasite_%282019%29,Parasite (2019),| rowspan=4| 73e British Academy Film Awards|BAFTA Awards || colspan=2|Beste film || {{Tabelcel genomineerd}}
748,natellen,—,Hoeveel woorden telt de complete Harry Potter boekenserie (Engels origineel)?,1084170,https://nl.wikipedia.org/wiki/Harry_Potter_%28boekenreeks%29,Harry Potter (boekenreeks),Artikel gaat over het onderwerp maar noemt het getal niet als getal; zelf natellen.
750,geen bron,—,In welk jaar werd de eerste film publiek vertoond?,1895,,,
754,natellen,—,Hoeveel boeken telt de Tenach in de joodse traditie?,24,https://nl.wikipedia.org/wiki/Tenach,Tenach,Artikel gaat over het onderwerp maar noemt het getal niet als getal; zelf natellen.
756,natellen,—,Hoeveel dialogen van Plato zijn traditioneel bewaard gebleven?,36,https://nl.wikipedia.org/wiki/Plato,Plato,Artikel gaat over het onderwerp maar noemt het getal niet als getal; zelf natellen.
758,bevestigd,—,Hoeveel edelwaarheden kent het boeddhisme?,4,https://en.wikipedia.org/wiki/Buddhism,Buddhism,"It is the world's fourth-largest religion, with about 320 million followers, known as Buddhists, who comprise 4.1% of the global population."
764,natellen,—,Hoeveel opdrachten (werken) moest Hercules voltooien volgens de Griekse mythologie?,12,https://nl.wikipedia.org/wiki/Hercules,Hercules,Artikel gaat over het onderwerp maar noemt het getal niet als getal; zelf natellen.
765,geen bron,—,Hoeveel paden telt het Achtvoudige Pad van het boeddhisme?,8,,,
766,bevestigd,—,Hoeveel miljoen pelgrims bezoeken Mekka jaarlijks?,2,https://en.wikipedia.org/wiki/Mecca,Mecca,"Its metropolitan population in 2022 was 2.4 million, making it the third most populated city in Saudi Arabia after Riyadh and Jeddah."
767,natellen,—,Hoeveel procent van de wereldbevolking is boeddhistisch?,7,https://nl.wikipedia.org/wiki/Mahayana_Temple_Buddhist_Association,Mahayana Temple Buddhist Association,Artikel gaat over het onderwerp maar noemt het getal niet als getal; zelf natellen.
769,bevestigd,—,Hoeveel zwaarden waren er volgens de legende van koning Arthur beschikbaar?,1,https://en.wikipedia.org/wiki/King_Arthur,King Arthur,1–14.
770,bevestigd,—,Hoeveel piramides telt Egypte ongeveer?,120,https://nl.wikipedia.org/wiki/Egypte_%28land%29,Egypte (land),| vlag = Bestand:Flag of Egypt.svg|120px|rand|Vlag van Egypte
772,bevestigd,—,Hoeveel boogsegmenten telt het Colosseum per verdieping?,80,https://nl.wikipedia.org/wiki/Colosseum,Colosseum,"Na de voltooiing in 80 werd het ingewijd door keizer Titus, de oudste zoon van keizer Vespasianus."
774,bevestigd,—,Hoeveel jaar duurde de bouw van de Dom van Keulen?,632,https://en.wikipedia.org/wiki/Cologne_Cathedral,Cologne Cathedral,"At that time, the cathedral had a height of 157 metres (515 ft), making it the tallest building in the world – after a total of 632 years of construction."
782,natellen,—,Hoeveel kilometer van de Kanaaltunnel ligt onder zee?,38,https://nl.wikipedia.org/wiki/Kanaaltunnel,Kanaaltunnel,Artikel gaat over het onderwerp maar noemt het getal niet als getal; zelf natellen.
784,natellen,—,Hoeveel kilometer lang was Route 66?,3945,https://nl.wikipedia.org/wiki/Route,Route,Artikel gaat over het onderwerp maar noemt het getal niet als getal; zelf natellen.
786,natellen,—,"Hoeveel meter hoog is de Elizabeth Tower, de toren van Big Ben?",96,https://nl.wikipedia.org/wiki/Big_Ben,Big Ben,Artikel gaat over het onderwerp maar noemt het getal niet als getal; zelf natellen.
787,geen bron,—,Hoeveel meter hoog is het Christus Verlosser-beeld zonder sokkel?,30,,,
789,geen bron,—,Hoeveel meter hoog is de Christus Redentor standbeeld (met sokkel)?,40,,,
792,natellen,—,Hoeveel meter hoog is de Grote Piramide van Gizeh nu?,139,https://en.wikipedia.org/wiki/Great_Pyramid_of_Giza,Great Pyramid of Giza,Artikel gaat over het onderwerp maar noemt het getal niet als getal; zelf natellen.
801,bevestigd,—,Hoeveel meter hoog is kasteel Neuschwanstein?,65,https://en.wikipedia.org/wiki/Neuschwanstein_Castle,Neuschwanstein Castle,"According to Guinness World Records, at 65 metres (213 feet), it is the tallest castle in the world."
807,bevestigd,—,Hoeveel piramides telt het piramideveld van Gizeh (de drie grote)?,3,https://en.wikipedia.org/wiki/Great_Pyramid_of_Giza,Great Pyramid of Giza,"According to Diodorus, the cladding of the pyramid was still in excellent condition at the time, whereas the uppermost part of the pyramid was formed by a platform 6 cubits (3.1 m; 10.3 ft) high."
808,bevestigd,—,Hoeveel rivieren bruggen telt Sydney Harbour?,0,https://en.wikipedia.org/wiki/Sydney_Harbour_Bridge,Sydney Harbour Bridge,| length = {{Convert|1149|m|ft|0|abbr=on}}
811,bevestigd,—,Hoeveel sluizen heeft het Panamakanaal?,12,https://en.wikipedia.org/wiki/Panama_Canal,Panama Canal,"For its first century, the width and length of ships that may transit the canal was limited by the Pedro Miguel Locks; their draft by the canal's minimum 12.6 m (41.2 ft) depth; and their height by the main span of the Bridge of the Americas at Balboa."
812,bevestigd,—,Hoeveel stappen telt El Castillo van Chichen Itza in totaal inclusief de top?,365,https://en.wikipedia.org/wiki/El_Castillo%2C_Chichen_Itza,"El Castillo, Chichen Itza","All four sides of the temple have approximately 91 steps which, when added together and including the temple platform on top as the final ""step"", may produce a total of 365 steps (the steps on the south side of the temple are eroded)."
813,geen bron,—,Hoeveel stappen telt de Mayapyramide El Castillo per zijde?,91,,,
824,natellen,—,Hoeveel verdiepingen heeft de Q1 Tower in Gold Coast (tallest in Australië)?,78,https://nl.wikipedia.org/wiki/Gold_Coast,Gold Coast,Artikel gaat over het onderwerp maar noemt het getal niet als getal; zelf natellen.
825,natellen,—,Hoeveel verdiepingen heeft de Tokyo Skytree uitkijkplatform?,2,https://nl.wikipedia.org/wiki/Tokyo_Skytree,Tokyo Skytree,Artikel gaat over het onderwerp maar noemt het getal niet als getal; zelf natellen.
826,natellen,—,Hoeveel verdiepingen heeft het Witte Huis?,4,https://nl.wikipedia.org/wiki/Witte_Huis_%28Washington%29,Witte Huis (Washington),Artikel gaat over het onderwerp maar noemt het getal niet als getal; zelf natellen.
834,natellen,—,Hoeveel Afrikaanse landen grenzen aan de Atlantische Oceaan?,23,https://nl.wikipedia.org/wiki/Atlantische_Oceaan,Atlantische Oceaan,Artikel gaat over het onderwerp maar noemt het getal niet als getal; zelf natellen.
835,natellen,—,Hoeveel Afrikaanse landen grenzen aan de Middellandse Zee?,6,https://nl.wikipedia.org/wiki/Middellandse_Zee,Middellandse Zee,Artikel gaat over het onderwerp maar noemt het getal niet als getal; zelf natellen.
836,natellen,—,Hoeveel Afrikaanse landen liggen aan de Rode Zee?,6,https://nl.wikipedia.org/wiki/Afrikaans,Afrikaans,Artikel gaat over het onderwerp maar noemt het getal niet als getal; zelf natellen.
838,natellen,—,Hoeveel duizend inwoners heeft Luxemburg?,660,https://nl.wikipedia.org/wiki/Luxemburg_%28land%29,Luxemburg (land),Artikel gaat over het onderwerp maar noemt het getal niet als getal; zelf natellen.
841,bevestigd,—,Hoeveel eilanden telt Papoea-Nieuw-Guinea ongeveer?,600,https://en.wikipedia.org/wiki/Papua_New_Guinea,Papua New Guinea,"There are four larger islands (Bougainville, Manus, New Britain, and New Ireland) and over 600 smaller ones; the smaller islands also often have steep slopes and small coastal areas."
846,bevestigd,—,Hoeveel eilandstaten telt Afrika?,6,https://en.wikipedia.org/wiki/Africa,Africa,"At about 30.3 million km2 (11.7 million square miles) including adjacent islands, it covers around 20% of Earth's land area and 6% of its total surface area."
848,bevestigd,—,Hoeveel hoofdeilanden heeft Nieuw-Zeeland?,2,https://nl.wikipedia.org/wiki/Nieuw-Zeeland,Nieuw-Zeeland,"| religie = 15,4% Protestantisme|protestants 10,1% Katholicisme|katholiek 11,9% overig Christendom|christelijk 1,1% boeddhisme|boeddhistisch 2,7% Hindoeïsme|hindoeïstisch 8,9% overige of niet opgegeven 48,6% niet-religieus"
853,natellen,—,Hoeveel duizend kilometer lang is de Australische kustlijn?,36,https://en.wikipedia.org/wiki/Australische_Zeitung,Australische Zeitung,Artikel gaat over het onderwerp maar noemt het getal niet als getal; zelf natellen.
859,natellen,—,Hoeveel kilometer breed is de Kalahariwoestijn ongeveer?,900,https://nl.wikipedia.org/wiki/Kalahari,Kalahari,Artikel gaat over het onderwerp maar noemt het getal niet als getal; zelf natellen.
868,natellen,—,Hoeveel kilometer lang is de kustlijn van Canada ongeveer?,202080,https://nl.wikipedia.org/wiki/Canada,Canada,Artikel gaat over het onderwerp maar noemt het getal niet als getal; zelf natellen.
871,natellen,—,Door hoeveel landen loopt het Andesgebergte?,7,https://nl.wikipedia.org/wiki/Andes,Andes,Artikel gaat over het onderwerp maar noemt het getal niet als getal; zelf natellen.
875,natellen,—,Hoeveel landen grenzen aan Argentinië?,5,https://nl.wikipedia.org/wiki/Argentini%C3%AB,Argentinië,Artikel gaat over het onderwerp maar noemt het getal niet als getal; zelf natellen.
880,natellen,—,Hoeveel landen grenzen aan Congo-Kinshasa?,9,https://nl.wikipedia.org/wiki/Congo-Kinshasa,Congo-Kinshasa,Artikel gaat over het onderwerp maar noemt het getal niet als getal; zelf natellen.
884,natellen,—,Hoeveel landen grenzen aan Ethiopië?,6,https://nl.wikipedia.org/wiki/Ethiopi%C3%AB,Ethiopië,Artikel gaat over het onderwerp maar noemt het getal niet als getal; zelf natellen.
885,bevestigd,—,Hoeveel landen grenzen aan Frankrijk (vasteland excl. overzeese gebieden)?,8,https://en.wikipedia.org/wiki/France,France,"French films account for 35% of the total film revenues of France, which is the highest percentage of national film revenues in the developed world outside the United States, compared to 14% in Spain and 8% in the UK."
887,natellen,—,Hoeveel landen grenzen aan Guatemala?,4,https://nl.wikipedia.org/wiki/Guatemala,Guatemala,Artikel gaat over het onderwerp maar noemt het getal niet als getal; zelf natellen.
888,natellen,—,Hoeveel landen grenzen aan Honduras?,3,https://nl.wikipedia.org/wiki/Honduras,Honduras,Artikel gaat over het onderwerp maar noemt het getal niet als getal; zelf natellen.
890,natellen,—,Hoeveel landen grenzen aan Kameroen?,6,https://nl.wikipedia.org/wiki/Kameroen,Kameroen,Artikel gaat over het onderwerp maar noemt het getal niet als getal; zelf natellen.
891,natellen,—,Hoeveel landen grenzen aan Kenia?,5,https://nl.wikipedia.org/wiki/Kenia,Kenia,Artikel gaat over het onderwerp maar noemt het getal niet als getal; zelf natellen.
894,natellen,—,Hoeveel landen grenzen aan Mozambique?,6,https://nl.wikipedia.org/wiki/Mozambique,Mozambique,Artikel gaat over het onderwerp maar noemt het getal niet als getal; zelf natellen.
898,natellen,—,Hoeveel landen grenzen aan Oeganda?,5,https://nl.wikipedia.org/wiki/Oeganda,Oeganda,Artikel gaat over het onderwerp maar noemt het getal niet als getal; zelf natellen.
906,natellen,—,Hoeveel landen grenzen aan Spanje (vasteland)?,5,https://nl.wikipedia.org/wiki/Spanje,Spanje,Artikel gaat over het onderwerp maar noemt het getal niet als getal; zelf natellen.
907,natellen,—,Hoeveel landen grenzen aan Tanzania?,8,https://nl.wikipedia.org/wiki/Tanzania,Tanzania,Artikel gaat over het onderwerp maar noemt het getal niet als getal; zelf natellen.
911,bevestigd,—,Hoeveel landen grenzen aan Zuid-Afrika?,6,https://en.wikipedia.org/wiki/South_Africa,South Africa,"As of 2026, its largest export markets are China (12.5%), the United States (7.7%), Germany (7.4%), Japan (5.6%) and the United Kingdom (4.0%), while its principal import sources are China (22.7%), India (12.2%), Nigeria (6.8%), the United States (6.3%) and Germany (5.7%)."
919,natellen,—,Hoeveel landen liggen er aan de Middellandse Zee (Noord-Afrika + Europa + Azië)?,22,https://nl.wikipedia.org/wiki/Middellandse_Zee,Middellandse Zee,Artikel gaat over het onderwerp maar noemt het getal niet als getal; zelf natellen.
920,bevestigd,—,Hoeveel landen telt Europa?,50,https://en.wikipedia.org/wiki/Europe,Europe,"In the course of the 5th century BCE, several of the Greek city states would ultimately check the Achaemenid Persian advance in Europe through the Greco-Persian Wars, considered a pivotal moment in world history, as the 50 years of peace that followed are known as Golden Age of Athens, the seminal period of ancient Gre"
921,bevestigd,—,Hoeveel landen liggen er in Melanesië?,4,https://en.wikipedia.org/wiki/Melanesia,Melanesia,|title = ''' List of sovereign states and dependent territories in Oceania|4 '''
923,bevestigd,—,Hoeveel landen telt Azië?,49,https://en.wikipedia.org/wiki/Asia,Asia,"Asia is subdivided into 49 countries, five of them (Georgia, Azerbaijan, Russia, Kazakhstan and Turkey) are transcontinental countries lying partly in Europe."
924,bevestigd,—,Hoeveel landen telt Midden-Amerika?,7,https://en.wikipedia.org/wiki/Central_America,Central America,"SICA membership includes the 7 nations of Central America plus the Dominican Republic, a state that is traditionally considered part of the Caribbean."
925,natellen,—,Hoeveel landen telt de Sahel-regio?,10,https://nl.wikipedia.org/wiki/Sahel_%28Burkina_Faso%29,Sahel (Burkina Faso),Artikel gaat over het onderwerp maar noemt het getal niet als getal; zelf natellen.
931,geen bron,—,Hoeveel meter hoog is de K2?,8611,,,
943,bevestigd,—,Hoeveel meter hoog zijn de Victoriawatervallen?,108,https://en.wikipedia.org/wiki/Victoria_Falls,Victoria Falls,"== Size ==
Victoria Falls is classified as the largest based on its combined width of 1,708 metres (5,604 ft) and height of 108 metres (354 ft), resulting in the world's largest sheet of falling water."
949,bevestigd,—,Hoeveel miljoen inwoners heeft Colombia?,52,https://en.wikipedia.org/wiki/Colombia,Colombia,"It covers an area of 1,141,748 square kilometers (440,831 sq mi) and has a population of around 52 million."
950,natellen,—,Hoeveel miljoen inwoners heeft Mexico?,130,https://nl.wikipedia.org/wiki/Mexico_%28land%29,Mexico (land),Artikel gaat over het onderwerp maar noemt het getal niet als getal; zelf natellen.
951,bevestigd,—,Hoeveel miljoen inwoners heeft Nieuw-Zeeland?,5,https://en.wikipedia.org/wiki/New_Zealand,New Zealand,"Today, the majority of New Zealand's population of around 5.3 million is of European descent; the indigenous Māori are the largest minority, followed by Asians and Pasifika."
954,natellen,—,Hoeveel nationale parken telt de Verenigde Staten?,63,https://nl.wikipedia.org/wiki/Verenigde_Staten,Verenigde Staten,Artikel gaat over het onderwerp maar noemt het getal niet als getal; zelf natellen.
959,natellen,—,Hoeveel procent van Australië is woestijn of droog gebied?,70,https://nl.wikipedia.org/wiki/Australi%C3%AB_%28land%29,Australië (land),Artikel gaat over het onderwerp maar noemt het getal niet als getal; zelf natellen.
963,bevestigd,—,Hoeveel regio's telt Nieuw-Zeeland?,16,https://nl.wikipedia.org/wiki/Nieuw-Zeeland,Nieuw-Zeeland,"Van de protestantse kerkgenootschappen is de Anglicaanse Kerk de grootste (22%), gevolgd door de presbyterianen (16%) en de methodisten (5%)."
964,bevestigd,—,Hoeveel staatjes telt Micronesië als federatie?,4,https://en.wikipedia.org/wiki/Micronesia,Micronesia,"The 2010 census showed the Northern Mariana Islands was 50% Asian of which 35.3% were Filipino, 6.8% Chinese, 4.2% Korean and 3.7% other Asian (mainly Japanese, Bangladeshi and Thai)."
966,natellen,—,Hoeveel sterren staan er op de Amerikaanse vlag?,50,https://nl.wikipedia.org/wiki/American,American,Artikel gaat over het onderwerp maar noemt het getal niet als getal; zelf natellen.
968,natellen,—,Hoeveel territoria heeft Australië naast de staten?,2,https://nl.wikipedia.org/wiki/Australi%C3%AB_%28land%29,Australië (land),Artikel gaat over het onderwerp maar noemt het getal niet als getal; zelf natellen.
969,bevestigd,—,Hoeveel tijdzones heeft Australië?,3,https://en.wikipedia.org/wiki/Australia,Australia,"Australia has a population density of 3.4 persons per square kilometre of total land area, which makes it one of the most sparsely populated countries in the world."
970,bevestigd,—,Hoeveel tijdzones heeft Nieuw-Zeeland?,2,https://en.wikipedia.org/wiki/Zeeland,Zeeland,"| demographics2_footnotes = {{cite web|url=https://ec.europa.eu/eurostat/databrowser/view/tgs00003/default/table?lang=en|title=EU regions by GDP, Eurostat}}"
972,geen bron,—,Hoeveel tijdzones telt het vasteland van de VS?,4,,,
984,natellen,—,Hoeveel duizend vierkante kilometer groot is Australië?,7692,https://nl.wikipedia.org/wiki/Australi%C3%AB_%28land%29,Australië (land),Artikel gaat over het onderwerp maar noemt het getal niet als getal; zelf natellen.
986,natellen,—,Hoeveel Amerikaanse militairen kwamen tijdens de Tweede Wereldoorlog om het leven?,405000,https://nl.wikipedia.org/wiki/Tweede_Wereldoorlog,Tweede Wereldoorlog,Artikel gaat over het onderwerp maar noemt het getal niet als getal; zelf natellen.
996,bevestigd,—,Hoeveel jaar duurde de Amerikaanse Burgeroorlog?,4,https://en.wikipedia.org/wiki/American_Civil_War,American Civil War,"Lincoln was inaugurated on March 4, 1861, four months after his 1860 election, which afforded the South time to prepare for war."
998,bevestigd,—,Hoeveel jaar duurde de Biafra-oorlog?,3,https://en.wikipedia.org/wiki/Jello_Biafra,Jello Biafra,"Biafra finished fourth out of a field of ten in the first round of voting, receiving 3.79 percent of the vote (6,591 votes); he failed to advance to the runoff and Dianne Feinstein won the second round of the voting."
1007,natellen,—,Hoeveel landen ondertekenden het Verdrag van Rome in 1957?,6,https://en.wikipedia.org/wiki/Treaty_of_Rome,Treaty of Rome,Artikel gaat over het onderwerp maar noemt het getal niet als getal; zelf natellen.
1008,bevestigd,—,Hoeveel landen waren er bij de oprichting van de NAVO in 1949?,12,https://en.wikipedia.org/wiki/NATO,NATO,"The 12 founding members of the alliance were Belgium, Canada, Denmark, France, Iceland, Italy, Luxembourg, the Netherlands, Norway, Portugal, the United Kingdom, and the United States."
1011,natellen,—,Hoeveel mensen dienden in totaal in het Amerikaanse leger tijdens de Tweede Wereldoorlog?,16000000,https://nl.wikipedia.org/wiki/Tweede_Wereldoorlog,Tweede Wereldoorlog,Artikel gaat over het onderwerp maar noemt het getal niet als getal; zelf natellen.
1024,geen bron,—,Hoeveel vel papier zitten er in een standaard riem printpapier?,500,,,
1060,natellen,—,Hoeveel bezoekers ontving het Louvre in 2023?,8900000,https://nl.wikipedia.org/wiki/Louvre,Louvre,Artikel gaat over het onderwerp maar noemt het getal niet als getal; zelf natellen.
1062,natellen,—,Hoeveel kilogram weegt de Moai-beelden op Paaseiland gemiddeld?,12500,https://nl.wikipedia.org/wiki/Moai,Moai,Artikel gaat over het onderwerp maar noemt het getal niet als getal; zelf natellen.
1064,bevestigd,—,Hoeveel officiële UNESCO-werelderfgoedlocaties heeft China volgens de UNESCO-werelderfgoedlijst?,59,https://en.wikipedia.org/wiki/China,China,"About 17.95% were 14 years old or younger, 63.35% were between 15 and 59, and 18.7% were over 60."
1065,natellen,—,Hoeveel officiële UNESCO-werelderfgoedlocaties heeft Duitsland volgens de UNESCO-werelderfgoedlijst?,54,https://nl.wikipedia.org/wiki/Werelderfgoedlijst,Werelderfgoedlijst,Artikel gaat over het onderwerp maar noemt het getal niet als getal; zelf natellen.
1067,bevestigd,—,Hoeveel panelen telt het Lam Gods van Van Eyck?,12,https://nl.wikipedia.org/wiki/Het_Lam_Gods_%28gebroeders_Van_Eyck%29,Het Lam Gods (gebroeders Van Eyck),"Eén en ander vindt zijn oorsprong in het Oude Testament, Bijbelboek Exodus, hoofdstuk 12 (De instelling van het Pascha/ Pesach)."
1073,geen bron,—,Hoeveel bijen leven er in een sterk bijenvolk in de zomer?,50000,,,
1088,natellen,—,Hoeveel winkels heeft Aldi wereldwijd ongeveer?,12500,https://nl.wikipedia.org/wiki/Aldi,Aldi,Artikel gaat over het onderwerp maar noemt het getal niet als getal; zelf natellen.
1089,natellen,—,Hoeveel winkels heeft Lidl wereldwijd ongeveer?,12500,https://nl.wikipedia.org/wiki/Lidl,Lidl,Artikel gaat over het onderwerp maar noemt het getal niet als getal; zelf natellen.
1096,geen bron,—,Hoeveel procent van de wetlands is sinds 1700 wereldwijd verdwenen?,85,,,
1102,geen bron,—,Hoeveel knopen heeft een standaard overhemd meestal aan de voorkant?,7,,,
1105,bevestigd,—,Hoeveel Grammy's won AC/DC?,1,https://en.wikipedia.org/wiki/Grammy_Awards,Grammy Awards,"The 68th Annual Grammy Awards, featuring a total of 95 categories, were presented on February 1, 2026."
1107,geen bron,—,Hoeveel albums bracht AC/DC uit tot 2024 (studioalbums)?,17,,,
1109,bevestigd,—,Hoeveel dansstijlen worden er klassiek onderscheiden in de Cubaanse rumba-familie (drie hoofdstijlen)?,3,https://nl.wikipedia.org/wiki/Cubaanse_Revolutie,Cubaanse Revolutie,| casualties3 = 5.000 doden (1958-1959)
1112,geen bron,—,Hoeveel muzikanten telt een klassieke mariachiband?,10,,,
1116,bevestigd,—,Hoeveel snaarinstrumenten bevat de klassieke Japanse koto-ensemble van hoort?,13,https://nl.wikipedia.org/wiki/Japan,Japan,"Voor het aandeel van de jongeren, tot 15 jaar, zijn de cijfers 35%, 13% en 10% voor dezelfde jaren."
1117,natellen,—,Hoeveel snaren heeft de Ethiopische krar?,6,https://nl.wikipedia.org/wiki/Ethiopische_kalender,Ethiopische kalender,Artikel gaat over het onderwerp maar noemt het getal niet als getal; zelf natellen.
1118,natellen,—,Hoeveel snaren heeft een Indiase sitar?,20,https://nl.wikipedia.org/wiki/India,India,Artikel gaat over het onderwerp maar noemt het getal niet als getal; zelf natellen.
1119,geen bron,—,Hoeveel snaren heeft de West-Afrikaanse djembé als trommel?,0,,,
1121,natellen,—,Hoeveel snaren heeft de klassieke Afrikaanse kora traditioneel?,21,https://nl.wikipedia.org/wiki/Afrikaans,Afrikaans,Artikel gaat over het onderwerp maar noemt het getal niet als getal; zelf natellen.
1123,natellen,—,Hoeveel snaren heeft de klassieke Colombiaanse tiple?,12,https://nl.wikipedia.org/wiki/Colombia,Colombia,Artikel gaat over het onderwerp maar noemt het getal niet als getal; zelf natellen.
1124,natellen,—,Hoeveel snaren heeft de klassieke Mexicaanse mariachi-gitarron (bajo sexto)?,12,https://en.wikipedia.org/wiki/Mexican,Mexican,Artikel gaat over het onderwerp maar noemt het getal niet als getal; zelf natellen.
1125,natellen,—,Hoeveel snaren heeft een klassieke Japanse koto?,13,https://nl.wikipedia.org/wiki/Japan,Japan,Artikel gaat over het onderwerp maar noemt het getal niet als getal; zelf natellen.
1128,natellen,—,Hoeveel streams had Die With a Smile volgens Spotify’s 2025-lijst?,3442143544,https://en.wikipedia.org/wiki/Spotify,Spotify,Artikel gaat over het onderwerp maar noemt het getal niet als getal; zelf natellen.
1129,bevestigd,—,Hoeveel studioalbums bracht Kylie Minogue uit?,16,https://nl.wikipedia.org/wiki/Kylie_Minogue,Kylie Minogue,"|align=""left""|''Better the devil you know''||1990||16-06-1990||22||6|| Nr. 16 in de Nationale Hitparade|Nationale Top 100"
1131,bevestigd,—,Hoeveel studioalbums bracht The Beatles uit in het Verenigd Koninkrijk?,12,https://nl.wikipedia.org/wiki/Verenigd_Koninkrijk,Verenigd Koninkrijk,"Voor die tijd bestond een pond uit 20 shilling en een shilling uit 12 pence, waardoor het pond dus 240 pence telde."
1134,geen bron,—,Hoeveel decibel veroorzaakt een gemiddeld gesprek op normale toon?,60,,,
1138,natellen,—,Hoeveel meter diep is de Challengerdiepte in de Marianentrog?,10935,https://nl.wikipedia.org/wiki/Challengerdiepte,Challengerdiepte,Artikel gaat over het onderwerp maar noemt het getal niet als getal; zelf natellen.
1140,geen bron,—,Hoeveel meter per seconde meet een wind van windkracht 5?,10,,,
1141,geen bron,—,Wat is de snelheid van het geluid in droge lucht bij 20°C in km/u?,1235,,,
1144,natellen,—,Hoeveel Hollandse waterlijnen kent de oude Nederlandsche Waterlinie?,3,https://en.wikipedia.org/wiki/Hollandse_Synagoge,Hollandse Synagoge,Artikel gaat over het onderwerp maar noemt het getal niet als getal; zelf natellen.
1146,bevestigd,—,Hoeveel NL-postcodes cijfers heeft een Nederlandse postcode standaard (vier cijfers plus twee letters)?,4,https://nl.wikipedia.org/wiki/Nederland,Nederland,"Ter vergelijking: de Belgische bevolking groeide van anderhalf keer zo groot als die van Nederland (4,5 miljoen in 1850) tot ruim een derde kleiner (10 miljoen in 2000)."
1147,natellen,—,Hoeveel Nederlandse Nobelprijswinnaars zijn er?,21,https://nl.wikipedia.org/wiki/Lijst_van_Nederlandse_Nobelprijswinnaars,Lijst van Nederlandse Nobelprijswinnaars,Artikel gaat over het onderwerp maar noemt het getal niet als getal; zelf natellen.
1148,bevestigd,—,Hoeveel Nederlandse astronauten zijn er naar de ruimte gevlogen?,3,https://nl.wikipedia.org/wiki/Nederland,Nederland,"Door een gunstige zeewatertemperatuur van 3 °C in de winter en 16 °C in de zomer zijn vooral de Waddenzee en de Oosterschelde belangrijk als kraamkamer van onder meer schol, tong en mosselen."
1154,natellen,—,Hoeveel duizend bladzijden telt het Woordenboek der Nederlandsche Taal?,45,https://nl.wikipedia.org/wiki/Woordenboek_der_Nederlandsche_Taal,Woordenboek der Nederlandsche Taal,Artikel gaat over het onderwerp maar noemt het getal niet als getal; zelf natellen.
1155,geen bron,—,Hoeveel bruggen telt het klassieke orkestnummer Bruggetje van Sainte Anneï in de titel niet?,0,,,
1156,geen bron,—,Hoeveel dagen duurt de Alvleeskliervlaamse Wielerweek Vredeskoers niet?,0,,,
1157,bevestigd,—,Hoeveel dagen duurt de Nederlands Dans Theater-productie Stop-Motion doorgaans per seizoensblok?,3,https://nl.wikipedia.org/wiki/Nederlands_Dans_Theater,Nederlands Dans Theater,"Tussen 1991 en 2006 bestond nog een derde groep: NDT 3 (dansers vanaf 40 jaar), opgericht op initiatief van Jiří Kylián."
1162,natellen,—,Hoeveel duizend inwoners heeft Rotterdam?,670,https://nl.wikipedia.org/wiki/Rotterdam,Rotterdam,Artikel gaat over het onderwerp maar noemt het getal niet als getal; zelf natellen.
1167,natellen,—,Hoeveel graden Celsius is de gemiddelde zomertemperatuur in Nederland?,18,https://nl.wikipedia.org/wiki/Nederland,Nederland,Artikel gaat over het onderwerp maar noemt het getal niet als getal; zelf natellen.
1170,natellen,—,Hoeveel gram boter gaat in de klassieke Nederlandse boterkoek per 10 porties?,250,https://nl.wikipedia.org/wiki/Nederland,Nederland,Artikel gaat over het onderwerp maar noemt het getal niet als getal; zelf natellen.
1171,natellen,—,Hoeveel gram suiker bevat een standaard reep chocolade van Droste van 100 gram ongeveer?,55,https://nl.wikipedia.org/wiki/Droste,Droste,Artikel gaat over het onderwerp maar noemt het getal niet als getal; zelf natellen.
1172,natellen,—,Hoeveel gram weegt een stroopwafel van het merk Daelmans standaard?,32,https://nl.wikipedia.org/wiki/Arne_Daelmans,Arne Daelmans,Artikel gaat over het onderwerp maar noemt het getal niet als getal; zelf natellen.
1173,natellen,—,Hoeveel duizend inwoners heeft Amsterdam?,933,https://nl.wikipedia.org/wiki/Amsterdam,Amsterdam,Artikel gaat over het onderwerp maar noemt het getal niet als getal; zelf natellen.
1175,geen bron,—,Hoeveel kapstokkaarten telt een standaard Nederlandse Mens-erger-je-niet?,4,,,
1177,bevestigd,—,Hoeveel keer per jaar publiceert het CBS de driejaarlijkse woondenquête?,1,https://en.wikipedia.org/wiki/CBS,CBS,"== Programming ==

As of 2026, CBS provides 87+1⁄2 hours of regularly scheduled network programming each week."
1179,bevestigd,—,Hoeveel keer won Oranje de FIFA World Cup bij de mannen?,0,https://en.wikipedia.org/wiki/2026_FIFA_World_Cup_squads,2026 FIFA World Cup squads,"| {{#invoke:flag|deco|BRA}} ''' Brazilian football league system|Brazil ''' ||style=""text-align:center"" | 32 ||style=""text-align:center""| {{Decimals|{{#expr:32/1248*100}}|2}}% ||style=""text-align:center""| 25 ||style=""text-align:center""| 0"
1180,natellen,—,Hoeveel duizend kilometer fietspad telt Nederland?,35,https://nl.wikipedia.org/wiki/Nederland,Nederland,Artikel gaat over het onderwerp maar noemt het getal niet als getal; zelf natellen.
1185,natellen,—,Hoeveel kilometer van de Maas ligt in Nederland?,250,https://nl.wikipedia.org/wiki/Nederland,Nederland,Artikel gaat over het onderwerp maar noemt het getal niet als getal; zelf natellen.
1186,bevestigd,—,Hoeveel kilometer lang is het metronet van Rotterdam?,78,https://en.wikipedia.org/wiki/Rotterdam,Rotterdam,"The metro network has 78.3 km (48.7 mi) of rail tracks, and there are 70 stations, which makes it the largest of the Benelux."
1188,geen bron,—,Hoeveel kilometer lang is de Noord-Zuidlijn Amsterdam?,9,,,
1189,natellen,—,Hoeveel kilometer lang is de Van Brienenoordbrug hoofdspansegment?,300,https://nl.wikipedia.org/wiki/Van_Brienenoordbrug,Van Brienenoordbrug,Artikel gaat over het onderwerp maar noemt het getal niet als getal; zelf natellen.
1193,bevestigd,—,Hoeveel kilometer lang is de kust van de Nederlandse Waddeneilanden ongeveer?,300,https://nl.wikipedia.org/wiki/Waddeneilanden,Waddeneilanden,"De zandplaat beslaat dan zo'n 2,5 bij 1,2 kilometer, ofwel 300 hectare."
1194,bevestigd,—,Hoeveel kinderen heeft koning Willem-Alexander?,3,https://nl.wikipedia.org/wiki/Willem-Alexander_der_Nederlanden,Willem-Alexander der Nederlanden,"Om die reden groeide hij op met alleen naar de radio te luisteren, voornamelijk naar de Nederlandse publieke zender Hilversum 3; de popzender."
1197,natellen,—,Hoeveel vierkante kilometer groot is de provincie Utrecht?,1449,https://nl.wikipedia.org/wiki/Utrecht_%28stad%29,Utrecht (stad),Artikel gaat over het onderwerp maar noemt het getal niet als getal; zelf natellen.
1198,bevestigd,—,"Hoeveel koppen bevat de Nederlandse driehoek bestuursniveaus (rijk, provincie, gemeente)?",3,https://nl.wikipedia.org/wiki/Nederland,Nederland,"Door een gunstige zeewatertemperatuur van 3 °C in de winter en 16 °C in de zomer zijn vooral de Waddenzee en de Oosterschelde belangrijk als kraamkamer van onder meer schol, tong en mosselen."
1203,geen bron,—,Hoeveel landen kocht de VOC formeel aan als koloniale gebieden?,0,,,
1208,natellen,—,Hoeveel liter melk drinkt een Nederlander per jaar?,50,https://nl.wikipedia.org/wiki/Nederlanders,Nederlanders,Artikel gaat over het onderwerp maar noemt het getal niet als getal; zelf natellen.
1209,natellen,—,Hoeveel liter melk geeft een gemiddelde Nederlandse koe per jaar?,9200,https://nl.wikipedia.org/wiki/Nederland,Nederland,Artikel gaat over het onderwerp maar noemt het getal niet als getal; zelf natellen.
1217,natellen,—,Hoeveel meter lang is het cruiseschip Rotterdam?,300,https://nl.wikipedia.org/wiki/Rotterdam,Rotterdam,Artikel gaat over het onderwerp maar noemt het getal niet als getal; zelf natellen.
1218,natellen,—,Hoeveel meter onder zeeniveau ligt het diepste punt van Nederland?,7,https://nl.wikipedia.org/wiki/Nederland,Nederland,Artikel gaat over het onderwerp maar noemt het getal niet als getal; zelf natellen.
1219,natellen,—,Hoeveel miljard euro bedraagt het Nederlandse defensiebudget?,21,https://nl.wikipedia.org/wiki/Nederland,Nederland,Artikel gaat over het onderwerp maar noemt het getal niet als getal; zelf natellen.
1223,bevestigd,—,Hoeveel molens staan er op de Zaanse Schans?,8,https://en.wikipedia.org/wiki/Zaanse_Schans,Zaanse Schans,|type8=point|coord8={{coord|52.47804|4.81329}}|marker8=windmill|marker-color8=555555|title8=De Bonte Hen
1227,natellen,—,Hoeveel procent van Nederland ligt onder zeeniveau?,26,https://nl.wikipedia.org/wiki/Nederland,Nederland,Artikel gaat over het onderwerp maar noemt het getal niet als getal; zelf natellen.
1228,natellen,—,Hoeveel procent van de Nederlanders woont in een rijtjeshuis?,30,https://nl.wikipedia.org/wiki/Nederlanders,Nederlanders,Artikel gaat over het onderwerp maar noemt het getal niet als getal; zelf natellen.
1229,natellen,—,Hoeveel procent van de Nederlanders fietst dagelijks?,60,https://nl.wikipedia.org/wiki/Nederlanders,Nederlanders,Artikel gaat over het onderwerp maar noemt het getal niet als getal; zelf natellen.
1230,natellen,—,Hoeveel procent van de Nederlandse betalingen verloopt contactloos of via pin volgens recente cijfers?,80,https://nl.wikipedia.org/wiki/Nederland,Nederland,Artikel gaat over het onderwerp maar noemt het getal niet als getal; zelf natellen.
1231,natellen,—,Hoeveel procent van de Nederlanders woont in de Randstad?,40,https://nl.wikipedia.org/wiki/Nederlanders,Nederlanders,Artikel gaat over het onderwerp maar noemt het getal niet als getal; zelf natellen.
1235,natellen,—,Hoeveel spelers zitten er in een Nederlands korfbalteam op het veld?,8,https://nl.wikipedia.org/wiki/Nederlands,Nederlands,Artikel gaat over het onderwerp maar noemt het getal niet als getal; zelf natellen.
1238,bevestigd,—,Hoeveel strepen heeft het Nederlandse vlagontwerp in horizontale banen?,3,https://nl.wikipedia.org/wiki/Nederland,Nederland,"Door een gunstige zeewatertemperatuur van 3 °C in de winter en 16 °C in de zomer zijn vooral de Waddenzee en de Oosterschelde belangrijk als kraamkamer van onder meer schol, tong en mosselen."
1239,bevestigd,—,Hoeveel tekeningen van Rembrandt bezit het Rijksmuseum volgens de huidige collectie-informatie?,64,https://en.wikipedia.org/wiki/List_of_works_about_Rembrandt,List of works about Rembrandt,"The Burlington Magazine 90(540): 64–67
Muth, Christopher C."
1244,bevestigd,—,Hoeveel dagvlindersoorten komen voor in Nederland?,53,https://nl.wikipedia.org/wiki/Nederland,Nederland,"Vanaf 1963 tot 2016, in 53 jaar, is deze met nog eens 5 miljoen (ruim 40%) gegroeid."
1245,bevestigd,—,Hoeveel voetbalstadions van eredivisieclubs hebben een capaciteit boven de 50.000 (Amsterdam Arena en De Kuip)?,2,https://en.wikipedia.org/wiki/De_Kuip,De Kuip,"It has also long been one of the home grounds of the Netherlands national football team, having hosted over 150 international matches, the first international match at the stadium was a match against Belgium on 2 May 1937."
1248,natellen,—,Hoeveel zuilen heeft het Rijksmuseum aan de voorgevel?,8,https://nl.wikipedia.org/wiki/Rijksmuseum_Amsterdam,Rijksmuseum Amsterdam,Artikel gaat over het onderwerp maar noemt het getal niet als getal; zelf natellen.
1250,natellen,—,Hoeveel miljoen inwoners heeft India?,1440,https://nl.wikipedia.org/wiki/India,India,Artikel gaat over het onderwerp maar noemt het getal niet als getal; zelf natellen.
1251,bevestigd,—,Hoeveel artikelen telt de Universele Verklaring van de Rechten van de Mens?,30,https://en.wikipedia.org/wiki/Universal_Declaration_of_Human_Rights,Universal Declaration of Human Rights,"A foundational text in the history of human and civil rights, the Declaration consists of 30 articles detailing an individual's ""basic rights and fundamental freedoms"" and affirming their universal character as inherent, inalienable, and applicable to all human beings."
1255,bevestigd,—,Hoeveel electorale stemmen heeft Californië (2024)?,54,https://en.wikipedia.org/wiki/California,California,"Consequently, California also has the largest number of electoral votes in national presidential elections, with 54."
1257,geen bron,—,Hoeveel electorale stemmen zijn er nodig om de VS-presidentsverkiezing te winnen?,270,,,
1258,bevestigd,—,Hoeveel emiraten heeft Saoedi-Arabië als koninkrijk in bestuurlijke regio (provincies)?,13,https://nl.wikipedia.org/wiki/Saoedi-Arabi%C3%AB,Saoedi-Arabië,"|rowspan=""2"" width=""25%""|13 Provincies van Saoedi-Arabië|administratieve regio's [a]"
1259,bevestigd,—,Hoeveel jaar duurt een termijn van het Australische Huis van Afgevaardigden?,3,https://en.wikipedia.org/wiki/Australian_House_of_Representatives,Australian House of Representatives,| term_length = 3 years
1260,natellen,—,Hoeveel jaar duurt een termijn van het Nieuw-Zeelandse parlement?,3,https://nl.wikipedia.org/wiki/Nieuw-Zeeland,Nieuw-Zeeland,Artikel gaat over het onderwerp maar noemt het getal niet als getal; zelf natellen.
1261,natellen,—,Hoeveel jaren duurt een termijn van een Amerikaanse senator?,6,https://nl.wikipedia.org/wiki/American,American,Artikel gaat over het onderwerp maar noemt het getal niet als getal; zelf natellen.
1264,natellen,—,Hoeveel landen gebruiken de Centraal-Afrikaanse CFA frank?,6,https://en.wikipedia.org/wiki/Central_African_CFA_franc,Central African CFA franc,Artikel gaat over het onderwerp maar noemt het getal niet als getal; zelf natellen.
1265,natellen,—,Hoeveel landen gebruiken de West-Afrikaanse CFA-frank?,8,https://nl.wikipedia.org/wiki/CFA-frank,CFA-frank,Artikel gaat over het onderwerp maar noemt het getal niet als getal; zelf natellen.
1268,bevestigd,—,Hoeveel landen telt Oceanië?,14,https://en.wikipedia.org/wiki/Oceania,Oceania,| title = ( List of sovereign states and dependent territories in Oceania#United Nations member states|14 )
1269,geen bron,—,Hoeveel landen zijn lid van de CELAC?,33,,,
1273,natellen,—,Hoeveel leden telt de ASEAN-organisatie (2024)?,10,https://nl.wikipedia.org/wiki/ASEAN,ASEAN,Artikel gaat over het onderwerp maar noemt het getal niet als getal; zelf natellen.
1277,geen bron,—,Hoeveel leden telt de SAARC organisatie?,8,,,
1283,natellen,—,Hoeveel provincies heeft Argentinië (inclusief de hoofdstad als aparte provincie)?,24,https://nl.wikipedia.org/wiki/Argentini%C3%AB,Argentinië,Artikel gaat over het onderwerp maar noemt het getal niet als getal; zelf natellen.
1287,bevestigd,—,Hoeveel rechterzittingen telt het Amerikaanse Hooggerechtshof?,9,https://en.wikipedia.org/wiki/Supreme_Court_of_the_United_States,Supreme Court of the United States,"When the court is not in session, lectures about the courtroom are held hourly from 9:30 am to 3:30 pm and reservations are not necessary."
1289,natellen,—,Hoeveel staten en territoria telt Australië samen?,8,https://nl.wikipedia.org/wiki/Australi%C3%AB_%28land%29,Australië (land),Artikel gaat over het onderwerp maar noemt het getal niet als getal; zelf natellen.
1293,bevestigd,—,Hoeveel zetels telt de Nieuw-Zeelandse Kamer van Afgevaardigden?,120,https://nl.wikipedia.org/wiki/Nieuw-Zeeland,Nieuw-Zeeland,Het land heeft een parlement bestaande uit één kamer met normaal gesproken 120 leden.
1294,natellen,—,Hoeveel zetels telt het Australische Huis van Afgevaardigden?,151,https://en.wikipedia.org/wiki/Australian_House_of_Representatives,Australian House of Representatives,Artikel gaat over het onderwerp maar noemt het getal niet als getal; zelf natellen.
1297,geen bron,—,Hoe hoog was de hoogste duik vanaf een klif in meters?,59,,,
1298,geen bron,—,Hoe hoog was de hoogste robot ooit gebouwd in meters?,18,,,
1299,geen bron,—,Hoe lang was de langste baard ooit in meters?,5,,,
1300,geen bron,—,Hoe lang was de langste man ooit in centimeters?,272,,,
1302,geen bron,—,Hoe lang was de langste taart ooit in kilometer?,10,,,
1303,geen bron,—,Hoe lang was de langste trein ooit in kilometers?,7,,,
1304,geen bron,—,Hoe lang was de langste trouwjurkstaart ooit in meters?,8095,,,
1305,geen bron,—,Hoe lang was het langste haar ooit in meters?,6,,,
1306,geen bron,—,Hoe oud werd de oudste kat ooit in jaren?,38,,,
1307,geen bron,—,Hoe zwaar was de grootste chocoladereep ooit in kilogram?,13696,,,
1308,geen bron,—,Hoe zwaar was de grootste portie friet ooit in kilogram?,1000,,,
1309,geen bron,—,Hoe zwaar was de zwaarste schildpad ooit in kilogram?,916,,,
1310,natellen,—,Hoeveel LEGO-steentjes werden gebruikt voor het grootste LEGO-model?,5335200,https://nl.wikipedia.org/wiki/LEGO,LEGO,Artikel gaat over het onderwerp maar noemt het getal niet als getal; zelf natellen.
1311,geen bron,—,Hoeveel jongleurs deden mee aan het grootste jongleerrecord?,1000,,,
1312,geen bron,—,Hoeveel liter soep bevatte de grootste kom soep ooit?,20000,,,
1313,geen bron,—,Hoeveel mensen deden mee aan het grootste waterballonnengevecht ooit?,8000,,,
1314,geen bron,—,Hoeveel push-ups werden er in 24 uur uitgevoerd bij het huidige record?,46000,,,
1315,geen bron,—,Hoeveel wagons had de langste passagierstrein ooit?,100,,,
1316,natellen,—,Hoeveel hotels heeft Hilton wereldwijd ongeveer?,7500,https://nl.wikipedia.org/wiki/Paris_Hilton,Paris Hilton,Artikel gaat over het onderwerp maar noemt het getal niet als getal; zelf natellen.
1321,geen bron,—,Hoeveel elektronen kan de derde elektronenschil maximaal bevatten?,18,,,
1330,bevestigd,—,Hoeveel LEGO-studs heeft een standaard 2×4 LEGO-steen aan de bovenkant?,8,https://nl.wikipedia.org/wiki/LEGO_Masters_%28Nederland/Vlaanderen%29,LEGO Masters (Nederland/Vlaanderen),"Daarna werden een voor een kettlebell-gewichten van respectievelijk 8, 8, 10, 10, 12, 12, 14, 14, 16, 16, 20 en 20 kg op de brug geplaatst."
1331,natellen,—,Hoeveel gekleurde vierkantjes telt een standaard Rubik's kubus aan de buitenkant?,54,https://en.wikipedia.org/wiki/Rubik%27s_Cube,Rubik's Cube,Artikel gaat over het onderwerp maar noemt het getal niet als getal; zelf natellen.
1332,natellen,—,Hoeveel grondstoffenkaarten zitten er in het basisspel van Catan?,95,https://nl.wikipedia.org/wiki/Catan,Catan,Artikel gaat over het onderwerp maar noemt het getal niet als getal; zelf natellen.
1333,natellen,—,"Hoeveel kaarten bevat een klassiek Monopoly-spel in totaal aan eigendoms-, kans- en algemeenfondskaarten?",60,https://nl.wikipedia.org/wiki/Monopoly,Monopoly,Artikel gaat over het onderwerp maar noemt het getal niet als getal; zelf natellen.
1334,geen bron,—,Hoeveel kaarten krijgt iedere speler bij de start van UNO?,7,,,
1339,geen bron,—,Hoeveel vakjes telt een internationaal dambord (10×10)?,100,,,
1340,geen bron,—,Hoeveel vakken bevat een standaard dambord?,64,,,
1347,bevestigd,—,Hoeveel games worden er in een Wimbledon-set minimaal gewonnen om de set te pakken?,6,https://nl.wikipedia.org/wiki/Wimbledon_2026_%28vrouwen%29,Wimbledon 2026 (vrouwen),Spelregel: in de beslissende set wordt bij een stand van 6–6 een supertiebreak (tot 10 punten) gespeeld.
1353,natellen,—,Hoeveel jaar zit er tussen twee WK-voetbaltoernooien?,4,https://nl.wikipedia.org/wiki/WDF_World_Cup,WDF World Cup,Artikel gaat over het onderwerp maar noemt het getal niet als getal; zelf natellen.
1354,bevestigd,—,Hoeveel jaar zit er tussen twee zomer-Olympische Spelen?,4,https://en.wikipedia.org/wiki/Olympic_Games,Olympic Games,"|title=Olympics to Hold Events Every 2 Years : Winter Games to Be Split Off, Start Own 4-Year Cycle in '94"
1355,bevestigd,—,Hoeveel keer was Australië gastheer van de zomer-Olympische Spelen (tot 2032)?,3,https://nl.wikipedia.org/wiki/Australi%C3%AB_%28land%29,Australië (land),| Voor3 = Tasmanië
1374,geen bron,—,Hoeveel kuiven heeft een honkbalveld (bases plus home plate)?,4,,,
1379,geen bron,—,Hoeveel meter is de klassieke sprintafstand in de atletiek?,100,,,
1383,geen bron,—,Hoeveel meter sprintt een schaatser op de kortebaan-afstand?,500,,,
1384,bevestigd,—,Hoeveel minuten duurt een NBA-basketbalwedstrijd officieel?,48,https://nl.wikipedia.org/wiki/Basketbal,Basketbal,1 wedstrijd duurt 40 (in de FIBA) of 48 minuten (in de NBA).
1385,geen bron,—,Hoeveel minuten duurt een ijshockeywedstrijd netto?,60,,,
1386,geen bron,—,Hoeveel minuten duurt een rugbywedstrijd netto?,80,,,
1388,geen bron,—,Hoeveel minuten officiële speeltijd heeft een NBA-wedstrijd?,48,,,
1389,geen bron,—,Hoeveel minuten officiële speeltijd heeft een NFL-wedstrijd?,60,,,
1392,geen bron,—,Hoeveel pijlen gooit een darter per beurt?,3,,,
1393,geen bron,—,Hoeveel pogingen heeft een gewichtheffer per discipline?,3,,,
1394,bevestigd,—,Hoeveel proloog kilometers telt een Tour de France etappe bijna nooit?,0,https://en.wikipedia.org/wiki/1985_Tour_de_France,1985 Tour de France,"Paul Sherwen (La Redoute) was involved in a crash just 1 km (0.62 mi) into the stage and suffered throughout, reaching the finish more than an hour behind Pedersen."
1395,geen bron,—,Hoeveel punten is een maximale dartscore met drie pijlen?,180,,,
1402,geen bron,—,Hoeveel spelers heeft een basketbalteam op het veld per ploeg?,5,,,
1404,geen bron,—,Hoeveel spelers heeft een hockeyteam op het veld per ploeg?,11,,,
1405,geen bron,—,Hoeveel spelers heeft een rugbyteam per ploeg op het veld (union)?,15,,,
1411,geen bron,—,Hoeveel spelers staat er per ploeg op het veld bij een rugby league-wedstrijd?,13,,,
1412,geen bron,—,Hoeveel spelers telt een volleybalteam op het veld?,6,,,
1413,geen bron,—,Hoeveel teams spelen er in de NBA?,30,,,
1414,geen bron,—,Hoeveel teams spelen er in de NFL?,32,,,
1432,geen bron,—,Hoeveel miljard sterren telt ons Melkwegstelsel naar schatting?,100,,,
1435,bevestigd,—,Hoeveel satellieten lanceerde India in één enkele raket als record (2017)?,104,https://nl.wikipedia.org/wiki/India,India,"De bevolking is vooral geconcentreerd in vruchtbare gebieden, bijvoorbeeld in de deelstaten Uttar Pradesh (200 miljoen), Maharashtra (112 miljoen), Bihar (104 miljoen) en West-Bengalen (91 miljoen)."
1454,geen bron,—,Hoeveel frames per seconde toont een standaard bioscoopfilm?,24,,,
1456,geen bron,—,Hoeveel kleuren subpixels heeft iedere pixel op een standaard RGB-scherm?,3,,,
1459,geen bron,—,Hoeveel pixels heeft een 4K UHD-scherm ongeveer?,8300000,,,
1472,natellen,—,In welk jaar werd de Toyota motorfiets eerste gebouwd - nee Toyota is auto (1885 Daimler - dit zit niet in Azië)?,0,https://nl.wikipedia.org/wiki/Toyota,Toyota,Artikel gaat over het onderwerp maar noemt het getal niet als getal; zelf natellen.
1473,geen bron,—,In welk jaar werd de eerste commerciële mobiele telefoon uitgebracht?,1983,,,
1478,geen bron,—,In welk jaar werd de eerste laptop uitgebracht?,1981,,,
1479,geen bron,—,In welk jaar werd de eerste website online gezet?,1991,,,
1486,bevestigd,—,Hoeveel gategebieden heeft Atlanta Airport?,7,https://en.wikipedia.org/wiki/Hartsfield%E2%80%93Jackson_Atlanta_International_Airport,Hartsfield–Jackson Atlanta International Airport,"Hartsfield–Jackson covers 4,700 acres (7.3 sq mi; 19 km2) of land and has five parallel runways which are aligned in an east–west direction."
1488,geen bron,—,Hoeveel miljoen nieuwe personenauto’s worden er wereldwijd per jaar geproduceerd?,85,,,
1500,geen bron,—,In welk jaar maakte het eerste gemotoriseerde vliegtuig een succesvolle vlucht?,1903,,,
1506,geen bron,—,Hoeveel graden is elke binnenhoek van een regelmatige zeshoek?,120,,,
