Nr,In gebruik,Vraag NL,Antwoord,Bron,Uitkomst,Bewijszin
1,daily,Hoeveel chromosomen heeft een gewone ui Allium cepa in een lichaamscel?,16,https://powo.science.kew.org/,onbereikbaar,HTTP 403
2,daily,Hoeveel duizend knipperbewegingen met je ogen maak je gemiddeld per dag?,15,https://www.aao.org/eye-health/tips-prevention/how-often-do-you-blink,niet gevonden,
3,daily,Hoeveel miljard neuronen (zenuwcellen) bevat het menselijk brein naar schatting?,86,https://www.ninds.nih.gov/health-information/patient-caregiver-education/brain-basics,onbereikbaar,HTTP 404
4,daily,In welk jaar werd het eerste succesvolle vaccin ontwikkeld?,1796,https://www.who.int/news-room/spotlight/history-of-vaccination/history-of-smallpox-vaccination,getal gezien,"It wasn&rsquo;t until May 1796 that the world&rsquo;s first vaccine was demonstrated, using the same principle as variolation but with a less dangerous viral source, cowpox."
5,daily,Hoeveel hoofdstukken bevat The Hobbit?,19,https://www.britannica.com/topic/The-Hobbit,onbereikbaar,HTTP 403
7,daily,Hoeveel kilo weegt een koningspinguin?,15,https://en.wikipedia.org/wiki/King_penguin,getal gezien,"[ 8 ] [ 14 ] [ 15 ] Distribution and habitat [ edit ] Colony on Salisbury Plain in South Georgia King penguins breed on subantarctic islands between 45 and 55°S, at the northern reaches of Antarctica , as well as Tierra del Fuego (Argentinian part), the Falkland Islands , and other temperate islands of the region."
8,daily,Hoeveel kilogram weegt de tong van een blauwe vinvis ongeveer?,2700,https://ich.unesco.org/en/intangible-heritage-domains-00052,niet gevonden,
9,daily,Hoeveel kilometer per uur zwemt een dolfijn op zijn snelst?,32,https://www.ifaw.org/international/journal/fastest-whales-dolphins-ocean,getal gezien,"Though they typically cruise at speeds around 8 kilometres per hour (5 miles per hour), they can accelerate to more than 32 kilometres per hour (20 miles per hour) ."
10,daily,Hoeveel poten heeft een krab?,10,https://en.wikipedia.org/wiki/Crab,bevestigd,"[ 10 ] Decapoda [ edit ] Further information: Decapoda Crab-like decapods span multiple groups: True crabs (Brachyura) are generally covered with a thick exoskeleton (jointed shell), composed primarily of highly mineralized chitin ."
11,daily,Hoeveel gram eiwit bevat een Amerikaanse McDonald’s Big Mac?,25,https://www.mcdonalds.com/us/en-us/product/big-mac.html,onbereikbaar,The read operation timed out
12,daily,Hoeveel gram suiker zit er in een blikje Coca-Cola van 330 ml?,35,https://www.coca-cola.com/ng/en/about-us/faq/how-much-sugar-is-in-cocacola-original-taste,getal gezien,35 g of sugar amounts to about 7 teaspoons of sugar.
13,daily,Hoeveel kilocalorieën bevat een Amerikaanse McDonald’s Big Mac?,580,https://www.mcdonalds.com/us/en-us/product/big-mac.html,onbereikbaar,The read operation timed out
14,daily,Hoeveel afleveringen telt de iconische serie Fawlty Towers?,12,Kan je zelf opzoeken,geen url,Kan je zelf opzoeken
16,daily,Hoeveel Muzen (dochters van Zeus) telt de Griekse mythologie?,9,https://www.genome.gov/about-genomics/fact-sheets/Deoxyribonucleic-Acid-Fact-Sheet,niet gevonden,
21,daily,Hoeveel torens heeft het Kremlin in Moskou?,20,https://www.kreml.ru/en/around-kremlin/towers/,onbereikbaar,HTTP 404
22,daily,Hoeveel treden heeft de Burj Khalifa in Dubai?,2909,https://www.burjkhalifa.ae/en/the-tower/facts-figures/,onbereikbaar,HTTP 403
24,daily,Hoeveel treden heeft het Empire State Building van straatniveau tot het observatiedek?,1860,https://www.esbnyc.com/about/facts-figures,getal gezien,"The Empire State Building has 103 floors, with 1,860 steps from street level to the 102nd floor observation deck."
29,daily,Wat is de lengte van het Panamakanaal van de Atlantische naar de Stille Oceaan in km?,82,https://pancanal.com/en/history-of-the-panama-canal/,niet gevonden,
31,daily,Hoeveel kilometer lang is het Baikalmeer ongeveer?,636,https://www.britannica.com/place/Lake-Baikal,onbereikbaar,HTTP 403
33,daily,Hoeveel meter diep is het Tanganyikameer op het diepste punt ongeveer?,1470,https://www.britannica.com/place/Lake-Tanganyika,onbereikbaar,HTTP 403
34,daily,Hoeveel meter hoog is Angel Falls ongeveer?,979,https://www.britannica.com/place/Angel-Falls,onbereikbaar,HTTP 403
35,daily,Hoeveel procent van Antarctica is met ijs bedekt?,98,https://www.bas.ac.uk/about/about-antarctica/antarctica-facts/,niet gevonden,
37,daily,Wat is de diepte van het diepste zoetwatermeer ter wereld (Baikalmeer in Rusland) in meters?,1642,https://www.britannica.com/place/Lake-Baikal,onbereikbaar,HTTP 403
38,daily,Hoeveel dagen duurde de reis van de Mayflower naar Noord-Amerika?,66,https://plimoth.org/learn/just-kids/homework-help/mayflower,getal gezien,"The Journey Would you have liked to travel on a small ship with more than 100 other people, all of their belongings, and possibly some farm animals – for 66 days?"
42,daily,In welk jaar werd de eerste moderne volkstelling gehouden?,1665,https://www.ons.gov.uk/census/aboutcensus,niet gevonden,
45,daily,Hoeveel ton goud wordt wereldwijd jaarlijks gewonnen?,3000,https://www.usgs.gov/centers/national-minerals-information-center/gold-statistics-and-information,niet gevonden,
46,daily,Welk percentage van het wereldwijde cement wordt geproduceerd in China?,55,https://www.usgs.gov/centers/national-minerals-information-center/cement-statistics-and-information,niet gevonden,
47,daily,Hoeveel filialen heeft Decathlon wereldwijd ongeveer?,1700,https://www.decathlon-united.media/,niet gevonden,
49,daily,Hoeveel procent van de bekende plant- en diersoorten leeft in tropische regenwouden?,50,https://www.britannica.com/science/tropical-rainforest,onbereikbaar,HTTP 403
50,daily,Hoeveel procent van het Great Barrier Reef bestaat uit koraalriffen?,7,https://www2.gbrmpa.gov.au/about/reef,onbereikbaar,The read operation timed out
51,daily,Welk percentage van het aardoppervlak bestaat uit land?,29,https://oceanservice.noaa.gov/facts/oceanwater.html,niet gevonden,
52,daily,Welk percentage van het aardoppervlak bestaat uit oceanen en zeeën?,71,https://oceanservice.noaa.gov/facts/oceanwater.html,niet gevonden,
53,daily,Welk percentage van het zoete water zit vast in ijs en gletsjers?,69,https://www.usgs.gov/special-topics/water-science-school/science/where-earths-water,niet gevonden,
57,daily,Hoeveel toetsen heeft een standaard MIDI-pianotoetsenbord met vijf octaven?,61,https://midi.org/midi-1-0,niet gevonden,
60,daily,Hoeveel millimeter per jaar verschuiven de aardplaten gemiddeld?,25,https://whc.unesco.org/en/criteria/,onbereikbaar,HTTP 403
73,daily,Hoeveel protonen heeft een neutraal atoom van goud?,79,https://www.rsc.org/periodic-table/element/79/gold,bevestigd,Allotropes Au Gold 79 196.967 Glossary Group A vertical column in the periodic table.
79,daily,Hoeveel spelers staan er per team op het veld bij honkbal?,9,https://www.mlb.com/official-information/official-rules,onbereikbaar,HTTP 404
84,daily,Wat is de geschatte leeftijd van de planeet Aarde in miljoenen jaren?,4540,https://pubs.usgs.gov/gip/geotime/age.html,niet gevonden,
85,daily,Hoeveel letters heeft het Armeense alfabet?,39,https://www.britannica.com/topic/Armenian-language,onbereikbaar,HTTP 403
87,daily,Hoeveel letters heeft het Thaise alfabet?,44,https://www.britannica.com/topic/Thai-language,onbereikbaar,HTTP 403
89,daily,Hoeveel naamvallen heeft het Fins?,15,https://www.britannica.com/topic/Finnish-language,onbereikbaar,HTTP 403
91,daily,In welk jaar werd de eerste digitale camera ontwikkeld?,1975,https://www.kodak.com/en/company/page/first-digital-camera/,onbereikbaar,HTTP 404
93,daily,In welk jaar werd de eerste internationale telefonische verbinding gemaakt?,1892,https://www.britannica.com/technology/telephone,onbereikbaar,HTTP 403
94,daily,In welk jaar werd de eerste televisie-uitzending verzorgd?,1925,https://www.bbc.com/historyofthebbc/research/general/first-tv-transmission,onbereikbaar,HTTP 404
97,daily,Hoeveel metrostations heeft de Parijse metro?,308,https://www.ratp.fr/en/discover,onbereikbaar,HTTP 403
102,daily,Hoeveel diagonalen heeft een regelmatige tienhoek?,35,Wolfram MathWorld — Polygon diagonal,geen url,Wolfram MathWorld — Polygon diagonal
103,daily,Hoeveel diagonalen heeft een regelmatige twintighoek?,170,https://mathworld.wolfram.com/PolygonDiagonal.html,niet gevonden,
106,puzzel,Hoeveel bloedgroepen kent het ABO-systeem?,4,https://www.nhs.uk/conditions/blood-groups/,bevestigd,"﻿ Blood groups - NHS Skip to main content NHS Search the NHS website Search Health A to Z NHS services Healthy living Mental health Care and support Browse More Home Health A to Z Tests and treatments A to Z Back to Tests and treatments A to Z Back Blood groups There are 4 main blood groups (types of blood) – A, B, AB "
107,puzzel,Hoeveel botten bevat één menselijke hand inclusief de pols?,27,https://my.clevelandclinic.org/health/body/25005-hand-anatomy,onbereikbaar,HTTP 404
108,puzzel,Hoeveel botten heeft een volwassen menselijk lichaam?,206,https://health.clevelandclinic.org/how-many-bones-are-in-the-human-body,onbereikbaar,HTTP 404
109,puzzel,Hoeveel botten heeft een volwassen menselijke schedel volgens de gebruikelijke anatomische indeling?,22,https://my.clevelandclinic.org/health/body/21796-skull,onbereikbaar,HTTP 404
110,puzzel,"Hoeveel centimeter meten de dunne en dikke darm samen, volledig uitgestrekt?",750,https://whc.unesco.org/en/list/1187/,onbereikbaar,HTTP 403
111,puzzel,Hoeveel chromosomen bevat een menselijke eicel vóór de bevruchting?,23,https://www.genome.gov/genetics-glossary/Chromosome,niet gevonden,
112,puzzel,Hoeveel chromosomen heeft een gewone tuinerwt Pisum sativum in een lichaamscel?,14,https://powo.science.kew.org/,onbereikbaar,HTTP 403
113,puzzel,Hoeveel chromosomenparen heeft een mens?,23,https://www.genome.gov/genetics-glossary/Chromosome,niet gevonden,
114,puzzel,Hoeveel haren heeft een mens gemiddeld op zijn hoofd (afgerond)?,100000,https://health.clevelandclinic.org/how-many-hairs-on-your-head,onbereikbaar,HTTP 404
115,puzzel,Hoeveel hartkleppen heeft het menselijk hart?,4,https://www.heart.org/en/health-topics/heart-valve-problems/about-heart-valve-problems,onbereikbaar,HTTP 403
116,puzzel,Hoeveel kamers heeft het menselijk hart?,4,https://www.nhlbi.nih.gov/health/heart,niet gevonden,
117,puzzel,Hoeveel melktanden heeft een kind in een compleet melkgebit?,20,https://www.mouthhealthy.org/all-topics-a-z/eruption-charts,bevestigd,"At birth people usually have 20 baby (primary) teeth, which start to come in (erupt) at about 6 months of age."
118,puzzel,Hoeveel miljard hartslagen maakt een mensenhart in een gemiddeld leven van 80 jaar?,3,https://www.heart.org/en/healthy-living/fitness/fitness-basics/target-heart-rates,onbereikbaar,HTTP 403
119,puzzel,Hoeveel milliliter speeksel produceert een mens gemiddeld per dag?,1200,https://whc.unesco.org/en/list/1613/,onbereikbaar,HTTP 403
120,puzzel,Hoeveel paar ribben heeft een mens normaal?,12,https://health.clevelandclinic.org/how-many-ribs-do-humans-have,onbereikbaar,HTTP 404
121,puzzel,Hoeveel smaakpapillen heeft een menselijke tong ongeveer?,10000,https://www.nidcd.nih.gov/health/taste-disorders,bevestigd,"At birth, you have about 10,000 taste buds, but after age 50, you may start to lose them."
124,puzzel,In welk jaar werd de eerste reageerbuisbaby geboren?,1978,https://www.hfea.gov.uk/about-us/our-history/,onbereikbaar,HTTP 404
126,puzzel,In welk jaar werd de eerste succesvolle orgaantransplantatie uitgevoerd?,1954,https://www.nobelprize.org/prizes/physiology-or-medicine/1990/summary/,onbereikbaar,HTTP 404
127,puzzel,In welk jaar werd de eerste volledige sequentie van het menselijke genoom gepubliceerd?,2003,https://www.genome.gov/human-genome-project/Completion-FAQ,getal gezien,"In 2003, the Human Genome Project produced a genome sequence that accounted for over 90% of the human genome."
128,puzzel,Wat is de totale geschatte lengte van alle bloedvaten in een volwassen menselijk lichaam in kilometers?,100000,No single exact measurement; commonly cited estimate.,geen url,No single exact measurement; commonly cited estimate.
131,puzzel,Hoeveel boeken bevat de Harry Potter-hoofdserie?,7,https://www.britannica.com/topic/Harry-Potter,onbereikbaar,HTTP 403
132,puzzel,Hoeveel boeken bevat de gepubliceerde hoofdserie A Song of Ice and Fire?,5,https://www.britannica.com/topic/A-Song-of-Ice-and-Fire,onbereikbaar,HTTP 403
137,puzzel,Hoeveel hoofdstukken bevat Animal Farm?,10,https://www.britannica.com/topic/Animal-Farm,onbereikbaar,HTTP 403
138,puzzel,Hoeveel komedies schreef Shakespeare volgens de traditionele genre-indeling?,14,https://www.folger.edu/explore/shakespeares-works/,niet gevonden,
140,puzzel,Hoeveel snaren heeft een standaard concert-pedaalharp?,47,https://www.britannica.com/topic/Divine-Comedy,onbereikbaar,HTTP 403
142,puzzel,Hoeveel werken schreef William Shakespeare volgens de meest gebruikte telling?,39,https://www.britannica.com/biography/William-Shakespeare,onbereikbaar,HTTP 403
143,puzzel,Hoeveel zangen telt Dante’s Inferno?,34,https://www.britannica.com/topic/Inferno,onbereikbaar,HTTP 403
146,puzzel,Hoeveel poten heeft een standaard statief?,3,https://www.britannica.com/technology/tripod,onbereikbaar,HTTP 403
148,puzzel,Hoeveel armen heeft de gewone vijfarmige zeester?,5,https://oceanservice.noaa.gov/facts/seastars.html,niet gevonden,
149,puzzel,Hoeveel bulten heeft een dromedaris?,1,https://animals.sandiegozoo.org/animals/camel,bevestigd,"Sounds Camel LIFE SPAN Median life expectancy is 17.8 years YOUNG Gestation: 12 to 14 months Number of young: 1, rarely 2 Maturity: Females at 3 years, males 5 to 7 years old SIZE Bactrian: 10 to 11.5 feet (3.2 to 3.5 meters) long; 5.2 to 5.9 feet (1.6 to 1.8 meters) tall at shoulder; weighs 990 to 1,100 pounds (450 to"
150,puzzel,Hoeveel bulten heeft een kameel?,2,https://animals.sandiegozoo.org/animals/camel,bevestigd,"Sounds Camel LIFE SPAN Median life expectancy is 17.8 years YOUNG Gestation: 12 to 14 months Number of young: 1, rarely 2 Maturity: Females at 3 years, males 5 to 7 years old SIZE Bactrian: 10 to 11.5 feet (3.2 to 3.5 meters) long; 5.2 to 5.9 feet (1.6 to 1.8 meters) tall at shoulder; weighs 990 to 1,100 pounds (450 to"
151,puzzel,Hoeveel harten heeft een octopus?,3,https://ocean.si.edu/ocean-life/invertebrates/octopus,onbereikbaar,HTTP 403
152,puzzel,Hoeveel kamers heeft de maag van een koe?,4,https://www.merckvetmanual.com/digestive-system/the-gastrointestinal-system-of-ruminants/overview-of-the-gastrointestinal-system-of-ruminants,onbereikbaar,HTTP 404
153,puzzel,Hoeveel kamers heeft het hart van een kakkerlak?,13,https://www.britannica.com/animal/cockroach,onbereikbaar,HTTP 403
154,puzzel,Hoeveel kamers heeft het hart van een krokodil?,4,https://www.britannica.com/animal/crocodilian,onbereikbaar,HTTP 403
155,puzzel,Hoeveel keer per minuut klopt het hart van een kolibrie tijdens het vliegen maximaal?,1200,https://whc.unesco.org/en/list/1314/,onbereikbaar,HTTP 403
158,puzzel,Hoeveel maagcompartimenten heeft een schaap?,4,https://www.merckvetmanual.com/digestive-system/the-gastrointestinal-system-of-ruminants/overview-of-the-gastrointestinal-system-of-ruminants,onbereikbaar,HTTP 404
159,puzzel,Hoeveel ogen heeft een bij?,5,https://www.britannica.com/animal/bee,onbereikbaar,HTTP 403
161,puzzel,Hoeveel paar chromosomen heeft een kat?,19,https://www.genome.gov/10002154,onbereikbaar,HTTP 404
162,puzzel,Hoeveel poten heeft een kreeftachtige van de orde Isopoda?,14,https://www.britannica.com/animal/isopod,onbereikbaar,HTTP 403
163,puzzel,Hoeveel poten heeft een spin?,8,https://nationalzoo.si.edu/animals/spider,onbereikbaar,HTTP 404
165,puzzel,Hoeveel vleugels heeft een bij?,4,https://www.ars.usda.gov/oc/pubs/afm/afm0720.pdf,onbereikbaar,HTTP 404
166,puzzel,Hoeveel vleugels heeft een kever?,4,https://www.britannica.com/animal/beetle,onbereikbaar,HTTP 403
167,puzzel,Hoeveel vleugelslagen per seconde kan een kolibrie in volle vlucht maken?,80,https://nationalzoo.si.edu/animals/animal-facts/hummingbird,onbereikbaar,HTTP 404
168,puzzel,Wat weegt het hart van een volwassen Blauwe Vinvis in kilogram?,180,https://ocean.si.edu/ocean-life/marine-mammals/blue-whale,onbereikbaar,HTTP 403
169,puzzel,Hoeveel EU-landen voerden de euro in bij de start van de euro in 1999?,21,https://www.ecb.europa.eu/euro/changeover/2002/html/index.en.html,niet gevonden,
170,puzzel,Hoeveel bitcoins kunnen er maximaal worden gecreëerd?,21000000,https://bitcoin.org/bitcoin.pdf,niet gevonden,
171,puzzel,Hoeveel individuele landen telt de G20?,19,https://www.g20.org/en/about-g20/,onbereikbaar,HTTP 404
172,puzzel,Hoeveel landen gebruiken de CFA-frank in West- en Centraal-Afrika samen?,14,https://www.bceao.int/en/content/west-african-cfa-franc,getal gezien,Read more Mandates Organs Institutional Framework Statutory bodies of BCEAO The Governor The Monetary Policy Committee The Board of Directors The Audit Committee National Credit Councils Banknotes and Coins History of the CFA franc The CFA franc is the common currency of the 14 African countries belonging to the Franc 
174,puzzel,Hoeveel landen vormen de G20?,19,https://www.g20.org/en/about-g20/,onbereikbaar,HTTP 404
176,puzzel,Hoeveel leden heeft de G7?,7,https://www.g7italy.it/en/about-g7/,getal gezien,"In 1976, with the admission of Canada, the G7 took its current configuration."
180,puzzel,In welk jaar werd de New York Stock Exchange opgericht?,1792,https://www.nyse.com/history-of-the-nyse,onbereikbaar,HTTP 404
182,puzzel,Hoeveel basis-ingrediënten heeft een klassieke pizza Margherita?,3,https://www.pizzanapoletana.org/en/associazione_pizza_napoletana,niet gevonden,
184,puzzel,Hoeveel gram koolhydraten bevat een Amerikaanse McDonald’s Big Mac?,45,https://www.mcdonalds.com/us/en-us/product/big-mac.html,onbereikbaar,The read operation timed out
185,puzzel,Hoeveel gram koolhydraten bevat een Amerikaanse McDonald’s cheeseburger?,31,https://www.mcdonalds.com/us/en-us/product/cheeseburger.html,onbereikbaar,The read operation timed out
189,puzzel,Hoeveel rundvleesburgers verkocht McDonald’s wereldwijd in 2023?,44000000000,https://corporate.mcdonalds.com/corpmcd/our-company/annual-reports.html,onbereikbaar,The read operation timed out
192,puzzel,Hoeveel vakken heeft een klassieke eierdoos meestal?,12,https://www.incredibleegg.org/eggcyclopedia/c/carton/,onbereikbaar,HTTP 404
209,puzzel,Hoeveel Titanen (eerste generatie goden) kent de Griekse mythologie doorgaans?,12,https://www.galleriaaccademiafirenze.it/en/artworks/david-michelangelo/,onbereikbaar,<urlopen error [SSL: CERTIFICATE_VERIFY_FAILED] certificate verify failed: unabl
210,puzzel,Hoeveel delen bevat Plato’s De Staat?,10,https://www.britannica.com/topic/Republic,onbereikbaar,HTTP 403
211,puzzel,Hoeveel gebeden per dag schrijft de islamitische traditie voor?,5,https://www.britannica.com/topic/salat,onbereikbaar,HTTP 403
215,puzzel,Hoeveel werelden verbindt de wereldboom Yggdrasil in de Noorse mythologie?,9,https://www.canada.ca/en/intergovernmental-affairs/services/provinces-territories.html,niet gevonden,
216,puzzel,Hoeveel zuilen kent de islam?,5,https://www.britannica.com/topic/Five-Pillars-of-Islam,onbereikbaar,HTTP 403
218,puzzel,Hoeveel beelden staan er op de top van de Brandenburger Tor?,5,https://www.berlin.de/en/attractions-and-sights/3560266-3104050-brandenburg-gate.en.html,bevestigd,Skip map City map End of map view Address Pariser Platz 1 10117 Berlin City map Opening Hours accessible for visitors at any time Accessibility barrier-free Admission Fee free Public transportation Train (S-Bahn) S+U Brandenburger Tor 0.3km S1 S2 S25 S26 Underground S+U Brandenburger Tor 0.2km U5 Bus Reichstag/Bundesta
219,puzzel,Hoeveel bogen heeft de Romeinse brug Pont du Gard in de onderste booglaag?,6,https://whc.unesco.org/en/list/344/,onbereikbaar,HTTP 403
221,puzzel,Hoeveel centimeter zet de Eiffeltoren uit op een hete zomerdag?,15,https://whc.unesco.org/en/list/1187/,onbereikbaar,HTTP 403
222,puzzel,Hoeveel jaar duurde de bouw van de Hagia Sophia?,5,https://muze.gen.tr/muze-detay/ayasofya,niet gevonden,
223,puzzel,Hoeveel jaar duurde de bouw van de Taj Mahal?,21,https://asi.nic.in/taj-mahal/,getal gezien,21-09-2026 SUPPLY OF MATERIALS UNDER UP-GRADATION AND RE ...
225,puzzel,"Hoeveel kilogram weegt de Great Bell, de grote klok van Big Ben?",13700,https://whc.unesco.org/en/list/1613/,onbereikbaar,HTTP 403
226,puzzel,Hoeveel klinknagels houden de metalen delen van de Eiffeltoren bij elkaar?,2500000,https://www.toureiffel.paris/en/the-monument/key-figures,niet gevonden,
227,puzzel,Hoeveel klinknagels zaten er naar schatting in de romp van de Titanic?,3000000,https://whc.unesco.org/en/list/1321/,onbereikbaar,HTTP 403
231,puzzel,Hoeveel meter hoog is Taipei 101?,508,https://www.taipei-101.com.tw/en/observatory/about,onbereikbaar,HTTP 404
233,puzzel,Hoeveel meter hoog is het hoogste punt van het Millauviaduct?,343,https://www.leviaducdemillau.com/en/,onbereikbaar,HTTP 404
235,puzzel,Hoeveel meter lang is de Akashi Kaikyōbrug in Japan?,3911,https://www.jb-honshi.co.jp/english/,niet gevonden,
237,puzzel,Hoeveel meter lang is het Millauviaduct in Frankrijk?,2460,https://www.leviaducdemillau.com/en/,onbereikbaar,HTTP 404
238,puzzel,Hoeveel miljoen kubieke meter aarde werd er uitgegraven voor de bouw van het Panamakanaal?,210,https://whc.unesco.org/en/list/1321/,onbereikbaar,HTTP 403
240,puzzel,Hoeveel minaretten heeft de Taj Mahal?,4,https://asi.nic.in/taj-mahal/,niet gevonden,
241,puzzel,Hoeveel piramides vormen het belangrijkste piramidecomplex van Gizeh?,3,https://www.britannica.com/place/Pyramids-of-Giza,onbereikbaar,HTTP 403
244,puzzel,Hoeveel torens heeft de Sagrada Família volgens het voltooide ontwerp?,18,https://sagradafamilia.org/en/the-basilica,onbereikbaar,HTTP 404
246,puzzel,Hoeveel traptreden beklim je naar de 86e verdieping van het Empire State Building?,1576,https://www.esbnyc.com/about/facts-figures,niet gevonden,
247,puzzel,Hoeveel treden telt de wenteltrap in het Vrijheidsbeeld naar de kroon?,354,https://www.nps.gov/stli/learn/historyculture/statue-statistics.htm,niet gevonden,
251,puzzel,Hoeveel zware stenen kalksteenblokken zijn er gebruikt om de Grote Piramide van Gizeh (Cheops) te bouwen?,2300000,https://www.britannica.com/topic/Great-Pyramid-of-Giza,onbereikbaar,HTTP 403
252,puzzel,Uit hoeveel afzonderlijke onderdelen bestaat de UNESCO-site van Le Corbusier?,17,UNESCO World Heritage Centre — Architectural Work of Le Corbusier,geen url,UNESCO World Heritage Centre — Architectural Work of Le Corbusier
257,puzzel,Door hoeveel landen loopt het UNESCO-werelderfgoedgebied de Waddenzee?,3,UNESCO World Heritage Centre — Wadden Sea,geen url,UNESCO World Heritage Centre — Wadden Sea
258,puzzel,Hoe diep is de Grand Canyon op het diepste punt ongeveer?,1857,https://www.nps.gov/grca/learn/nature/facts.htm,onbereikbaar,HTTP 404
259,puzzel,Hoeveel actieve vulkanen zijn er op aarde naar schatting?,1350,https://volcano.si.edu/,onbereikbaar,HTTP 403
265,puzzel,Hoeveel kilometer lang is Japan van noord naar zuid ongeveer?,3000,https://www.britannica.com/place/Japan,onbereikbaar,HTTP 403
267,puzzel,Hoeveel kilometer lang is de Mississippi ongeveer?,3766,https://www.britannica.com/place/Mississippi-River,onbereikbaar,HTTP 403
268,puzzel,Hoeveel kilometer lang is de Yangtze ongeveer?,6300,https://www.britannica.com/place/Yangtze-River,onbereikbaar,HTTP 403
269,puzzel,Hoeveel kilometer lang is de kustlijn van Japan ongeveer?,29750,https://www.stat.go.jp/english/data/handbook/c0117.html,onbereikbaar,HTTP 404
271,puzzel,"Hoeveel kilometer lang is de langste grot ter wereld, Mammoth Cave, ongeveer?",685,https://www.nps.gov/maca/learn/nature/index.htm,niet gevonden,
273,puzzel,Hoeveel kilometer lang is het Himalayagebergte ongeveer?,2500,https://www.britannica.com/place/Himalayas,onbereikbaar,HTTP 403
274,puzzel,Hoeveel kilometer lang is het Victoriameer ongeveer?,337,https://www.britannica.com/place/Lake-Victoria,onbereikbaar,HTTP 403
275,puzzel,Hoeveel landen delen het eiland Borneo?,3,https://www.britannica.com/place/Borneo-island,onbereikbaar,HTTP 403
276,puzzel,Hoeveel landen grenzen aan Duitsland?,9,https://www.auswaertiges-amt.de/en/aussenpolitik/laenderinformationen,niet gevonden,
278,puzzel,Hoeveel landen grenzen aan de Rode Zee?,6,https://www.britannica.com/place/Red-Sea,onbereikbaar,HTTP 403
279,puzzel,Hoeveel landen grenzen aan het Victoriameer?,3,https://www.britannica.com/place/Lake-Victoria,onbereikbaar,HTTP 403
281,puzzel,Hoeveel landen liggen aan de Adriatische Zee?,6,https://www.britannica.com/place/Adriatic-Sea,onbereikbaar,HTTP 403
282,puzzel,Hoeveel landen liggen aan het Meer van Genève?,2,https://www.britannica.com/place/Lake-Geneva,onbereikbaar,HTTP 403
283,puzzel,Hoeveel landen liggen aan het Titicacameer?,2,https://www.britannica.com/place/Lake-Titicaca,onbereikbaar,HTTP 403
284,puzzel,Hoeveel landen liggen volledig op het zuidelijk halfrond?,32,World Atlas is not definitive; classification depends on boundary convention.,geen url,World Atlas is not definitive; classification depends on boundary convention.
285,puzzel,Hoeveel landen telt Zuid-Amerika?,12,https://www.britannica.com/place/South-America,onbereikbaar,HTTP 403
287,puzzel,Hoeveel landen vormen het Verenigd Koninkrijk?,4,https://www.parliament.uk/about/how/role/relations-with-other-institutions/devolved/,onbereikbaar,HTTP 403
288,puzzel,Hoeveel liter water stroomt er gemiddeld per seconde over de Niagarawatervallen?,2400000,https://unesdoc.unesco.org/en/archives/about-unesco-history-and-mission,onbereikbaar,HTTP 403
289,puzzel,Hoeveel meter diep is het Victoriameer op het diepste punt ongeveer?,84,https://www.britannica.com/place/Lake-Victoria,onbereikbaar,HTTP 403
295,puzzel,Hoeveel staten heeft Australië?,6,https://www.australia.gov.au/about-australia/our-country/states-and-territories,niet gevonden,
299,puzzel,Hoeveel vierkante kilometer is de Sahara ongeveer groot?,9200000,https://www.britannica.com/place/Sahara-desert-Africa,onbereikbaar,HTTP 403
301,puzzel,Hoeveel vierkante kilometer is de oppervlakte van Japan ongeveer?,378000,https://www.stat.go.jp/english/data/handbook/c0117.html,onbereikbaar,HTTP 404
302,puzzel,Hoeveel vierkante kilometer is het Arctische zee-ijs in de zomer ongeveer minimaal?,4000000,https://nsidc.org/arcticseaicenews/,niet gevonden,
306,puzzel,In welk jaar werd de eerste volledige kaart van de wereldbol gemaakt?,1492,https://www.britannica.com/science/cartography,onbereikbaar,HTTP 403
307,puzzel,Op welke hoogte ligt het Titicacameer ongeveer boven zeeniveau?,3810,https://www.britannica.com/place/Lake-Titicaca,onbereikbaar,HTTP 403
310,puzzel,Hoeveel afgevaardigden ondertekenden de Amerikaanse Grondwet?,39,https://www.archives.gov/founding-docs/constitution,niet gevonden,
312,puzzel,Hoeveel componenten telt het UNESCO-deel van de Neder-Germaanse Limes?,102,UNESCO World Heritage Centre — Lower German Limes,geen url,UNESCO World Heritage Centre — Lower German Limes
313,puzzel,Hoeveel dynastieën kent de traditionele indeling van het oude Egypte?,31,https://www.britannica.com/place/ancient-Egypt,onbereikbaar,HTTP 403
314,puzzel,Hoeveel farao’s hadden de drie grote piramides van Gizeh als opdrachtgever?,3,https://www.britannica.com/place/Pyramids-of-Giza,onbereikbaar,HTTP 403
315,puzzel,Hoeveel farao’s waren er volgens de traditionele telling tijdens de 18e dynastie van Egypte?,14,https://www.britannica.com/topic/18th-dynasty-Egypt,onbereikbaar,HTTP 403
318,puzzel,Hoeveel jaar duurde de regering van Elizabeth II?,70,https://www.royal.uk/queen-elizabeth-ii,onbereikbaar,HTTP 403
319,puzzel,Hoeveel jaar duurden de Punische oorlogen samen?,118,https://www.britannica.com/event/Punic-Wars,onbereikbaar,HTTP 403
320,puzzel,"Hoeveel kilometer lang was de Romeinse rijksgrens, de Roman Limes, volgens UNESCO ongeveer?",5000,UNESCO World Heritage Centre — Frontiers of the Roman Empire,geen url,UNESCO World Heritage Centre — Frontiers of the Roman Empire
321,puzzel,Hoeveel koloniën kwamen in 1776 in opstand tegen Groot-Brittannië?,13,https://www.archives.gov/founding-docs/declaration,niet gevonden,
322,puzzel,Hoeveel letters telt ons Latijnse alfabet?,26,https://www.britannica.com/topic/Seven-Wonders-of-the-World,onbereikbaar,HTTP 403
323,puzzel,Hoeveel mensen werden geëvacueerd tijdens de evacuatie van Duinkerke?,338000,https://www.iwm.org.uk/history/what-was-the-dunkirk-evacuation,onbereikbaar,HTTP 403
325,puzzel,Hoeveel parachutisten werden tijdens D-Day achter de Duitse linies gedropt?,23000,https://www.iwm.org.uk/history/d-day-the-unheard-tapes,onbereikbaar,HTTP 403
327,puzzel,Hoeveel schepen ondersteunden de geallieerde landing in Normandië?,6000,https://www.iwm.org.uk/history/d-day-the-unheard-tapes,onbereikbaar,HTTP 403
328,puzzel,Hoeveel schepen telde de Spaanse Armada volgens de gebruikelijke telling?,130,https://www.britannica.com/event/Spanish-Armada,onbereikbaar,HTTP 403
329,puzzel,Hoeveel schepen werden ingezet bij de evacuatie van Duinkerke?,850,https://www.iwm.org.uk/history/what-was-the-dunkirk-evacuation,onbereikbaar,HTTP 403
330,puzzel,Hoeveel soldaten namen aan beide kanten samen deel aan de Slag bij Waterloo?,190000,https://www.britannica.com/event/Battle-of-Waterloo,onbereikbaar,HTTP 403
331,puzzel,Hoeveel soldaten telde het Franse leger bij Waterloo ongeveer?,73000,https://www.britannica.com/event/Battle-of-Waterloo,onbereikbaar,HTTP 403
332,puzzel,Hoeveel soldaten telde het leger van Napoleon tijdens de invasie van Rusland?,600000,https://www.britannica.com/event/Napoleonic-Wars,onbereikbaar,HTTP 403
334,puzzel,Hoeveel soldaten vochten tijdens de Slag om Gettysburg ongeveer mee?,165000,https://www.nps.gov/gett/learn/historyculture/civil-war-overview.htm,onbereikbaar,HTTP 404
345,puzzel,Hoeveel centimeter hoog is Michelangelo’s David?,517,Galleria dell’Accademia — David,geen url,Galleria dell’Accademia — David
349,puzzel,Hoeveel dwergplaneten worden in de NASA-overview genoemd?,5,https://www.museivaticani.va/content/museivaticani/en/collezioni/musei/cappella-sistina.html,niet gevonden,
350,puzzel,Hoeveel graden heeft een volledige cirkel?,360,https://www.galleriaaccademiafirenze.it/en/michelangelos-david/,onbereikbaar,<urlopen error [SSL: CERTIFICATE_VERIFY_FAILED] certificate verify failed: unabl
351,puzzel,Hoeveel landen ondertekenden de UNESCO-grondwet in 1945?,37,UNESCO — History and mission,geen url,UNESCO — History and mission
357,puzzel,Hoeveel dagen duurt de zwangerschap van een koe?,283,https://www.merckvetmanual.com/management-and-nutrition/management-of-reproduction-cattle,niet gevonden,
358,puzzel,Hoeveel dagen duurt de zwangerschap van een schaap?,152,https://www.merckvetmanual.com/management-and-nutrition/management-of-reproduction-sheep,niet gevonden,
360,puzzel,Hoeveel kilogram koffiebonen wordt wereldwijd jaarlijks geproduceerd?,10000000,https://www.ico.org/coffee-facts/,onbereikbaar,HTTP 404
361,puzzel,Hoeveel procent van de wereldbevolking werkt direct of indirect in de landbouw?,26,https://www.fao.org/statistics/en/,niet gevonden,
362,puzzel,Hoeveel ton bananen worden wereldwijd jaarlijks geproduceerd?,135000000,https://www.fao.org/faostat/en/#data/QCL,niet gevonden,
363,puzzel,Hoeveel ton koper wordt wereldwijd jaarlijks geproduceerd?,22000000,https://www.usgs.gov/centers/national-minerals-information-center/copper-statistics-and-information,niet gevonden,
364,puzzel,Hoeveel ton maïs werd wereldwijd geproduceerd in 2023?,1200000000,https://www.fao.org/faostat/en/#data/QCL,niet gevonden,
365,puzzel,Hoeveel ton suiker wordt wereldwijd jaarlijks geproduceerd?,180000000,https://www.fao.org/faostat/en/#data/QCL,niet gevonden,
366,puzzel,Hoeveel werknemers werken wereldwijd in de landbouw?,1000000000,https://www.ilo.org/industries-and-sectors/agriculture-plantations-other-rural-sectors,niet gevonden,
367,puzzel,Hoeveel IKEA-winkels zijn er wereldwijd ongeveer?,480,https://www.ikea.com/global/en/our-business/annual-summary-and-report/,onbereikbaar,HTTP 404
368,puzzel,Hoeveel Starbucks-winkels zijn er wereldwijd ongeveer?,40000,https://investor.starbucks.com/financial-data/annual-reports/default.aspx,onbereikbaar,HTTP 403
369,puzzel,Hoeveel restaurants heeft McDonald’s wereldwijd ongeveer?,42000,https://corporate.mcdonalds.com/corpmcd/investors/financial-information/annual-reports.html,onbereikbaar,The read operation timed out
370,puzzel,Hoeveel hectare bos gaat volgens FAO wereldwijd per jaar netto verloren?,4700000,https://www.fao.org/interactive/forest-resources-assessment/2020/en/,niet gevonden,
371,puzzel,Hoeveel liter water is volgens de gangbare berekening nodig om één kilogram rundvlees te produceren?,15000,https://www.waterfootprint.org/resources/interactive-tools/product-gallery/,niet gevonden,
372,puzzel,Hoeveel miljoen ton plastic afval lekt jaarlijks in de oceaan volgens een gangbare schatting?,19,https://www.unep.org/interactives/beat-plastic-pollution/,niet gevonden,
374,puzzel,Hoeveel procent van de extra warmte door klimaatverandering wordt door de oceanen opgenomen?,90,https://www.ipcc.ch/report/ar6/wg1/chapter/chapter-5/,getal gezien,"The excess heat generated by radiative forcing from increasing concentration of atmospheric CO 2 and other GHGs is mostly taken up by the ocean (&gt;90%) and the residual balance partitioned between atmospheric, terrestrial and ice melting (Cross-Chapter Box 9.2; Frölicher et al., 2015 )."
377,puzzel,Hoeveel procent van het voedsel dat wereldwijd wordt geproduceerd gaat verloren of wordt verspild?,33,https://www.unep.org/resources/report/unep-food-waste-index-report-2024,onbereikbaar,HTTP 404
378,puzzel,Hoeveel procent van het wereldwijde waterverbruik gaat naar landbouw?,70,https://www.fao.org/aquastat/en/overview/methodology/water-use,niet gevonden,
379,puzzel,Welk percentage van het zoete water bevindt zich in grondwater?,30,https://www.usgs.gov/special-topics/water-science-school/science/where-earths-water,bevestigd,Another 30 percent of freshwater is in the ground.
387,puzzel,Hoeveel noten bevat een standaard majeurtoonladder inclusief het herhaalde octaaf?,8,https://openstax.org/books/music-appreciation/pages/2-2-pitch-and-melody,onbereikbaar,HTTP 404
393,puzzel,Hoeveel snaren heeft een standaard viool?,4,https://www.britannica.com/art/violin,onbereikbaar,HTTP 403
398,puzzel,Hoeveel toetsen heeft een standaard piano?,88,https://www.yamaha.com/en/musical_instrument_guide/piano/structure/,bevestigd,"Piano with Automatic Accompaniment System in Beethoven's Day The Pianos Beloved by the Great Master, Sviatoslav Richter The Optimal Material for Piano Frames Is Also Ideal for Motorcycle Engines The Piano Soundboard Is a Board that Also Stops Vibrations Why Can't There Be More Than 88 Keys on a Piano?"
399,puzzel,Hoeveel toonstaven heeft een standaard marimba met vier octaven?,1,https://www.yamaha.com/en/musical_instrument_guide/marimba/structure/,niet gevonden,
402,puzzel,Hoeveel keer klopt een menselijk hart gemiddeld op één dag (bij rust)?,100800,https://physics.nist.gov/cgi-bin/cuu/Value?c,niet gevonden,
406,puzzel,Hoeveel millimeter per jaar groeit de Mount Everest gemiddeld?,4,https://ich.unesco.org/en/intangible-heritage-domains-00052,niet gevonden,
408,puzzel,Hoeveel windturbinebladen heeft een moderne windturbine meestal?,3,https://www.energy.gov/cmei/wind/articles/wind-turbines,onbereikbaar,HTTP 404
409,puzzel,Wat is de snelheid van het licht in vacuüm in kilometer per seconde?,300000,https://physics.nist.gov/cgi-bin/cuu/Value?c,niet gevonden,
412,puzzel,Hoeveel kilometer lang is de Nederlandse kustlijn ongeveer?,1500,https://www.rijkswaterstaat.nl/english,onbereikbaar,HTTP 404
415,puzzel,Hoeveel liter water gebruikt een gemiddeld huishouden per persoon per dag in Nederland?,129,https://www.nibud.nl/onderwerpen/rondkomen/water-en-energie/,onbereikbaar,HTTP 404
418,puzzel,Hoeveel provincies heeft Nederland?,12,https://www.government.nl/topics/provinces,niet gevonden,
425,puzzel,Hoeveel artikelen bevat de Franse Verklaring van de Rechten van de Mens en de Burger?,17,https://www.conseil-constitutionnel.fr/en/declaration-of-human-and-civic-rights-of-26-august-1789,bevestigd,"Article 17 Since the right to Property is inviolable and sacred, no one may be deprived thereof, unless public necessity, legally ascertained, obviously requires it, and just and prior indemnity has been paid."
427,puzzel,Hoeveel landen hebben een permanente zetel in de VN-Veiligheidsraad?,5,https://www.un.org/securitycouncil/content/current-members,niet gevonden,
428,puzzel,Hoeveel landen zijn lid van de NAVO?,32,https://www.nato.int/cps/en/natohq/topics_52044.htm,getal gezien,"Organization NATO member countries NATO member countries Updated: 11 March 2024 English русский français українська At present, NATO has 32 member countries."
432,puzzel,Hoeveel oorspronkelijke leden had de NAVO bij de oprichting in 1949?,12,https://www.nato.int/cps/en/natolive/topics_52044.htm,getal gezien,"Send new Code Back CONFIRM CODE Create a new password The password must be at least&nbsp;&lt;b>12 characters long, no spaces, include upper/lowercase letters, numbers and symbols.&lt;/b>&lt;/p>\r\n&#34;}}"" id=""text-937830746a"" class=""cmp-text""> The password must be at least 12 characters long, no spaces, include upper/"
433,puzzel,Uit hoeveel leden bestaat de VN-Veiligheidsraad in totaal?,15,https://www.un.org/securitycouncil/content/current-members,niet gevonden,
459,puzzel,Hoeveel Disneyland-resorts bestaan er wereldwijd?,6,https://disneyparks.disney.go.com/,onbereikbaar,The read operation timed out
460,puzzel,Hoeveel atomen bevat één molecuul water?,3,https://pubchem.ncbi.nlm.nih.gov/compound/Water,niet gevonden,
462,puzzel,Hoeveel elektronen deelt een enkelvoudige covalente binding?,2,https://openstax.org/books/chemistry-2e/pages/7-2-covalent-bonding,bevestigd,"For example, two hydrogen atoms bond covalently to form an H 2 molecule; each hydrogen atom in the H 2 molecule has two electrons stabilizing it, giving each atom the same number of valence electrons as the noble gas He."
463,puzzel,"Hoeveel elektronen heeft een natriumion, Na⁺?",10,https://openstax.org/books/chemistry-2e/pages/2-3-atomic-structure-and-symbolism,bevestigd,"The diameter of an atom is on the order of 10 −10 m, whereas the diameter of the nucleus is roughly 10 −15 m—about 100,000 times smaller."
464,puzzel,Hoeveel elementen bevat baking soda?,4,https://pubchem.ncbi.nlm.nih.gov/compound/Sodium-bicarbonate,niet gevonden,
465,puzzel,"Hoeveel elementen bevat keukenzout, natriumchloride?",2,https://pubchem.ncbi.nlm.nih.gov/compound/Sodium-chloride,niet gevonden,
466,puzzel,Hoeveel elementen bevat koolstofdioxide?,2,https://pubchem.ncbi.nlm.nih.gov/compound/Carbon-dioxide,bevestigd,Carbon Dioxide | CO2 | CID 280 - PubChem
467,puzzel,Hoeveel graden Celsius is het smeltpunt van aluminium ongeveer?,660,https://www.rsc.org/periodic-table/element/13/aluminium,niet gevonden,
468,puzzel,Hoeveel graden Celsius is het smeltpunt van tin ongeveer?,232,https://www.rsc.org/periodic-table/element/50/tin,niet gevonden,
471,puzzel,Hoeveel perioden heeft het moderne periodiek systeem?,7,https://iupac.org/what-we-do/periodic-table-of-elements/,bevestigd,"7, pp."
472,puzzel,Hoeveel procent azijnzuur bevat gewone huishoudazijn ongeveer?,5,https://www.ecfr.gov/current/title-21/chapter-I/subchapter-B/part-169,getal gezien,"( 5 ) Sequestrant(s), including but not limited to calcium disodium EDTA (calcium disodium ethylenediamine- tetraacetate) and/or disodium EDTA (disodium ethylenediaminetetraacetate), may be used to preserve color and/or flavor."
473,puzzel,Hoeveel protonen heeft een neutraal atoom van uranium?,92,https://www.rsc.org/periodic-table/element/92/uranium,bevestigd,Allotropes U Uranium 92 238.029 Glossary Group A vertical column in the periodic table.
474,puzzel,Hoeveel protonen heeft een neutraal atoom van wolfraam?,74,https://www.rsc.org/periodic-table/element/74/tungsten,bevestigd,Allotropes W Tungsten 74 183.84 Glossary Group A vertical column in the periodic table.
476,puzzel,Welke pH-waarde heeft zuiver water bij kamertemperatuur ongeveer?,7,https://www.usgs.gov/special-topics/water-science-school/science/ph-and-water,bevestigd,"The range goes from 0 to 14, with 7 being neutral."
488,puzzel,Hoeveel stippen staan er in totaal op een standaard set van 28 dominostenen?,168,https://www.fidomino.org/,niet gevonden,
490,puzzel,Hoeveel stukken heeft iedere speler bij de start van schaken?,16,https://handbook.fide.com/chapter/E012023,bevestigd,2.2 At the beginning of the game White has 16 light-coloured pieces (the ‘white’ pieces); Black has 16 dark-coloured pieces (the ‘black’ pieces).
496,puzzel,Hoeveel meter is de afstand van de Olympische mannen-hordensprint?,110,https://worldathletics.org/about-iaaf/documents/book-of-rules,niet gevonden,
498,puzzel,Hoeveel minuten officiële speeltijd heeft een basketbalwedstrijd volgens de NBA-regels?,48,https://official.nba.com/rule-no-5-scoring-and-timing/,onbereikbaar,HTTP 403
499,puzzel,Hoeveel punten levert een safety op bij American football?,2,https://operations.nfl.com/the-rules/nfl-rulebook/,bevestigd,"On fields used primarily by the NFL, the professional inbounds hash marks should be 4 inches wide by 2 feet long."
500,puzzel,Hoeveel punten levert een vrije worp op bij basketbal?,1,https://www.fiba.basketball/official-basketball-rules,niet gevonden,
502,puzzel,Hoeveel spelers staan er per team op het veld bij handbal?,7,https://www.ihf.info/regulations-documents,niet gevonden,
503,puzzel,Hoeveel spelers staan er per voetbalteam op het veld?,11,https://www.theifab.com/laws/latest/the-players/,getal gezien,11 Goal Line Technology (GLT) 1 .
504,puzzel,Hoeveel spelers staan er tegelijk op het veld bij basketbal?,10,https://www.fiba.basketball/official-basketball-rules,niet gevonden,
505,puzzel,Hoeveel spelers staan er tegelijk op het veld bij een honkbalwedstrijd?,18,https://www.mlb.com/official-information/official-rules,onbereikbaar,HTTP 404
508,puzzel,Hoeveel Aardes passen er qua volume in de Zon?,1300000,https://whc.unesco.org/en/list/1631/,onbereikbaar,HTTP 403
509,puzzel,Hoeveel aardse dagen duurt een jaar op Jupiter ongeveer?,4333,https://science.nasa.gov/jupiter/facts/,getal gezien,"One day on Jupiter takes 9.9 hours (the time it takes for Jupiter to rotate or spin around once), and Jupiter makes a complete orbit around the Sun (a year in Jovian time) in about 12 Earth years (4,333 Earth days)."
510,puzzel,Hoeveel aardse dagen duurt een jaar op Venus ongeveer?,225,https://science.nasa.gov/venus/venus-facts/,getal gezien,"For one thing, your “day” would be 243 Earth days long — longer even than a Venus year (one trip around the Sun), which takes only 225 Earth days."
511,puzzel,Hoeveel aardse jaren duurt een jaar op Neptunus ongeveer?,165,https://science.nasa.gov/neptune/facts/,getal gezien,In 2011 Neptune completed its first 165-year orbit since its discovery in 1846.
514,puzzel,Hoeveel bekende manen heeft Saturnus volgens de gebruikte telling?,146,https://science.nasa.gov/saturn/moons/,niet gevonden,
515,puzzel,Hoeveel bekende manen heeft de planeet Jupiter officieel?,95,https://science.nasa.gov/jupiter/jupiter-moons/,niet gevonden,
516,puzzel,Hoeveel bekende manen heeft de planeet Saturnus officieel?,146,https://science.nasa.gov/saturn/moons/,niet gevonden,
518,puzzel,Hoeveel hoofdringen heeft Saturnus volgens de NASA-indeling?,7,https://science.nasa.gov/saturn/facts/,niet gevonden,
519,puzzel,Hoeveel ijsreuzen telt ons zonnestelsel?,2,https://science.nasa.gov/solar-system/planets/,niet gevonden,
520,puzzel,Hoeveel kilometer elektrische bekabeling zit er aan boord van het ISS?,13,https://www.christies.com/en/stories/leonardo-and-post-war-results-new-york-ad70dd5889e64989a76c94e4358c760d,niet gevonden,
521,puzzel,Hoeveel kilometer is de gemiddelde afstand van Mars tot de zon?,228000000,https://science.nasa.gov/mars/facts/,niet gevonden,
522,puzzel,Hoeveel kilometer is de gemiddelde afstand van Neptunus tot de zon?,4500000000,https://science.nasa.gov/neptune/facts/,niet gevonden,
525,puzzel,"Hoeveel miljard kilometer legt licht af in één lichtjaar, afgerond?",9460,https://whc.unesco.org/en/list/430/,onbereikbaar,HTTP 403
528,puzzel,Hoeveel planeten staan dichter bij de zon dan de aarde?,2,https://science.nasa.gov/solar-system/planets/,niet gevonden,
529,puzzel,Hoeveel planeten werden bezocht door het Voyager-programma?,4,https://science.nasa.gov/mission/voyager/,niet gevonden,
530,puzzel,Hoeveel uren duurde de historische Apollo 11-missie naar de maan?,195,https://www.nasa.gov/mission/apollo-11/,niet gevonden,
533,puzzel,In welk jaar werd de eerste mens in de ruimte gelanceerd?,1961,https://www.nasa.gov/mission/vostok-1/,onbereikbaar,HTTP 404
535,puzzel,Wat is de gemiddelde afstand van de aarde tot de maan?,384400,https://science.nasa.gov/moon/facts/,bevestigd,"The Moon is an average of 238,855 miles (384,400 kilometers) away."
536,puzzel,Wat is de gemiddelde afstand van de aarde tot de zon?,150000000,https://science.nasa.gov/sun/facts/,niet gevonden,
537,puzzel,Hoeveel cijfers heeft een standaard ISBN-13?,13,https://www.isbn-international.org/content/isbn-users-manual,onbereikbaar,HTTP 404
538,puzzel,Hoeveel letters bevat de domeinnaam-extensie .com?,3,https://www.icann.org/resources/pages/tlds-2012-02-25-en,niet gevonden,
539,puzzel,Hoeveel letters had het klassieke Latijnse alfabet?,23,https://www.britannica.com/topic/Latin-language,onbereikbaar,HTTP 403
540,puzzel,Hoeveel letters had het oorspronkelijke Morsealfabet ongeveer?,26,https://www.itu.int/en/ITU-R/terrestrial/fmd/Pages/morse.aspx,onbereikbaar,HTTP 404
543,puzzel,Hoeveel letters heeft het Russische alfabet?,33,https://www.britannica.com/topic/Cyrillic-alphabet,onbereikbaar,HTTP 403
545,puzzel,Hoeveel medeklinkerletters heeft het Thaise alfabet?,44,https://www.britannica.com/topic/Thai-language,onbereikbaar,HTTP 403
547,puzzel,Hoeveel pixels breed is een standaard 4K Ultra HD videoscherm?,3840,https://shop.cta.tech/products/consumer-technology-4k-ultra-high-definition-television,onbereikbaar,HTTP 404
548,puzzel,Hoeveel toetsen heeft een standaard computertoetsenbord ongeveer?,104,https://support.microsoft.com/windows/keyboard-shortcuts-in-windows,onbereikbaar,HTTP 404
551,puzzel,Hoeveel zijden heeft een hexagoon?,6,https://www.cisco.com/c/en/us/products/collateral/switches/what-is-the-osi-model.html,onbereikbaar,HTTP 404
555,puzzel,In welk jaar werd de eerste barcode in een winkel gescand?,1974,https://www.gs1.org/about-gs1/history,onbereikbaar,HTTP 403
556,puzzel,In welk jaar werd de eerste camera uitgevonden?,1816,https://www.britannica.com/technology/photography,onbereikbaar,HTTP 403
557,puzzel,In welk jaar werd de eerste commerciële cd uitgebracht?,1982,https://www.philips.com/a-w/about/news/archive/standard/news/articles/2022/20220817-40-years-of-the-cd.html,onbereikbaar,HTTP 404
558,puzzel,In welk jaar werd de eerste commerciële harde schijf geïntroduceerd?,1956,https://www.ibm.com/history/350-ramac,onbereikbaar,HTTP 404
560,puzzel,In welk jaar werd de eerste radio-uitzending gemaakt?,1906,https://www.britannica.com/technology/radio,onbereikbaar,HTTP 403
561,puzzel,In welk jaar werd de eerste sms verstuurd?,1992,https://www.vodafone.com/news/corporate-and-financial/30-years-of-sms,onbereikbaar,HTTP 404
565,puzzel,Hoeveel landen liggen op het Iberisch Schiereiland?,3,https://www.britannica.com/place/Iberian-Peninsula,onbereikbaar,HTTP 403
566,puzzel,Hoeveel landen vormen Centraal-Amerika?,7,https://www.britannica.com/place/Central-America,onbereikbaar,HTTP 403
567,puzzel,Hoeveel landen worden door de evenaar doorkruist?,13,https://www.britannica.com/place/Equator,onbereikbaar,HTTP 403
570,puzzel,Hoeveel kilometer lang is de Kanaaltunnel?,50,https://www.getlinkgroup.com/en/our-business/channel-tunnel/,onbereikbaar,HTTP 404
572,puzzel,Hoeveel kilometer per uur rijdt een hogesnelheidstrein zoals de TGV maximaal in reguliere dienst?,320,https://www.sncf.com/en/group/profile-and-key-figures,onbereikbaar,HTTP 403
573,puzzel,Hoeveel lijnen heeft de metro van Londen volgens de klassieke Underground-indeling?,11,https://tfl.gov.uk/corporate/about-tfl/what-we-do/london-underground,bevestigd,"Find out: How we're improving London's buses About the Superloop and transport in outer London London Underground London Underground, better known as the Tube , has 11 lines covering 402km and serving 272 stations."
574,puzzel,Hoeveel meter lang is een Airbus A380 ongeveer?,73,https://www.airbus.com/en/products-services/commercial-aircraft/passenger-aircraft/a380,getal gezien,"Read the full story Watch the video Airbus A380 in flight The A380: a unique aircraft CHARACTERISTICS The Airbus A380 is the largest passenger plane ever built , measuring 73 metres long with a wingspan of nearly 80 metres."
582,puzzel,Hoeveel vleugels heeft een passagiersvliegtuig?,2,https://www.faa.gov/regulations_policies/handbooks_manuals/aviation/phak,niet gevonden,
583,puzzel,Hoeveel wagons heeft een Eurostar-trein meestal in een volledige standaardtrein?,16,https://www.eurostar.com/rw-en/about-eurostar/company,onbereikbaar,HTTP 404
585,puzzel,Hoeveel wielen heeft een Formule 1-auto?,4,https://www.fia.com/regulation/category/110,niet gevonden,
588,puzzel,Hoeveel wielen heeft een tuk-tuk meestal?,3,https://www.britannica.com/technology/auto-rickshaw,onbereikbaar,HTTP 403
589,puzzel,In welk jaar reed de eerste auto met een verbrandingsmotor?,1886,https://www.britannica.com/technology/automobile,onbereikbaar,HTTP 403
590,puzzel,In welk jaar voer de eerste moderne onderzeeër succesvol?,1800,https://www.britannica.com/technology/submarine-naval-vessel,onbereikbaar,HTTP 403
591,puzzel,In welk jaar voer de eerste nucleaire onderzeeër uit?,1955,https://www.history.navy.mil/research/histories/ship-histories/danfs/n/nssn-571.html,onbereikbaar,<urlopen error [SSL: CERTIFICATE_VERIFY_FAILED] certificate verify failed: unabl
594,puzzel,Hoeveel deelverzamelingen heeft een verzameling met acht elementen?,256,https://www.britannica.com/science/set-theory,onbereikbaar,HTTP 403
596,puzzel,Hoeveel mogelijke worpen zijn er met drie gewone dobbelstenen?,216,https://www.britannica.com/science/combinatorics,onbereikbaar,HTTP 403
598,puzzel,Hoeveel verschillende uitkomsten heeft het gooien met twee gewone dobbelstenen?,11,https://www.britannica.com/science/probability-theory,onbereikbaar,HTTP 403
600,puzzel,Hoeveel zijden heeft een octagoon?,8,https://www.eia.gov/tools/faqs/faq.php?id=327&t=6,niet gevonden,
602,—,Hoeveel biljoen bacteriën leven er naar schatting in en op het menselijk lichaam?,38,https://whc.unesco.org/en/list/1321/,onbereikbaar,HTTP 403
603,—,Hoeveel botten zitten er in één menselijke voet en enkel?,26,https://my.clevelandclinic.org/health/body/24493-foot-anatomy,onbereikbaar,HTTP 404
604,—,Hoeveel duizend keer klopt een mensenhart per dag (bij rust)?,100,https://www.heart.org/en/healthy-living/fitness/fitness-basics/target-heart-rates,onbereikbaar,HTTP 403
605,—,Hoeveel liter bloed pompt een mensenhart gemiddeld per dag rond?,7500,https://mathworld.wolfram.com/PolygonDiagonal.html,niet gevonden,
607,—,Hoeveel liter zuurstof ademt een mens gemiddeld per dag in?,550,https://whc.unesco.org/en/list/1187/,onbereikbaar,HTTP 403
608,—,Hoeveel paar hersenzenuwen heeft een mens?,12,https://www.ncbi.nlm.nih.gov/books/NBK470353/,bevestigd,"In this section, we first outline the 12 cranial nerves in their anatomical order, followed by a brief overview of their functional groupings (see&#x000a0; Image.&#x000a0; Human&#x000a0;Brain&#x000a0;Cranial&#x000a0;Nerves)."
609,—,Hoeveel procent van het menselijk lichaam bestaat ongeveer uit water?,60,https://www.usgs.gov/special-topics/water-science-school/science/water-you-water-and-human-body,getal gezien,Up to 60% of the human adult body is water.
610,—,Hoeveel ribben heeft een menselijk lichaam in totaal?,24,https://health.clevelandclinic.org/how-many-ribs-do-humans-have,onbereikbaar,HTTP 404
611,—,Hoeveel spieren heeft het menselijk lichaam ongeveer?,600,https://my.clevelandclinic.org/health/body/21887-muscular-system,onbereikbaar,HTTP 404
612,—,Hoeveel vierkante centimeter is de totale oppervlakte van je huid?,18000,https://whc.unesco.org/en/list/1321/,onbereikbaar,HTTP 403
613,—,In welk jaar werd de eerste bloedtransfusie met succes uitgevoerd?,1818,https://www.britannica.com/science/blood-transfusion,onbereikbaar,HTTP 403
614,—,In welk jaar werd de eerste röntgenfoto gemaakt?,1895,https://www.nobelprize.org/prizes/physics/1901/roentgen/facts/,onbereikbaar,HTTP 404
616,—,Uit hoeveel verschillende basen bestaat DNA?,4,NHGRI — DNA Fact Sheet,geen url,NHGRI — DNA Fact Sheet
619,—,Hoeveel boeken bevat de Hebreeuwse Bijbel volgens de joodse indeling?,24,https://www.britannica.com/topic/Hebrew-Bible,onbereikbaar,HTTP 403
620,—,Hoeveel boeken bevat de katholieke Bijbel?,73,https://www.britannica.com/topic/biblical-canon,onbereikbaar,HTTP 403
624,—,Hoeveel hoofdstukken bevat Alice’s Adventures in Wonderland?,12,https://www.britannica.com/topic/Alices-Adventures-in-Wonderland,onbereikbaar,HTTP 403
625,—,Hoeveel snaren heeft een standaard akoestische gitaar?,6,https://www.poetryfoundation.org/education/glossary/haiku,onbereikbaar,HTTP 403
628,—,Hoeveel woorden telt À la recherche du temps perdu volgens Guinness World Records?,9609000,https://www.guinnessworldrecords.com/world-records/longest-novel,niet gevonden,
629,—,In welk jaar werd de eerste universiteit ter wereld gesticht volgens de traditionele telling?,859,https://www.guinnessworldrecords.com/world-records/oldest-university,niet gevonden,
631,—,Hoeveel kleuren heeft de vlag van Zuid-Afrika?,6,https://www.gov.za/about-sa/national-flag,niet gevonden,
632,—,Hoeveel vakken heeft een standaard eierdoos?,12,https://www.incredibleegg.org/eggcyclopedia/c/carton/,onbereikbaar,HTTP 404
636,—,Hoeveel dagen duurt de draagtijd van een olifant ongeveer?,660,https://animals.sandiegozoo.org/animals/elephant,niet gevonden,
639,—,Hoeveel eitjes kan een koninginnenbij per dag leggen?,2000,https://whc.unesco.org/en/criteria/,onbereikbaar,HTTP 403
641,—,Hoeveel jaar kan een reuzenschildpad ongeveer oud worden?,150,https://nationalzoo.si.edu/animals/aldabra-tortoise,getal gezien,Chyna weighs between 150 and 175 pounds.
642,—,Hoeveel kamers heeft de maag van een geit?,4,https://www.merckvetmanual.com/digestive-system/the-gastrointestinal-system-of-ruminants/overview-of-the-gastrointestinal-system-of-ruminants,onbereikbaar,HTTP 404
644,—,"Hoeveel kilogram voedsel (bladeren, gras, takken) eet een volwassen Afrikaanse olifant per dag?",150,https://animals.sandiegozoo.org/animals/african-elephant,onbereikbaar,HTTP 404
654,—,Hoeveel kilometer moet een bijenvolk gezamenlijk vliegen om één kilo honing te produceren?,90000,https://unesdoc.unesco.org/en/archives/about-unesco-history-and-mission,onbereikbaar,HTTP 403
659,—,Hoeveel magen heeft een koe?,4,https://www.merckvetmanual.com/digestive-system/the-gastrointestinal-system-of-ruminants/overview-of-the-gastrointestinal-system-of-ruminants,onbereikbaar,HTTP 404
666,—,Hoeveel paar chromosomen heeft een fruitvlieg Drosophila melanogaster?,4,https://flybase.org/,getal gezien,"( Qualtrics external link) #contributeBox.panel --> QuickSearch Human Disease Protein Domains Gene Groups Complexes Pathways Data Class Search FlyBase GO Homologs GAL4 etc Expression Phenotype References Search Species: include non-Dmel species --> Everything ID, Symbol, Name Everything &emsp;Click here to submit multi"
668,—,Hoeveel poten hebben volwassen kreeftachtigen van de orde Decapoda volgens de naam?,10,https://www.britannica.com/animal/decapod,onbereikbaar,HTTP 403
669,—,Hoeveel poten heeft een insect?,6,https://www.si.edu/spotlight/buginfo/insects,onbereikbaar,HTTP 403
670,—,Hoeveel poten heeft een kreeft?,10,https://www.fisheries.noaa.gov/species/american-lobster,bevestigd,"Appearance American lobster is a crustacean with a large shrimp-like body and 10 legs, two of which are large, strong claws."
681,—,Hoeveel spieren zitten er in de slurf van een olifant?,40000,https://whc.unesco.org/en/list/1613/,onbereikbaar,HTTP 403
682,—,Hoeveel tanden heeft een volwassen huiskat?,30,https://vcahospitals.com/know-your-pet/dental-disease-in-cats,niet gevonden,
683,—,Hoeveel tanden heeft een volwassen witte haai in één functionele tandrij?,24,https://www.floridamuseum.ufl.edu/discover-fish/sharks/great-white-shark/,onbereikbaar,HTTP 404
685,—,Hoeveel tentakels heeft een octopus?,8,https://ocean.si.edu/ocean-life/invertebrates/octopus,onbereikbaar,HTTP 403
692,—,Hoeveel bedrijven bevat de S&P 500-index?,500,https://www.spglobal.com/spdji/en/indices/equity/sp-500/,onbereikbaar,HTTP 403
694,—,Hoeveel bedrijven vormen de Nasdaq-100-index?,100,https://www.nasdaq.com/solutions/nasdaq-100,onbereikbaar,The read operation timed out
696,—,Hoeveel cent zit er in één euro?,100,https://www.ecb.europa.eu/euro/coins/html/index.en.html,niet gevonden,
701,—,Hoeveel verschillende coupures heeft de eurobankbiljettenreeks?,7,https://www.ecb.europa.eu/euro/banknotes/current/denominations/html/index.en.html,niet gevonden,
702,—,Hoeveel verschillende euromunten zijn er?,8,https://www.ecb.europa.eu/euro/coins/html/index.en.html,niet gevonden,
703,—,Hoeveel McDonald’s-restaurants waren er wereldwijd aan het einde van 2023?,41198,https://corporate.mcdonalds.com/corpmcd/our-company/annual-reports.html,onbereikbaar,The read operation timed out
708,—,Hoeveel gram weegt een standaard chocoladereep vaak?,100,No universal standard; depends on product and market.,geen url,No universal standard; depends on product and market.
709,—,Hoeveel kilocalorieën bevat een Amerikaanse McDonald’s cheeseburger?,300,https://www.mcdonalds.com/us/en-us/product/cheeseburger.html,onbereikbaar,The read operation timed out
727,—,In hoeveel landen had McDonald’s restaurants in 2023?,100,https://corporate.mcdonalds.com/corpmcd/our-company/annual-reports.html,onbereikbaar,The read operation timed out
762,—,Hoeveel jaar zwierf Odysseus rond voordat hij terugkeerde naar Ithaka?,10,https://www.alpconv.org/en/home/,getal gezien,&copy; 02.02.2026 Alpine Convention joins celebrations for the 30th Danilo Re Memorial 16.01.2026 Mayor of Innsbruck visits seat of the Alpine Convention &copy; 14.01.2026 Inspiring Alpine Convention projects &copy; 12.01.2026 Alpine perspectives at UNEA-7 12.12.2025 A fruitful exchange in Bolzano/Bozen 10.12.2025 Elev
773,—,Hoeveel ingangen heeft het Colosseum?,80,https://www.britannica.com/topic/Colosseum,onbereikbaar,HTTP 403
774,—,Hoeveel jaar duurde de bouw van de Dom van Keulen?,632,https://www.koelner-dom.de/en/discover/history,onbereikbaar,HTTP 404
776,—,Hoeveel jaar duurde de bouw van het Colosseum?,8,https://www.britannica.com/topic/Colosseum,onbereikbaar,HTTP 403
783,—,Hoeveel kilometer staaldraad zit er in één hoofdkabel van de Golden Gate Bridge?,128000,https://whc.unesco.org/en/list/1187/,onbereikbaar,HTTP 403
785,—,Hoeveel meter diep ligt de fundering van de Burj Khalifa ongeveer?,50,https://www.burjkhalifa.ae/en/the-tower/facts-figures/,onbereikbaar,HTTP 403
793,—,Hoeveel meter hoog is de Petronas Twin Tower?,452,https://www.petronastwintowers.com.my/about-us/,onbereikbaar,<urlopen error [SSL: CERTIFICATE_VERIFY_FAILED] certificate verify failed: unabl
803,—,Hoeveel meter lang is de langste overspanning van de Akashi Kaikyōbrug?,1991,https://www.jb-honshi.co.jp/english/,niet gevonden,
806,—,Hoeveel piramides staan er ongeveer in Gizeh?,3,https://www.britannica.com/place/Pyramids-of-Giza,onbereikbaar,HTTP 403
816,—,Hoeveel tegels bedekken het dak van het Sydney Opera House?,1000000,https://whc.unesco.org/en/list/1613/,onbereikbaar,HTTP 403
817,—,Hoeveel ton staal werd gebruikt voor de Eiffeltoren?,7300,https://www.toureiffel.paris/en/the-monument/key-figures,niet gevonden,
818,—,Hoeveel ton weegt de Eiffeltoren in totaal?,10100,https://mathworld.wolfram.com/PolygonDiagonal.html,niet gevonden,
820,—,Hoeveel traptreden telt de Eiffeltoren naar de top?,1665,https://www.toureiffel.paris/en/the-monument/key-figures,niet gevonden,
831,—,Uit hoeveel landen bestaat de UNESCO-site Het architectonische werk van Le Corbusier?,7,UNESCO World Heritage Centre — Architectural Work of Le Corbusier,geen url,UNESCO World Heritage Centre — Architectural Work of Le Corbusier
833,—,Door hoeveel landen stroomt de Donau?,10,https://www.icpdr.org/,niet gevonden,
845,—,Hoeveel eilanden vormen Indonesië volgens de officiële telling?,17508,https://www.big.go.id/en,niet gevonden,
852,—,Hoeveel kilometer lang is de Andes ongeveer?,7000,https://www.britannica.com/place/Andes-Mountains,onbereikbaar,HTTP 403
858,—,Hoeveel kilometer lang is de Grote Muur van China ongeveer?,21196,https://whc.unesco.org/en/list/438/,onbereikbaar,HTTP 403
867,—,Hoeveel kilometer lang is de evenaar ongeveer?,40075,https://education.nationalgeographic.org/resource/equator/,getal gezien,"The distance around Earth at the Equator, its circumference , is 40,075 kilometers (24,901 miles)."
868,—,Hoeveel kilometer lang is de kustlijn van Canada ongeveer?,202080,https://natural-resources.canada.ca/earth-sciences/geography,onbereikbaar,HTTP 404
869,—,Hoeveel kilometer lang is de kustlijn van de Middellandse Zee ongeveer?,46000,https://www.britannica.com/place/Mediterranean-Sea,onbereikbaar,HTTP 403
870,—,Hoeveel kilometer lang is het Tanganyikameer ongeveer?,660,https://www.britannica.com/place/Lake-Tanganyika,onbereikbaar,HTTP 403
899,—,Hoeveel landen grenzen aan Oostenrijk?,8,https://www.austria.info/en/service-and-facts/about-austria,niet gevonden,
912,—,Hoeveel landen grenzen aan de Middellandse Zee?,22,https://www.britannica.com/place/Mediterranean-Sea,onbereikbaar,HTTP 403
913,—,Hoeveel landen grenzen aan het Tanganyikameer?,4,https://www.britannica.com/place/Lake-Tanganyika,onbereikbaar,HTTP 403
914,—,Hoeveel landen grenzen direct aan de Noordzee?,8,https://www.britannica.com/place/North-Sea,onbereikbaar,HTTP 403
915,—,Hoeveel landen grenzen direct aan de Zwarte Zee?,6,https://www.britannica.com/place/Black-Sea,onbereikbaar,HTTP 403
916,—,Hoeveel landen hebben grondgebied in het Amazonebekken?,8,https://www.britannica.com/place/Amazon-River,onbereikbaar,HTTP 403
926,—,Hoeveel landen worden tot het Arabisch Schiereiland gerekend?,7,https://www.britannica.com/place/Arabian-Peninsula,onbereikbaar,HTTP 403
927,—,Hoeveel landen worden verbonden door de UNESCO-site van de Struve-geodetische boog?,10,UNESCO World Heritage Centre — Struve Geodetic Arc,geen url,UNESCO World Heritage Centre — Struve Geodetic Arc
960,—,Hoeveel procent van het Amazonebekken ligt ongeveer in Brazilië?,60,https://www.britannica.com/place/Amazon-River,onbereikbaar,HTTP 403
977,—,Hoeveel vierkante kilometer is Groenland ongeveer groot?,2166000,https://www.britannica.com/place/Greenland,onbereikbaar,HTTP 403
978,—,Hoeveel vierkante kilometer is de oppervlakte van het Baikalmeer ongeveer?,31700,https://www.britannica.com/place/Lake-Baikal,onbereikbaar,HTTP 403
979,—,Hoeveel vierkante kilometer is het Victoriameer ongeveer?,69500,https://www.britannica.com/place/Lake-Victoria,onbereikbaar,HTTP 403
980,—,Wat is de gemiddelde diepte van alle wereldzeeën en oceanen in meters?,3688,https://oceanservice.noaa.gov/facts/oceandepth.html,niet gevonden,
981,—,Wat is de hoogte van de Mont Blanc in de Alpen in meters?,4808,https://www.britannica.com/place/Mont-Blanc,onbereikbaar,HTTP 403
982,—,Wat is de lengte van de rivier de Nijl in kilometers?,6650,https://www.britannica.com/place/Nile-River,onbereikbaar,HTTP 403
984,—,Hoeveel duizend vierkante kilometer groot is Australië?,7692,https://www.ga.gov.au/education/facts/dimensions,onbereikbaar,HTTP 404
985,—,Wat is het grootste binnenlandse waterlichaam ter wereld naar oppervlakte?,371000,https://www.britannica.com/place/Caspian-Sea,onbereikbaar,HTTP 403
986,—,Hoeveel Amerikaanse militairen kwamen tijdens de Tweede Wereldoorlog om het leven?,405000,https://www.nationalww2museum.org/war/articles/american-casualties,onbereikbaar,HTTP 404
996,—,Hoeveel jaar duurde de Amerikaanse Burgeroorlog?,4,https://www.nps.gov/gett/learn/historyculture/civil-war-overview.htm,onbereikbaar,HTTP 404
997,—,Hoeveel jaar duurde de Amerikaanse Onafhankelijkheidsoorlog?,8,https://www.archives.gov/founding-docs/declaration,niet gevonden,
1006,—,Hoeveel kilometer lang was de historische Zijderoute ongeveer?,7000,https://en.unesco.org/silkroad/about-silk-roads,niet gevonden,
1009,—,Hoeveel mensen bezochten de Wereldtentoonstelling van 1889 in Parijs?,32000000,https://www.britannica.com/event/Paris-Exposition-of-1889,onbereikbaar,HTTP 403
1010,—,Hoeveel mensen bezochten de Wereldtentoonstelling van 1893 in Chicago?,27500000,https://www.britannica.com/event/Worlds-Columbian-Exposition,onbereikbaar,HTTP 403
1011,—,Hoeveel mensen dienden in totaal in het Amerikaanse leger tijdens de Tweede Wereldoorlog?,16000000,https://www.nationalww2museum.org/war/articles/american-military-personnel,onbereikbaar,HTTP 404
1016,—,Hoeveel schepen had de Atheense vloot tijdens de Slag bij Salamis ongeveer?,370,https://www.britannica.com/event/Battle-of-Salamis,onbereikbaar,HTTP 403
1019,—,Hoeveel soldaten namen deel aan de landing in Normandië op D-Day?,156000,https://www.iwm.org.uk/history/d-day-the-unheard-tapes,onbereikbaar,HTTP 403
1020,—,Hoeveel soldaten telde het Britse leger bij de Slag bij Waterloo ongeveer?,68000,https://www.britannica.com/event/Battle-of-Waterloo,onbereikbaar,HTTP 403
1022,—,Hoeveel ton bommen werd tijdens de Blitz op Londen afgeworpen?,18000,https://www.iwm.org.uk/history/the-blitz,onbereikbaar,HTTP 403
1023,—,Hoeveel uren zitten er in een standaard kalenderjaar?,8760,https://www.berlin.de/mauer/en/history/berlin-wall-fall/,niet gevonden,
1025,—,Hoeveel vliegtuigen ondersteunden D-Day?,11000,https://www.iwm.org.uk/history/d-day-the-unheard-tapes,onbereikbaar,HTTP 403
1061,—,Hoeveel graden heeft een rechte hoek?,90,https://www.britannica.com/art/Western-architecture/Greek,onbereikbaar,HTTP 403
1071,—,Uit hoeveel landen bestaat de UNESCO-site The Great Spa Towns of Europe?,7,UNESCO World Heritage Centre — Great Spa Towns of Europe,geen url,UNESCO World Heritage Centre — Great Spa Towns of Europe
1072,—,Voor hoeveel dollar werd Leonardo’s Salvator Mundi op een veiling verkocht?,450312500,Christie’s — Salvator Mundi,geen url,Christie’s — Salvator Mundi
1073,—,Hoeveel bijen leven er in een sterk bijenvolk in de zomer?,50000,https://www.gov.uk/guidance/beekeeping-and-honey-bees,onbereikbaar,HTTP 404
1074,—,Hoeveel dagen duurt de zwangerschap van een geit?,150,https://www.merckvetmanual.com/management-and-nutrition/management-of-reproduction-goats,niet gevonden,
1075,—,Hoeveel dagen duurt de zwangerschap van een varken?,114,https://www.merckvetmanual.com/management-and-nutrition/management-of-reproduction-pigs,niet gevonden,
1076,—,Hoeveel kilogram staal zit er ongeveer in een gemiddelde auto?,900,https://www.steel.org/automotive,niet gevonden,
1077,—,Hoeveel procent van de wereldwijde landbouwgrond wordt geïrrigeerd?,20,https://www.fao.org/aquastat/en/overview/methodology/water-use,getal gezien,"The chart below shows the water withdrawal ratios by continent, where the agricultural part varies from more than 80 percent in Africa and Asia to just over 20 percent in Europe."
1078,—,Hoeveel ton aardappelen werd wereldwijd geproduceerd in 2023?,383000000,https://www.fao.org/faostat/en/#data/QCL,niet gevonden,
1079,—,Hoeveel ton aluminium wordt wereldwijd jaarlijks geproduceerd?,70000000,https://www.usgs.gov/centers/national-minerals-information-center/aluminum-statistics-and-information,niet gevonden,
1080,—,Hoeveel ton cement wordt wereldwijd jaarlijks geproduceerd?,4000000000,https://www.usgs.gov/centers/national-minerals-information-center/cement-statistics-and-information,niet gevonden,
1081,—,Hoeveel ton plastic wordt wereldwijd jaarlijks geproduceerd?,400000000,https://www.unep.org/interactives/beat-plastic-pollution/,niet gevonden,
1082,—,Hoeveel ton rijst werd wereldwijd geproduceerd in 2023?,530000000,https://www.fao.org/faostat/en/#data/QCL,niet gevonden,
1083,—,Hoeveel ton staal werd wereldwijd geproduceerd in 2023?,1900000000,https://worldsteel.org/steel-topics/statistics/annual-crude-steel-production/,niet gevonden,
1084,—,Hoeveel ton tarwe werd wereldwijd geproduceerd in 2023?,785000000,https://www.fao.org/faostat/en/#data/QCL,niet gevonden,
1086,—,Welk percentage van het wereldwijde staal wordt geproduceerd in China?,54,https://worldsteel.org/steel-topics/statistics/annual-crude-steel-production/,niet gevonden,
1087,—,Hoeveel KFC-restaurants zijn er wereldwijd ongeveer?,30000,https://investors.yum.com/financial-information/annual-reports,onbereikbaar,HTTP 403
1088,—,Hoeveel winkels heeft Aldi wereldwijd ongeveer?,12500,https://www.aldi.com/about-aldi/,onbereikbaar,HTTP 404
1089,—,Hoeveel winkels heeft Lidl wereldwijd ongeveer?,12500,https://info.lidl/en/about-lidl,onbereikbaar,HTTP 404
1090,—,Hoeveel delen CO₂ per miljoen delen lucht meet NASA nu?,425,https://climate.nasa.gov/vital-signs/carbon-dioxide/,niet gevonden,
1091,—,Hoeveel delen CO₂ per miljoen delen lucht zat er rond het pre-industriële referentiejaar in de atmosfeer?,280,https://climate.nasa.gov/vital-signs/carbon-dioxide/,niet gevonden,
1094,—,Hoeveel procent van de landbouwgrond wordt gebruikt voor voedsel dat uiteindelijk niet wordt opgegeten?,30,https://www.fao.org/food-loss-reduction/en/,niet gevonden,
1095,—,Hoeveel procent van de oorspronkelijke bossen in de wereld is nog over?,36,https://www.fao.org/interactive/forest-resources-assessment/2020/en/,niet gevonden,
1096,—,Hoeveel procent van de wetlands is sinds 1700 wereldwijd verdwenen?,85,https://www.unep.org/resources/report/global-wetland-outlook,onbereikbaar,HTTP 404
1097,—,Hoeveel soorten worden volgens de gangbare schatting met uitsterven bedreigd?,1000000,https://www.iucnredlist.org/resources/summary-statistics,onbereikbaar,HTTP 403
1098,—,Hoeveel ton plastic afval produceert de mensheid jaarlijks volgens UNEP ongeveer?,400000000,https://www.unep.org/interactives/beat-plastic-pollution/,niet gevonden,
1099,—,Welk percentage van het mariene afval bestaat volgens UNEP minstens uit plastic?,85,https://www.unep.org/interactives/beat-plastic-pollution/,niet gevonden,
1100,—,Welk percentage van plastic afval wordt wereldwijd gestort?,46,https://www.oecd.org/environment/plastics/,onbereikbaar,HTTP 403
1111,—,Hoeveel lijnen heeft een notenbalk?,5,https://www.britannica.com/art/staff-music,onbereikbaar,HTTP 403
1126,—,Hoeveel snaren heeft een standaard basgitaar?,4,https://www.fender.com/articles/tech-talk/bass-guitar-strings,onbereikbaar,HTTP 403
1135,—,Hoeveel graden Celsius kan een bliksemschicht bereiken?,30000,https://whc.unesco.org/en/list/1314/,onbereikbaar,HTTP 403
1141,—,Wat is de snelheid van het geluid in droge lucht bij 20°C in km/u?,1235,https://www.engineeringtoolbox.com/speed-sound-d_153.html,onbereikbaar,HTTP 404
1142,—,Wat is de snelheid van het licht in vacuüm ongeveer?,300000,https://physics.nist.gov/cgi-bin/cuu/Value?c,niet gevonden,
1193,—,Hoeveel kilometer lang is de kust van de Nederlandse Waddeneilanden ongeveer?,300,https://www.waddenzee.nl/english/,onbereikbaar,HTTP 404
1218,—,Hoeveel meter onder zeeniveau ligt het diepste punt van Nederland?,7,https://www.rijkswaterstaat.nl/english,onbereikbaar,HTTP 404
1227,—,Hoeveel procent van Nederland ligt onder zeeniveau?,26,https://www.government.nl/topics/water-management/room-for-the-river,onbereikbaar,HTTP 404
1248,—,Hoeveel zuilen heeft het Rijksmuseum aan de voorgevel?,8,https://www.rijksmuseum.nl/en/visitor-information/building,onbereikbaar,HTTP 404
1267,—,Hoeveel landen ondertekenden oorspronkelijk het Handvest van de Verenigde Naties?,50,https://www.un.org/en/about-us/history-of-the-un,getal gezien,"Representatives of 50 countries gathered at the United Nations Conference on International Organization in San Francisco, California from 25 April to 26 June 1945."
1316,—,Hoeveel hotels heeft Hilton wereldwijd ongeveer?,7500,https://stories.hilton.com/annual-report,onbereikbaar,HTTP 404
1317,—,"Hoeveel miljoen passagiers verwerkt Atlanta Airport (Hartsfield-Jackson, de drukste luchthaven ter wereld) per jaar?",104,https://www.atl.com/about-atl/statistics/,onbereikbaar,HTTP 403
1318,—,Hoeveel atomen bevat één molecuul methaan?,5,https://pubchem.ncbi.nlm.nih.gov/compound/Methane,niet gevonden,
1319,—,Hoeveel belangrijkste producten ontstaan bij de reactie tussen azijn en baking soda?,3,https://www.acs.org/education/whatischemistry/landmarks/acid-base.html,niet gevonden,
1320,—,"Hoeveel elektronen heeft een chloride-ion, Cl⁻?",18,https://openstax.org/books/chemistry-2e/pages/2-3-atomic-structure-and-symbolism,bevestigd,Solution average mass = ( 0.9184 × 19.9924 amu ) + ( 0.0047 × 20.9940 amu ) + ( 0.0769 × 21.9914 amu ) = ( 18.36 + 0.099 + 1.69 ) amu = 20.15 amu average mass = ( 0.9184 × 19.9924 amu ) + ( 0.0047 × 20.9940 amu ) + ( 0.0769 × 21.9914 amu ) = ( 18.36 + 0.099 + 1.69 ) amu = 20.15 amu The average mass of a neon atom in th
1321,—,Hoeveel elektronen kan de derde elektronenschil maximaal bevatten?,18,https://openstax.org/books/chemistry-2e/pages/6-4-electronic-structure-of-atoms,onbereikbaar,HTTP 404
1322,—,Hoeveel elektronenparen deelt een stikstofatoom in het molecuul N₂?,3,https://openstax.org/books/chemistry-2e/pages/7-2-covalent-bonding,bevestigd,"For example, the H and F atoms in HF have an electronegativity difference of 1.9, and the N and H atoms in NH 3 a difference of 0.9, yet both of these compounds form bonds that are considered polar covalent."
1325,—,Hoeveel keer zuurder is een oplossing met pH 3 dan een oplossing met pH 5?,100,https://www.usgs.gov/special-topics/water-science-school/science/ph-and-water,niet gevonden,
1326,—,Hoeveel neutronen heeft koolstof-14?,8,https://physics.nist.gov/cgi-bin/Compositions/stand_alone.pl,niet gevonden,
1331,—,Hoeveel gekleurde vierkantjes telt een standaard Rubik's kubus aan de buitenkant?,54,https://www.rubiks.com/en-us/3x3,onbereikbaar,HTTP 404
1335,—,Hoeveel kleuren heeft een standaard Rubiks kubus?,6,https://www.catan.com/understand-catan/game-rules,niet gevonden,
1336,—,Hoeveel miljard LEGO-steentjes zijn er sinds 1958 wereldwijd in totaal geproduceerd?,600,https://whc.unesco.org/en/list/1631/,onbereikbaar,HTTP 403
1337,—,Hoeveel pionnen heeft iedere speler bij de start van schaken?,8,https://shop.hasbro.com/en-us/product/jenga-game/6D3B9C7E-5056-9047-F5D5-7B7B8C4A7B4B,niet gevonden,
1338,—,Hoeveel speelvelden heeft een standaard schaakbord?,64,https://handbook.fide.com/chapter/E012023,bevestigd,Article 2: The Initial Position of the Pieces on the Chessboard 2.1 The chessboard is composed of an 8 x 8 grid of 64 equal squares alternately light (the ‘white’ squares) and dark (the ‘black’ squares).
1349,—,Hoeveel holes heeft een standaard golfbaan?,18,https://www.randa.org/en/rog/the-rules-of-golf,bevestigd,"Read more 18 Stroke-and-Distance Relief, Ball Lost or Out of Bounds, Provisional Ball Purpose of Rule: Rule 18 covers taking relief under penalty of stroke and distance."
1350,—,Hoeveel holes heeft een standaard minigolfronde meestal?,18,https://www.wmfsport.com/,onbereikbaar,<urlopen error [Errno 11001] getaddrinfo failed>
1351,—,Hoeveel holes telt een standaard ronde op een professionele golfbaan?,18,https://www.randa.org/en/rog/the-rules-of-golf,bevestigd,"Read more 18 Stroke-and-Distance Relief, Ball Lost or Out of Bounds, Provisional Ball Purpose of Rule: Rule 18 covers taking relief under penalty of stroke and distance."
1378,—,Hoeveel meter breed mag een internationaal voetbalveld maximaal zijn?,90,https://www.theifab.com/laws/latest/the-field-of-play/,getal gezien,Length (touchline): minimum 90 m (100 yds) maximum 120 m (130 yds) Length (goal line): minimum 45 m (50 yds) maximum 90 m (100 yds) Competitions may determine the length of the goal line and touchline within the above dimensions.
1382,—,Hoeveel meter lang mag een internationaal voetbalveld maximaal zijn?,120,https://www.theifab.com/laws/latest/the-field-of-play/,getal gezien,Length (touchline): minimum 90 m (100 yds) maximum 120 m (130 yds) Length (goal line): minimum 45 m (50 yds) maximum 90 m (100 yds) Competitions may determine the length of the goal line and touchline within the above dimensions.
1387,—,Hoeveel minuten officiële speeltijd heeft een Americanfootballwedstrijd in de NFL?,60,https://operations.nfl.com/the-rules/nfl-rulebook/,bevestigd,"The location of the inbounds hash marks is 70’ 9” for professional football, 60’ for college football, measured to the inbound edge of the hash."
1390,—,Hoeveel minuten officiële speeltijd heeft een rugbyunionwedstrijd?,80,https://www.world.rugby/the-game/laws/law/5,niet gevonden,
1391,—,Hoeveel periodes heeft een ijshockeywedstrijd?,3,https://www.iihf.com/en/static/5459/rules,onbereikbaar,HTTP 403
1401,—,Hoeveel speelminuten duurt een officiële voetbalwedstrijd zonder verlenging?,90,https://www.theifab.com/laws/latest/the-duration-of-the-match/,niet gevonden,
1406,—,Hoeveel spelers staan er op het ijs bij ijshockey (beide teams inclusief keepers)?,12,https://www.usahockeyrulebook.com/,niet gevonden,
1407,—,Hoeveel spelers staan er per basketbalteam tegelijk op het veld?,5,https://www.fiba.basketball/official-basketball-rules,niet gevonden,
1409,—,Hoeveel spelers staan er per team op het veld bij volleybal?,6,https://www.fivb.com/inside-fivb/document-centre/official-volleyball-rules,onbereikbaar,HTTP 403
1410,—,Hoeveel spelers staan er tegelijk op het veld bij voetbal?,22,https://www.theifab.com/laws/latest/the-players/,niet gevonden,
1415,—,Hoeveel veldspelers (inclusief keeper) staan er in het water bij waterpolo per team?,7,https://www.worldaquatics.com/rules,niet gevonden,
1416,—,Wat is de exacte afstand van een marathonwedstrijd in meters?,42195,https://worldathletics.org/about-iaaf/documents/book-of-rules,niet gevonden,
1418,—,Wat is een perfecte score bij tienpinsbowling?,300,https://bowl.com/rules,niet gevonden,
1422,—,Hoeveel astronauten kunnen tijdens een normale missie ongeveer tegelijk in het ISS verblijven?,7,https://www.nasa.gov/mission_pages/station/main/index.html,niet gevonden,
1423,—,Hoeveel bekende manen heeft Jupiter volgens de gebruikte telling?,95,https://science.nasa.gov/jupiter/jupiter-moons/,niet gevonden,
1425,—,Hoeveel erkende planeten telt ons zonnestelsel?,8,https://science.nasa.gov/solar-system/planets/,bevestigd,8 Planets 5 Dwarf Planets Introduction What is a planet?
1426,—,Hoeveel kilometer is de diameter van Jupiter ongeveer?,139820,https://science.nasa.gov/jupiter/facts/,niet gevonden,
1428,—,Hoeveel kilometer is de diameter van de zon ongeveer?,1392700,https://science.nasa.gov/sun/facts/,niet gevonden,
1429,—,Hoeveel kilometer is de gemiddelde afstand van Jupiter tot de zon?,778000000,https://science.nasa.gov/jupiter/facts/,niet gevonden,
1432,—,Hoeveel miljard sterren telt ons Melkwegstelsel naar schatting?,100,https://science.nasa.gov/universe/galaxies/milky-way/,onbereikbaar,HTTP 404
1437,—,In welk jaar werd de eerste ruimtestationmodule gelanceerd?,1971,https://www.nasa.gov/mission/skylab/,niet gevonden,
1438,—,In welk jaar zette de eerste mens voet op de maan?,1969,https://www.nasa.gov/mission/apollo-11/,getal gezien,"Mission Type Lunar Landing astronauts Neil Armstrong, Buzz Aldrin, Michael Collins Launch July 16, 1969 SPLASHDOWN July 24, 1969 Astronaut Buzz Aldrin stands on the Moon facing a U.S."
1439,—,Wat is de baansnelheid van het ISS ongeveer?,27600,https://www.nasa.gov/mission_pages/station/main/index.html,niet gevonden,
1440,—,Wat is de baansnelheid van het ISS ruimtestation in kilometer per uur?,27600,https://www.nasa.gov/mission_pages/station/main/index.html,niet gevonden,
1442,—,Wat is de diameter van de Maan in kilometers?,3474,https://science.nasa.gov/moon/facts/,niet gevonden,
1445,—,Wat is de geschatte temperatuur aan het oppervlak van de zon?,5500,https://science.nasa.gov/sun/facts/,bevestigd,"The part of the Sun we call its surface – the photosphere – is a relatively cool 10,000 °F (5,500 °C)."
1446,—,Hoeveel basisjamo-tekens heeft het moderne Koreaanse Hangul-alfabet?,24,https://www.britannica.com/topic/Hangul,onbereikbaar,HTTP 403
1449,—,Hoeveel naamvallen heeft het Duits?,4,https://www.britannica.com/topic/German-language,onbereikbaar,HTTP 403
1450,—,Hoeveel naamvallen heeft het Latijn volgens de traditionele grammaticale indeling?,6,https://www.britannica.com/topic/Latin-language,onbereikbaar,HTTP 403
1452,—,Hoeveel tonen heeft het Vietnamese taalsysteem volgens de meest gebruikte indeling?,6,https://www.britannica.com/topic/Vietnamese-language,onbereikbaar,HTTP 403
1456,—,Hoeveel kleuren subpixels heeft iedere pixel op een standaard RGB-scherm?,3,https://www.nist.gov/pml/color,onbereikbaar,HTTP 404
1457,—,Hoeveel megabytes zitten er in precies één gigabyte?,1024,https://physics.nist.gov/cuu/Units/binary.html,bevestigd,"Historical context * Once upon a time, computer professionals noticed that 2 10 was very nearly equal to 1000 and started using the SI prefix ""kilo"" to mean 1024."
1458,—,Hoeveel megabytes zitten er volgens de binaire definitie in één gigabyte?,1024,https://physics.nist.gov/cuu/Units/binary.html,bevestigd,"Historical context * Once upon a time, computer professionals noticed that 2 10 was very nearly equal to 1000 and started using the SI prefix ""kilo"" to mean 1024."
1459,—,Hoeveel pixels heeft een 4K UHD-scherm ongeveer?,8300000,https://www.cta.tech/Resources/Standards/4K-Ultra-High-Definition,onbereikbaar,HTTP 404
1473,—,In welk jaar werd de eerste commerciële mobiele telefoon uitgebracht?,1983,https://www.motorolasolutions.com/en_us/about/company-overview/history-experience.html,onbereikbaar,HTTP 404
1475,—,In welk jaar werd de eerste computer-muis ontworpen?,1964,https://www.computerhistory.org/revolution/input-output/14/350,niet gevonden,
1477,—,In welk jaar werd de eerste floppy disk geïntroduceerd?,1971,https://www.ibm.com/history/floppy-disk,getal gezien,IBM began selling floppy disk drives in 1971 and received US patents for the drive and floppy disk in 1972.
1478,—,In welk jaar werd de eerste laptop uitgebracht?,1981,https://computerhistory.org/blog/the-osborne-1/,onbereikbaar,HTTP 404
1479,—,In welk jaar werd de eerste website online gezet?,1991,https://home.cern/science/computing/birth-web,onbereikbaar,HTTP 404
1481,—,Hoeveel duizend beeldpunten telt een Full HD-scherm?,2074,https://www.itu.int/rec/R-REC-BT.709,niet gevonden,
1482,—,Door hoeveel landen lopen de Alpen volgens de Alpine Convention?,8,Alpine Convention — Who we are,geen url,Alpine Convention — Who we are
1492,—,Hoeveel standaard 20-voet zeecontainers (TEU) kan het grootste containerschip ter wereld in één keer vervoeren?,24000,Port authority/company figures vary by ship and date.,geen url,Port authority/company figures vary by ship and date.
1494,—,Hoeveel verkeerslichten zijn er ongeveer in New York City?,13500,https://www.nyc.gov/html/dot/html/infrastructure/traffic-signals.shtml,onbereikbaar,HTTP 403
1495,—,Hoeveel wielen heeft een locomotief met drie standaard draaistellen van twee assen?,12,https://www.railway-technical.com/rolling-stock/bogies.html,onbereikbaar,<urlopen error [SSL: CERTIFICATE_VERIFY_FAILED] certificate verify failed: self-
1496,—,Hoeveel wielen heeft een standaard auto?,4,https://www.nhtsa.gov/vehicle-safety,onbereikbaar,HTTP 403
1497,—,Hoeveel wielen heeft een standaard dubbeldekkerbus meestal?,6,https://tfl.gov.uk/modes/buses/,niet gevonden,
1498,—,Hoeveel wielen heeft een standaard stadsbus meestal?,6,https://tfl.gov.uk/modes/buses/,niet gevonden,
1499,—,Hoeveel wielen heeft een tram meestal in een vierassige configuratie?,8,https://www.britannica.com/technology/streetcar,onbereikbaar,HTTP 403
1500,—,In welk jaar maakte het eerste gemotoriseerde vliegtuig een succesvolle vlucht?,1903,https://www.nasa.gov/history/first-flight/,onbereikbaar,HTTP 404
1502,—,In welk jaar reed de eerste hogesnelheidstrein in commerciële dienst?,1964,https://www.jreast.co.jp/e/press/2003/20030501.pdf,onbereikbaar,HTTP 403
1508,—,Hoeveel positieve delers heeft het getal 360?,24,https://mathworld.wolfram.com/Divisor.html,bevestigd,"divisors (other than 1) are 1, 2, 4, 6, 16, 12, 64, 24, 36, ..."
1509,—,Hoeveel positieve delers heeft het getal 720?,30,https://mathworld.wolfram.com/Divisor.html,niet gevonden,
1510,—,Hoeveel seconden zitten er in één minuut?,60,https://www.bipm.org/en/publications/si-brochure,niet gevonden,
