Categorie,Vraag NL,Antwoord,Bron EN,Status,excel_row
Nederlands,Hoeveel inwoners heeft Amsterdam ongeveer in duizendtallen (2024)?,930,,nieuw-2026-09,984
Nederlands,Hoeveel biljarten heeft het Binnenhof te Den Haag traditioneel?,3,,nieuw-2026-09,985
Nederlands,Hoeveel meter hoog is de Domtoren in Utrecht?,112,,nieuw-2026-09,986
Nederlands,"Hoeveel wilde knuffels passen er in het themapark de Efteling qua attracties, afgerond op tientallen (2024)?",40,,nieuw-2026-09,987
Nederlands,Hoeveel terrassen heeft de Euromast in Rotterdam totaal?,2,,nieuw-2026-09,988
Nederlands,Hoeveel gram suiker bevat een standaard reep chocolade van Droste van 100 gram ongeveer?,55,,nieuw-2026-09,989
Nederlands,Hoeveel dagen duurt de Nederlands Dans Theater-productie Stop-Motion doorgaans per seizoensblok?,3,,nieuw-2026-09,990
Nederlands,Hoeveel meter lang is de Maasvlakte²-stormvloedkering maasvlakte (in honderden meters)?,11,,nieuw-2026-09,991
Nederlands,Hoeveel kapstokkaarten telt een standaard Nederlandse Mens-erger-je-niet?,4,,nieuw-2026-09,992
Nederlands,Hoeveel polders telt Flevoland in de klassieke indeling?,2,,nieuw-2026-09,993
Nederlands,Hoeveel grafkelders telt de Grote Kerk van Dordrecht bij benadering (in honderdtallen)?,2,,nieuw-2026-09,994
Nederlands,Hoeveel meter hoog is de Euromast vanaf de grond tot de top van de Space Tower?,185,,nieuw-2026-09,995
Nederlands,Hoeveel spelers zitten er in een Nederlands korfbalteam op het veld?,8,,nieuw-2026-09,996
Nederlands,Hoeveel Hollandse waterlijnen kent de oude Nederlandsche Waterlinie?,3,,nieuw-2026-09,997
Nederlands,Hoeveel bruggen telt het klassieke orkestnummer Bruggetje van Sainte Anneï in de titel niet?,0,,nieuw-2026-09,998
Nederlands,Hoeveel km lang is de Hanzelijn spoorlijn Lelystad-Zwolle afgerond?,50,,nieuw-2026-09,999
Nederlands,Hoeveel kilometer fietspad telt Nederland bij benadering in duizenden kilometers?,37,,nieuw-2026-09,1000
Nederlands,Hoeveel landen grenzen aan Nederland?,2,,nieuw-2026-09,1001
Nederlands,Hoeveel Waddeneilanden behoren tot Nederland?,5,,nieuw-2026-09,1002
Nederlands,Hoeveel dagen duurt de Alvleeskliervlaamse Wielerweek Vredeskoers niet?,0,,nieuw-2026-09,1003
Nederlands,"Hoeveel koppen bevat de Nederlandse driehoek bestuursniveaus (rijk, provincie, gemeente)?",3,,nieuw-2026-09,1004
Nederlands,Hoeveel kinderen heeft koning Willem-Alexander?,3,,nieuw-2026-09,1005
Nederlands,Hoeveel windmolens staan er bij Kinderdijk?,19,,nieuw-2026-09,1006
Nederlands,Hoeveel meter diep is het Zeelandbrug het hoogste punt voor schepen?,16,,nieuw-2026-09,1007
Nederlands,Hoeveel dozen chocoladeletters koopt Nederland gemiddeld per persoon rond Sinterklaas (afgerond)?,1,,nieuw-2026-09,1008
Nederlands,Hoeveel kilometer lang is de Nederlandse kustlijn bij benadering afgerond op honderdtallen?,500,,nieuw-2026-09,1009
Nederlands,Hoeveel miljoen koeien telt Nederland bij benadering?,4,,nieuw-2026-09,1010
Nederlands,Hoeveel musea telt Amsterdam bij benadering (in tientallen)?,80,,nieuw-2026-09,1011
Nederlands,Hoeveel verdiepingen heeft De Rotterdam van architect Rem Koolhaas?,44,,nieuw-2026-09,1012
Nederlands,Hoeveel goals maakte Johan Cruyff gemiddeld per Eredivisieseizoen voor Ajax (afgerond)?,20,,nieuw-2026-09,1013
Nederlands,Hoeveel keer werd Nederland Europees kampioen voetbal bij de mannen?,1,,nieuw-2026-09,1014
Nederlands,Hoeveel keer won Oranje de FIFA World Cup bij de mannen?,0,,nieuw-2026-09,1015
Nederlands,Hoeveel gram weegt een stroopwafel van het merk Daelmans standaard?,32,,nieuw-2026-09,1016
Nederlands,Hoeveel miljard euro is het jaarlijkse Nederlandse defensiebudget 2024 afgerond op tientallen miljarden?,20,,nieuw-2026-09,1017
Nederlands,"Hoeveel universiteiten van de UdK-tier behoren tot de klassieke Nederlandse top-3 (Leiden, Utrecht, Groningen)?",3,,nieuw-2026-09,1018
Nederlands,Hoeveel uur duurt de treinreis Amsterdam-Paris Thalys ongeveer (in hele uren)?,3,,nieuw-2026-09,1019
Nederlands,Hoeveel kilometer lang is de Van Brienenoordbrug hoofdspansegment?,300,,nieuw-2026-09,1020
Nederlands,Hoeveel maanden per jaar telt het Nederlandse voetbalseizoen Eredivisie doorgaans?,9,,nieuw-2026-09,1021
Nederlands,Hoeveel eilanden telt de Nederlandse Antillen in de huidige status van landen?,0,,nieuw-2026-09,1022
Nederlands,Hoeveel banen heeft de Nederlandsche Bank in het monetaire bestuur?,1,,nieuw-2026-09,1023
Nederlands,Hoeveel ritten maakt de Noord-Zuidlijn metro dagelijks bij benadering in honderden?,5,,nieuw-2026-09,1024
Nederlands,Hoeveel graden Kelvin kookt water in Nederlands keukenomgeving afgerond op tientallen?,370,,nieuw-2026-09,1025
Nederlands,Hoeveel km² beslaat de provincie Utrecht ongeveer afgerond op honderdtallen?,1500,,nieuw-2026-09,1026
Nederlands,Hoeveel meter lang is het grootste Nederlands cruiseschip de Rotterdam (in honderden meters)?,3,,nieuw-2026-09,1027
Nederlands,"Hoeveel kaasmarkten telt Nederland klassiek per week in Alkmaar, Gouda en Edam samen?",3,,nieuw-2026-09,1028
Nederlands,Hoeveel landen kocht de VOC formeel aan als koloniale gebieden?,0,,nieuw-2026-09,1029
Nederlands,Hoeveel kilometer lang is de Wilhelminapier in Rotterdam (in tientallen meters afgerond)?,3,,nieuw-2026-09,1030
Nederlands,Hoeveel molens staan er op de Zaanse Schans bij benadering (in tientallen)?,10,,nieuw-2026-09,1031
Nederlands,Hoeveel gram boter gaat in de klassieke Nederlandse boterkoek per 10 porties?,250,,nieuw-2026-09,1032
Nederlands,Hoeveel keer per jaar publiceert het CBS de driejaarlijkse woondenquête?,1,,nieuw-2026-09,1033
Nederlands,Hoeveel kilometer lang is de Noord-Zuidlijn Amsterdam?,9,,nieuw-2026-09,1034
Nederlands,Hoeveel duizend inwoners heeft Rotterdam bij benadering?,650,,nieuw-2026-09,1035
Nederlands,Hoeveel dorpen en steden telt de gemeente Amsterdam bij benadering (in tientallen)?,5,,nieuw-2026-09,1036
Nederlands,Hoeveel kilometer lang is de Westerscheldetunnel?,6,,nieuw-2026-09,1037
Nederlands,Hoeveel voetbalstadions van eredivisieclubs hebben een capaciteit boven de 50.000 (Amsterdam Arena en De Kuip)?,2,,nieuw-2026-09,1038
Nederlands,Hoeveel graden Celsius is de gemiddelde zomertemperatuur in Nederland afgerond op tientallen?,20,,nieuw-2026-09,1039
Nederlands,Hoeveel meter hoog is het gebouw De Zalmhaven in Rotterdam afgerond op tientallen?,200,,nieuw-2026-09,1040
Nederlands,Hoeveel stenen telt de klassieke Nederlandse bruine baksteen muur van een doorsnee woning per m² bij benadering (in tientallen)?,60,,nieuw-2026-09,1041
Nederlands,Hoeveel landen stemden vóór het Nederlands als EU-taal?,0,,nieuw-2026-09,1042
Nederlands,Hoeveel eenheden telt de Nederlandse duizendguldenbiljet-collectie uit 1970?,1,,nieuw-2026-09,1043
Nederlands,Hoeveel kilometer lang is de Betuweroute goederenspoorlijn?,160,,nieuw-2026-09,1044
Nederlands,Hoeveel kilometer lang is de Veluwemeer aquaduct (in tientallen meters afgerond)?,3,,nieuw-2026-09,1045
Nederlands,"Hoeveel koppen bevat het standaard Nederlands kroegbord van biertjes (Pils, Dubbel, Tripel, Quadrupel)?",4,,nieuw-2026-09,1046
Nederlands,Hoeveel ml bevat een standaard Nederlandse borrelglas jenever?,35,,nieuw-2026-09,1047
Nederlands,Hoeveel liter melk drinkt de gemiddelde Nederlander per jaar afgerond op tientallen liters?,50,,nieuw-2026-09,1048
Nederlands,Hoeveel bladzijden telt de Dictionary of the Dutch Language (Woordenboek der Nederlandsche Taal) in duizenden bladzijden?,45,,nieuw-2026-09,1049
Nederlands,Hoeveel procent van Nederland ligt onder zeeniveau ongeveer (afgerond op tientallen)?,30,,nieuw-2026-09,1050
Nederlands,Hoeveel landen deden er mee aan het Nederlands kampioenschap wielrennen voor clubs?,0,,nieuw-2026-09,1051
Nederlands,Hoeveel NL-doelpunten maakte Robin van Persie voor Oranje in zijn carrière afgerond op tientallen?,50,,nieuw-2026-09,1052
Nederlands,Hoeveel stockbeurzen telt Nederland (Euronext Amsterdam plus het Energiepunt)?,1,,nieuw-2026-09,1053
Nederlands,Hoeveel vlindersoorten komen voor in Nederland bij benadering (in tientallen)?,50,,nieuw-2026-09,1054
Nederlands,Hoeveel duikboten telt de Nederlandse marine standaard per vloot?,4,,nieuw-2026-09,1055
Nederlands,Hoeveel strepen heeft het Nederlandse vlagontwerp in horizontale banen?,3,,nieuw-2026-09,1056
Nederlands,Hoeveel procent van de Nederlanders zegt dagelijks te fietsen (afgerond op tientallen)?,60,,nieuw-2026-09,1057
Nederlands,Hoeveel Nederlandse koningen droegen de naam Willem vóór Willem-Alexander?,3,,nieuw-2026-09,1058
Nederlands,Hoeveel schaatsbanen van 400 meter heeft Nederland bij benadering (in tientallen)?,20,,nieuw-2026-09,1059
Nederlands,Hoeveel kilometer lang is de Maas in Nederland bij benadering (afgerond op tientallen)?,250,,nieuw-2026-09,1060
Nederlands,Hoeveel landen van het Koninkrijk der Nederlanden zijn er naast Nederland zelf?,3,,nieuw-2026-09,1061
Nederlands,Hoeveel liter water verbruikt de gemiddelde Nederlander per dag afgerond op tientallen?,100,,nieuw-2026-09,1062
Nederlands,Hoeveel kilometer lang is de Metro van Rotterdam netwerk in totaal (afgerond op tientallen)?,80,,nieuw-2026-09,1063
Nederlands,Hoeveel NL-postcodes cijfers heeft een Nederlandse postcode standaard (vier cijfers plus twee letters)?,4,,nieuw-2026-09,1064
Nederlands,Hoeveel korfbal-spelers staan er per team op het veld bij de Nederlandse Korfbal League?,8,,nieuw-2026-09,1065
Nederlands,Hoeveel procent van de Nederlandse bevolking woont in de Randstad ongeveer (afgerond op tientallen)?,40,,nieuw-2026-09,1066
Nederlands,Hoeveel Nederlandse koninginnen regeerden vóór koning Willem-Alexander?,3,,nieuw-2026-09,1067
Nederlands,Hoeveel dagen duurt de Nederlands Film Festival in Utrecht?,10,,nieuw-2026-09,1068
Nederlands,Hoeveel miljoen toeristen bezoekt Amsterdam jaarlijks ongeveer?,20,,nieuw-2026-09,1069
Nederlands,Hoeveel kilometer lang is de Bollenstreek kustlijn langs bloembollenvelden (in tientallen km afgerond)?,3,,nieuw-2026-09,1070
Nederlands,Hoeveel Friese elfsteden telt de klassieke Elfstedentocht?,11,,nieuw-2026-09,1071
Nederlands,Hoeveel kilometer lang is de Elfstedentocht totaal afgerond op tientallen?,200,,nieuw-2026-09,1072
Nederlands,Hoeveel keer is de Elfstedentocht in de 20e eeuw geschaatst?,15,,nieuw-2026-09,1073
Nederlands,Hoeveel Nederlandse Nobelprijswinnaars zijn er bij benadering (in tientallen afgerond)?,20,,nieuw-2026-09,1074
Nederlands,Hoeveel procent van de Nederlanders woont in een rijtjeshuis ongeveer (afgerond op tientallen)?,30,,nieuw-2026-09,1075
Nederlands,Hoeveel Nederlandse astronauten zijn er naar de ruimte gevlogen?,3,,nieuw-2026-09,1076
Nederlands,Hoeveel kilometer lang is de HSL-Zuid hogesnelheidslijn?,125,,nieuw-2026-09,1077
Geografie,Hoeveel strepen staan er op de Amerikaanse vlag?,13,,nieuw-2026-09,1078
Geografie,Hoeveel sterren staan er op de Amerikaanse vlag?,50,,nieuw-2026-09,1079
Geografie,Hoeveel staten liggen er op het Noord-Amerikaanse vasteland van de VS (exclusief Alaska en Hawaii)?,48,,nieuw-2026-09,1080
Geografie,Hoeveel tijdzones telt het vasteland van de VS?,4,,nieuw-2026-09,1081
Geschiedenis,In welk jaar werd de Amerikaanse Onafhankelijkheidsverklaring ondertekend?,1776,,nieuw-2026-09,1082
Geschiedenis,Hoeveel amendementen bevat de Amerikaanse Grondwet (Bill of Rights meegerekend in de eerste tien)?,27,,nieuw-2026-09,1083
Geschiedenis,Hoeveel presidenten werden er vermoord in de Amerikaanse geschiedenis?,4,,nieuw-2026-09,1084
Sport,Hoeveel spelers staan er per team op het veld bij American football?,11,,nieuw-2026-09,1085
Sport,Hoeveel minuten officiële speeltijd heeft een NFL-wedstrijd?,60,,nieuw-2026-09,1086
Sport,Hoeveel innings telt een standaard honkbalwedstrijd?,9,,nieuw-2026-09,1087
Sport,Hoeveel minuten officiële speeltijd heeft een NBA-wedstrijd?,48,,nieuw-2026-09,1088
Sport,Hoeveel teams spelen er in de NFL?,32,,nieuw-2026-09,1089
Sport,Hoeveel teams spelen er in de NBA?,30,,nieuw-2026-09,1090
Sport,Hoeveel punten levert een touchdown op in American football (met extra point)?,7,,nieuw-2026-09,1091
Sport,Hoeveel rings heeft het NBA-logo in het midden?,1,,nieuw-2026-09,1092
Sport,Hoeveel Super Bowls won Tom Brady in zijn carrière?,7,,nieuw-2026-09,1093
Sport,Hoeveel kuiven heeft een honkbalveld (bases plus home plate)?,4,,nieuw-2026-09,1094
Gebouwen en infrastructuur,Hoeveel meter hoog is het Empire State Building afgerond op tientallen?,440,,nieuw-2026-09,1095
Gebouwen en infrastructuur,Hoeveel kilometer lang is de Golden Gate Bridge hoofdspanssegment?,1280,,nieuw-2026-09,1096
Gebouwen en infrastructuur,Hoeveel kilometer telt de Route 66 bij benadering (in duizenden kilometers afgerond)?,4,,nieuw-2026-09,1097
Gebouwen en infrastructuur,Hoeveel verdiepingen heeft het Witte Huis?,4,,nieuw-2026-09,1098
Geografie,Hoeveel kilometer lang is de Mississippi rivier bij benadering (in duizenden km afgerond)?,4,,nieuw-2026-09,1099
Geografie,Hoeveel meter diep is de Grand Canyon op het diepste punt afgerond op honderdtallen?,1800,,nieuw-2026-09,1100
Geografie,Hoeveel kilometer lang is de Grand Canyon ongeveer (in honderden km afgerond)?,400,,nieuw-2026-09,1101
Geografie,Hoeveel nationale parken telt de VS bij benadering (in tientallen)?,60,,nieuw-2026-09,1102
Geografie,Hoeveel van de Grote Meren liggen in de VS en Canada samen?,5,,nieuw-2026-09,1103
Sterrenkunde & ruimte,Hoeveel NASA-mannetjes missies naar de maan (Apollo) landden er daadwerkelijk?,6,,nieuw-2026-09,1104
Sterrenkunde & ruimte,Hoeveel NASA astronauten liepen er op de maan (alles bij elkaar)?,12,,nieuw-2026-09,1105
Sterrenkunde & ruimte,Hoeveel Spaceshuttles bouwde NASA totaal voor orbitale vluchten?,5,,nieuw-2026-09,1106
Sterrenkunde & ruimte,Hoeveel dagen duurde de Apollo 11 missie naar de maan en terug afgerond op tientallen?,10,,nieuw-2026-09,1107
Technologie,In welk jaar werd Apple opgericht?,1976,,nieuw-2026-09,1108
Technologie,In welk jaar werd Microsoft opgericht?,1975,,nieuw-2026-09,1109
Technologie,In welk jaar werd Google opgericht?,1998,,nieuw-2026-09,1110
Technologie,In welk jaar werd Facebook opgericht?,2004,,nieuw-2026-09,1111
Technologie,In welk jaar werd Amazon opgericht?,1994,,nieuw-2026-09,1112
Technologie,In welk jaar bracht Apple de eerste iPhone uit?,2007,,nieuw-2026-09,1113
Eten & drinken,Hoeveel calorieën bevat een klassieke Amerikaanse Big Mac afgerond op tientallen?,550,,nieuw-2026-09,1114
Eten & drinken,Hoeveel ons vlees bevat de klassieke Quarter Pounder?,4,,nieuw-2026-09,1115
Eten & drinken,Hoeveel gram suiker zit er in een blikje Coca-Cola van 12 ounce (355 ml) afgerond op tientallen?,39,,nieuw-2026-09,1116
Films en series,Hoeveel Oscars won de film Forrest Gump?,6,,nieuw-2026-09,1117
Films en series,Hoeveel Star Wars films uit de Skywalker Saga verschenen er?,9,,nieuw-2026-09,1118
Films en series,Hoeveel Jurassic Park films verschenen er in totaal?,6,,nieuw-2026-09,1119
Films en series,Hoeveel Avengers telde het originele team in de MCU film Avengers (2012)?,6,,nieuw-2026-09,1120
Films en series,Hoeveel seizoenen telde de serie The Office US?,9,,nieuw-2026-09,1121
Muziek,Hoeveel Grammys won Beyoncé in totaal tot 2023?,32,,nieuw-2026-09,1122
Muziek,Hoeveel studioalbums bracht Taylor Swift uit tot 2024?,11,,nieuw-2026-09,1123
Muziek,Hoeveel nummer 1-hits had The Beatles in de Billboard Hot 100?,20,,nieuw-2026-09,1124
Muziek,Hoeveel nummer 1-albums had Elvis Presley in de VS?,10,,nieuw-2026-09,1125
Dieren,Hoeveelkg weegt een volwassen Amerikaanse bizon mannetje afgerond op honderdtallen?,900,,nieuw-2026-09,1126
Dieren,Hoeveel soorten kolibries komen voor in de VS bij benadering (in tientallen)?,20,,nieuw-2026-09,1127
Politiek en recht,Hoeveel rechterzittingen telt het Amerikaanse Hooggerechtshof?,9,,nieuw-2026-09,1128
Politiek en recht,Hoeveel jaren duurt een termijn van een Amerikaanse senator?,6,,nieuw-2026-09,1129
Politiek en recht,Hoeveel jaren duurt een termijn van een Amerikaanse vertegenwoordiger (House of Representatives)?,2,,nieuw-2026-09,1130
Politiek en recht,Hoeveel leden telt het Amerikaanse Huis van Afgevaardigden?,435,,nieuw-2026-09,1131
Politiek en recht,Hoeveel electorale stemmen heeft Californië (2024)?,54,,nieuw-2026-09,1132
Politiek en recht,Hoeveel electorale stemmen zijn er nodig om de VS-presidentsverkiezing te winnen?,270,,nieuw-2026-09,1133
Politiek en recht,Hoeveel electorale stemmen heeft Texas (2024)?,40,,nieuw-2026-09,1134
Politiek en recht,Hoeveel jaren zit een Amerikaanse president maximaal in twee termijnen?,8,,nieuw-2026-09,1135
Geografie,Hoeveel landen liggen er in Europa bij benadering (in tientallen)?,50,,nieuw-2026-09,1136
Geografie,Hoeveel landen zijn lid van de Europese Unie (2024)?,27,,nieuw-2026-09,1137
Geografie,Hoeveel officiele talen telt de Europese Unie?,24,,nieuw-2026-09,1138
Geografie,Hoeveel Europese landen liggen er niet op het vasteland (exclusief eilanden) in de EU als eilandstaten?,2,,nieuw-2026-09,1139
Geografie,Hoeveel meter hoog is de Mont Blanc afgerond op tientallen?,4800,,nieuw-2026-09,1140
Geografie,Hoeveel kilometer lang is de Rijn rivier bij benadering (in honderden km afgerond)?,1300,,nieuw-2026-09,1141
Geografie,Hoeveel kilometer lang is de Donau rivier bij benadering (in duizenden km afgerond)?,3,,nieuw-2026-09,1142
Geografie,Hoeveel landen grenzen aan Frankrijk (vasteland excl. overzeese gebieden)?,8,,nieuw-2026-09,1143
Geografie,Hoeveel landen grenzen aan Spanje (vasteland)?,5,,nieuw-2026-09,1144
Geografie,Hoeveel landen grenzen aan Polen?,7,,nieuw-2026-09,1145
Geografie,Hoeveel officiële talen heeft België?,3,,nieuw-2026-09,1146
Geschiedenis,In welk jaar viel de Berlijnse Muur?,1989,,nieuw-2026-09,1147
Geschiedenis,In welk jaar eindigde de Eerste Wereldoorlog?,1918,,nieuw-2026-09,1148
Geschiedenis,In welk jaar begon de Franse Revolutie met de bestorming van de Bastille?,1789,,nieuw-2026-09,1149
Geschiedenis,In welk jaar werd de Berlijnse Muur gebouwd?,1961,,nieuw-2026-09,1150
Geschiedenis,Hoeveel jaar duurde de Honderdjarige Oorlog tussen Engeland en Frankrijk?,116,,nieuw-2026-09,1151
Geschiedenis,Hoeveel jaar duurde de Dertigjarige Oorlog?,30,,nieuw-2026-09,1152
Geschiedenis,Hoeveel landen ondertekenden het Verdrag van Rome in 1957?,6,,nieuw-2026-09,1153
Geschiedenis,Hoeveel landen waren er bij de oprichting van de NAVO in 1949?,12,,nieuw-2026-09,1154
Gebouwen en infrastructuur,Hoeveel meter hoog is de Eiffeltoren met antenne?,330,,nieuw-2026-09,1155
Gebouwen en infrastructuur,Hoeveel boogsegmenten telt het Colosseum per verdieping?,80,,nieuw-2026-09,1156
Gebouwen en infrastructuur,Hoeveel meter hoog is Big Ben (Elizabeth Tower) afgerond op tientallen?,100,,nieuw-2026-09,1157
Gebouwen en infrastructuur,Hoeveel kilometer lang is het Eurotunnel tussen Engeland en Frankrijk onder de zee (in tientallen km)?,50,,nieuw-2026-09,1158
Gebouwen en infrastructuur,Hoeveel meter hoog is het Neuschwanstein Kasteel van buiten afgerond op tientallen?,60,,nieuw-2026-09,1159
Kunst en cultuur,Hoeveel sleutelvakken heeft het Leonardo da Vinci werk Laatste Avondmaal in cm hoogte afgerond op tientallen?,460,,nieuw-2026-09,1160
Kunst en cultuur,Hoeveel natuursonden (beelden) staan er op Paaseiland - sorry dat zit niet in Europa!,0,,nieuw-2026-09,1161
"Filosofie, psychologie en religie",Hoeveel discipelen had Jezus volgens de Bijbel?,12,,nieuw-2026-09,1162
"Filosofie, psychologie en religie",Hoeveel boeken bevat het Nieuwe Testament bij de protestante telling?,27,,nieuw-2026-09,1163
"Filosofie, psychologie en religie",Hoeveel zwaarden waren er volgens de legende van koning Arthur beschikbaar?,1,,nieuw-2026-09,1164
Sport,Hoeveel landen doen er mee aan de klassieke Europese voetbalkampioenscompetitie (Champions League groepsfase) bij benadering (in tientallen)?,30,,nieuw-2026-09,1165
Sport,Hoeveel spelers heeft een rugbyteam per ploeg op het veld (union)?,15,,nieuw-2026-09,1166
Sport,Hoeveel games worden er in een Wimbledon-set minimaal gewonnen om de set te pakken?,6,,nieuw-2026-09,1167
Sport,Hoeveel keer won Frankrijk de Tour de France bij de mannen tot 2024?,36,,nieuw-2026-09,1168
Sport,Hoeveel proloog kilometers telt een Tour de France etappe bijna nooit?,0,,nieuw-2026-09,1169
Eten & drinken,Hoeveel soorten kaas produceert Frankrijk officieel bij benadering (in honderdtallen)?,300,,nieuw-2026-09,1170
Eten & drinken,Hoeveel landen hebben de Italiaanse pizza Margherita als cultureel erfgoed erkend?,1,,nieuw-2026-09,1171
Eten & drinken,Hoeveel liter olijfolie drinkt de gemiddelde Griek per jaar afgerond op tientallen?,20,,nieuw-2026-09,1172
Eten & drinken,Hoeveel soorten Duitse worsten kent de Duitse keuken bij benadering (in honderdtallen)?,300,,nieuw-2026-09,1173
Muziek,Hoeveel Eurovision Songfestivals won Ierland (2024 stand)?,7,,nieuw-2026-09,1174
Muziek,Hoeveel Eurovision Songfestivals won Zweden tot 2024?,7,,nieuw-2026-09,1175
Muziek,Hoeveel piano sonates schreef Beethoven bij benadering (in tientallen afgerond)?,30,,nieuw-2026-09,1176
Muziek,Hoeveel symfonieën schreef Mozart bij benadering (in tientallen afgerond)?,40,,nieuw-2026-09,1177
Boeken en literatuur,Hoeveel delen telt de Harry Potter serie in totaal?,7,,nieuw-2026-09,1178
Boeken en literatuur,Hoeveel delen telt de Lord of the Rings trilogie in totaal?,3,,nieuw-2026-09,1179
Boeken en literatuur,Hoeveel toneelstukken schreef Shakespeare bij benadering (in tientallen afgerond)?,40,,nieuw-2026-09,1180
Boeken en literatuur,Hoeveel delen telt de Don Quichot in de volledige moderne editie?,2,,nieuw-2026-09,1181
Films en series,Hoeveel James Bond films met Daniel Craig verschenen er?,5,,nieuw-2026-09,1182
Films en series,Hoeveel Oscar nominaties kreeg La La Land?,14,,nieuw-2026-09,1183
Films en series,Hoeveel delen telt de Harry Potter filmreeks van Warner Bros?,8,,nieuw-2026-09,1184
Politiek en recht,Hoeveel landen telt de NAVO (2024)?,32,,nieuw-2026-09,1185
Politiek en recht,Hoeveel zetels telt het Europees Parlement (2024-2029)?,720,,nieuw-2026-09,1186
Politiek en recht,Hoeveel landen nemen er deel aan de Schengenzone (2024)?,29,,nieuw-2026-09,1187
Politiek en recht,Hoeveel leden telt de Raad van Europa (2024) bij benadering (in tientallen)?,40,,nieuw-2026-09,1188
Politiek en recht,Hoeveel leden telt de Europese Commissie?,27,,nieuw-2026-09,1189
Geschiedenis,In welk jaar werd de Eerste Franse Republiek uitgeroepen?,1792,,nieuw-2026-09,1190
Geografie,Hoeveel landen telt Azië bij benadering (in tientallen)?,50,,nieuw-2026-09,1191
Geografie,Hoeveel landen grenzen aan China (vasteland excl. zee)?,14,,nieuw-2026-09,1192
Geografie,Hoeveel landen grenzen aan Rusland (vasteland excl. overzeese)?,14,,nieuw-2026-09,1193
Geografie,Hoeveel landen grenzen aan India (vasteland)?,7,,nieuw-2026-09,1194
Geografie,Hoeveel tijdzones telt India als één land?,1,,nieuw-2026-09,1195
Geografie,Hoeveel officiële talen erkennt India landelijk bij benadering (in tientallen afgerond)?,20,,nieuw-2026-09,1196
Geografie,Hoeveel eilanden telt Indonesië officieel (2024)?,17000,,nieuw-2026-09,1197
Geografie,Hoeveel provincies heeft Japan bij benadering (in tientallen)?,40,,nieuw-2026-09,1198
Geografie,Hoeveel prefecturen heeft Japan?,47,,nieuw-2026-09,1199
Geografie,Hoeveel provincies heeft China bij benadering (in tientallen)?,20,,nieuw-2026-09,1200
Geografie,Hoeveel emiraten telt de Verenigde Arabische Emiraten?,7,,nieuw-2026-09,1201
Geografie,Hoeveel kilometer lang is de Ganges rivier bij benadering (in duizenden km afgerond)?,3,,nieuw-2026-09,1202
Geografie,Hoeveel meter hoog is Mount Everest?,8849,,nieuw-2026-09,1203
Geografie,Hoeveel meter hoog is K2 afgerond op honderdtallen?,8600,,nieuw-2026-09,1204
Geografie,Hoeveel van de 14 bergen boven de 8000 meter liggen in de Himalaya?,10,,nieuw-2026-09,1205
Gebouwen en infrastructuur,Hoeveel kilometer lang is de Grote Muur van China officieel gemeten (2024 in duizenden km afgerond)?,21,,nieuw-2026-09,1206
Gebouwen en infrastructuur,Hoeveel meter hoog is de Burj Khalifa afgerond op honderdtallen?,830,,nieuw-2026-09,1207
Gebouwen en infrastructuur,Hoeveel meter hoog is de Shanghai Tower afgerond op honderdtallen?,600,,nieuw-2026-09,1208
Gebouwen en infrastructuur,Hoeveel torens heeft de Petronas Twin Towers?,2,,nieuw-2026-09,1209
Gebouwen en infrastructuur,Hoeveel meter hoog is de Taj Mahal afgerond op tientallen?,70,,nieuw-2026-09,1210
Gebouwen en infrastructuur,Hoeveel onderdakplekken biedt het Forbidden City in Beijing bij benadering (in honderden kamers)?,8,,nieuw-2026-09,1211
Gebouwen en infrastructuur,Hoeveel verdiepingen heeft de Tokyo Skytree uitkijkplatform?,2,,nieuw-2026-09,1212
Gebouwen en infrastructuur,Hoeveel meter hoog is de Tokyo Tower afgerond op tientallen?,330,,nieuw-2026-09,1213
Geschiedenis,In welk jaar viel de Berlijnse Muur niet maar werd Japan aangevallen door de VS in Pearl Harbor?,1941,,nieuw-2026-09,1214
Geschiedenis,In welk jaar eindigde de Tweede Wereldoorlog in Azië met de capitulatie van Japan?,1945,,nieuw-2026-09,1215
Geschiedenis,In welk jaar werd India onafhankelijk van Groot-Brittannië?,1947,,nieuw-2026-09,1216
Geschiedenis,In welk jaar werd de Volksrepubliek China gesticht?,1949,,nieuw-2026-09,1217
Geschiedenis,In welk jaar begon de Koreaanse oorlog?,1950,,nieuw-2026-09,1218
Geschiedenis,Hoeveel dynastieën telt de Chinese geschiedenis bij benadering (in tientallen afgerond)?,10,,nieuw-2026-09,1219
Geschiedenis,Hoeveel Wonderen van de Oude Wereld lagen in Azië of Noord-Afrika samen?,4,,nieuw-2026-09,1220
Geschiedenis,Hoeveel dagen duurde de val van Saigon tot de hereniging (in tientallen dagen afgerond)?,30,,nieuw-2026-09,1221
"Filosofie, psychologie en religie",Hoeveel boeken bevat de Koran?,114,,nieuw-2026-09,1222
"Filosofie, psychologie en religie",Hoeveel procent van de wereldbevolking is boeddhistisch bij benadering (in tientallen procenten)?,10,,nieuw-2026-09,1223
"Filosofie, psychologie en religie",Hoeveel paden telt het Achtvoudige Pad van het boeddhisme?,8,,nieuw-2026-09,1224
"Filosofie, psychologie en religie",Hoeveel edelwaarheden kent het boeddhisme?,4,,nieuw-2026-09,1225
"Filosofie, psychologie en religie",Hoeveel avatars heeft Vishnu volgens de Hindoe traditie?,10,,nieuw-2026-09,1226
"Filosofie, psychologie en religie",Hoeveel keer per dag bidden moslims volgens de vijf pilaren van de islam?,5,,nieuw-2026-09,1227
"Filosofie, psychologie en religie",Hoeveel dagen duurt de Ramadan per jaar (maanmaand afgerond op tientallen)?,30,,nieuw-2026-09,1228
"Filosofie, psychologie en religie",Hoeveel pelgrims bezoeken Mekka jaarlijks bij benadering (in miljoenen)?,2,,nieuw-2026-09,1229
Eten & drinken,Hoeveel soorten sushi wordt er klassiek onderscheiden in Japan (hoofdtypes)?,5,,nieuw-2026-09,1230
Eten & drinken,Hoeveel calorieën bevat een portie Pad Thai afgerond op tientallen?,700,,nieuw-2026-09,1231
Eten & drinken,Hoeveel kruiden bevat de klassieke Chinese Five-Spice?,5,,nieuw-2026-09,1232
Eten & drinken,Hoeveel soorten curry bevat de Indiase keuken bij benadering (in tientallen)?,30,,nieuw-2026-09,1233
Muziek,Hoeveel snaarinstrumenten bevat de klassieke Japanse koto-ensemble van hoort?,13,,nieuw-2026-09,1234
Muziek,Hoeveel snaren heeft een klassieke Japanse koto?,13,,nieuw-2026-09,1235
Muziek,Hoeveel snaren heeft de Indiase sitar bij benadering (in tientallen)?,20,,nieuw-2026-09,1236
Muziek,Hoeveel snaren heeft de klassieke Chinese guzheng bij benadering (in tientallen)?,20,,nieuw-2026-09,1237
Dieren,Hoeveel vlekken heeft een klassieke Bengaalse tijger bij benadering (in tientallen)?,100,,nieuw-2026-09,1238
Dieren,Hoeveel kilogram weegt een volwassen Aziatische olifant afgerond op duizendtallen?,4000,,nieuw-2026-09,1239
Dieren,Hoeveel kilogram weegt een volwassen Bengaalse tijger afgerond op honderdtallen?,200,,nieuw-2026-09,1240
Dieren,Hoeveel soorten dieren bevat de Chinese zodiac?,12,,nieuw-2026-09,1241
Dieren,Hoeveel pagodavormige heuvels heeft de klassieke Chinese berg Huangshan bij benadering (in tientallen pieken)?,70,,nieuw-2026-09,1242
Sterrenkunde & ruimte,Hoeveel maanmissies naar de maan (Chang e-programma) lanceerde China?,6,,nieuw-2026-09,1243
Sterrenkunde & ruimte,Hoeveel satellieten lanceerde India in één enkele raket als record (2017)?,104,,nieuw-2026-09,1244
Technologie,In welk jaar werd de Toyota motorfiets eerste gebouwd - nee Toyota is auto (1885 Daimler - dit zit niet in Azië)?,0,,nieuw-2026-09,1245
Technologie,In welk jaar werd Sony opgericht?,1946,,nieuw-2026-09,1246
Technologie,In welk jaar werd Samsung opgericht?,1938,,nieuw-2026-09,1247
Technologie,In welk jaar werd Toyota opgericht als automerk?,1937,,nieuw-2026-09,1248
Technologie,In welk jaar lanceerde Japan de Shinkansen hogesnelheidstrein?,1964,,nieuw-2026-09,1249
Technologie,Hoeveel kilometer per uur rijdt de Shanghai Maglev trein (afgerond op tientallen)?,430,,nieuw-2026-09,1250
Politiek en recht,Hoeveel leden telt de ASEAN-organisatie (2024)?,10,,nieuw-2026-09,1251
Politiek en recht,Hoeveel leden telt de SAARC organisatie?,8,,nieuw-2026-09,1252
Politiek en recht,Hoeveel provincies heeft Indonesië (2024)?,38,,nieuw-2026-09,1253
Politiek en recht,Hoeveel emiraten heeft Saoedi-Arabië als koninkrijk in bestuurlijke regio (provincies)?,13,,nieuw-2026-09,1254
Politiek en recht,Hoeveel Chinezen wonen er in China bij benadering (in miljarden afgerond op halve)?,1,,nieuw-2026-09,1255
Politiek en recht,Hoeveel Indiërs wonen er in India bij benadering (in miljarden)?,1,,nieuw-2026-09,1256
Geografie,Hoeveel landen liggen er aan de Middellandse Zee (Noord-Afrika + Europa + Azië)?,22,,nieuw-2026-09,1257
Geografie,Hoeveel Afrikaanse landen grenzen aan de Middellandse Zee?,6,,nieuw-2026-09,1258
Geografie,Hoeveel Afrikaanse landen grenzen aan de Atlantische Oceaan bij benadering (in tientallen afgerond)?,20,,nieuw-2026-09,1259
Geografie,Hoeveel kilometer lang is de Nijl rivier bij benadering (in duizenden km afgerond)?,7,,nieuw-2026-09,1260
Geografie,Hoeveel landen heeft de Nijl als bron of doorstroom bij benadering (in tientallen afgerond)?,10,,nieuw-2026-09,1261
Geografie,Hoeveel vierkante kilometer beslaat de Sahara bij benadering (in miljoenen km² afgerond)?,9,,nieuw-2026-09,1262
Geografie,Hoeveel landen heeft de Sahara deels in zijn gebied bij benadering (in tientallen afgerond)?,10,,nieuw-2026-09,1263
Geografie,Hoeveel meter hoog is de Kilimanjaro (Uhuru Peak) afgerond op honderdtallen?,5900,,nieuw-2026-09,1264
Geografie,Hoeveel kilometer lang is de Kalahari woestijn bij benadering (in honderden km afgerond)?,900,,nieuw-2026-09,1265
Geografie,Hoeveel landen telt de Sahel-regio bij benadering (in tientallen afgerond)?,10,,nieuw-2026-09,1266
Geografie,Hoeveel eilandstaten telt Afrika?,6,,nieuw-2026-09,1267
Gebouwen en infrastructuur,Hoeveel meter hoog is de Grote Piramide van Gizeh afgerond op tientallen?,140,,nieuw-2026-09,1268
Gebouwen en infrastructuur,Hoeveel meter hoog is de Toren van Caïro (Cairo Tower) afgerond op tientallen?,190,,nieuw-2026-09,1269
Gebouwen en infrastructuur,Hoeveel piramides telt het piramideveld van Gizeh (de drie grote)?,3,,nieuw-2026-09,1270
Gebouwen en infrastructuur,Hoeveel bekende piramides telt Egypte in totaal bij benadering (in tientallen afgerond)?,120,,nieuw-2026-09,1271
Gebouwen en infrastructuur,Hoeveel kilometer lang is de Suezkanaal (in tientallen km afgerond)?,190,,nieuw-2026-09,1272
Gebouwen en infrastructuur,Hoeveel jaar duurde de bouw van de Grote Sfinx bij benadering (in tientallen jaar afgerond)?,20,,nieuw-2026-09,1273
Geschiedenis,In welk jaar werd Nelson Mandela vrijgelaten uit de gevangenis?,1990,,nieuw-2026-09,1274
Geschiedenis,In welk jaar werd Zuid-Afrika officieel anti-apartheid democratie met Mandela als president?,1994,,nieuw-2026-09,1275
Geschiedenis,In welk jaar werd Egypte officieel onafhankelijk van Groot-Brittannië?,1922,,nieuw-2026-09,1276
Geschiedenis,In welk jaar viel Carthago aan de Romeinen tijdens de Derde Punische Oorlog?,146,,nieuw-2026-09,1277
Geschiedenis,Hoeveel jaar duurde de apartheid in Zuid-Afrika (1948-1994)?,46,,nieuw-2026-09,1278
Geschiedenis,Hoeveel Wonderen van de Oude Wereld stonden er in Egypte?,1,,nieuw-2026-09,1279
Geschiedenis,Hoeveel jaar regeerde Cleopatra VII bij benadering (in tientallen jaar afgerond)?,20,,nieuw-2026-09,1280
Dieren,Hoeveel dieren bevat de klassieke Big Five van Afrika?,5,,nieuw-2026-09,1281
Dieren,Hoeveel kilometer per uur kan een cheetah sprinten (afgerond op tientallen)?,110,,nieuw-2026-09,1282
Dieren,Hoeveel kilogram weegt een volwassen Afrikaanse olifant mannetje afgerond op duizendtallen?,6000,,nieuw-2026-09,1283
Dieren,Hoeveel kilogram weegt een volwassen Nijlpaard afgerond op honderdtallen?,1500,,nieuw-2026-09,1284
Dieren,Hoeveel meter lang kan een volwassen Nijlkrokodil worden afgerond op halve meters?,5,,nieuw-2026-09,1285
Dieren,Hoeveel procent van de leeuwenpopulatie leeft in Sub-Sahara Afrika (afgerond op tientallen)?,90,,nieuw-2026-09,1286
Dieren,Hoeveel bijenkorven producert de gemiddelde Ethiopische bijenhouder per jaar?,0,,nieuw-2026-09,1287
Geografie,Hoeveel meter hoog is de Victoriawatervallen afgerond op tientallen?,110,,nieuw-2026-09,1288
Geografie,Hoeveel meter breed is de Victoriawatervallen bij benadering (in honderden meters afgerond)?,1700,,nieuw-2026-09,1289
Milieu en duurzaamheid,Hoeveel procent van de Sahara was ooit groen tijdens de Groene Sahara periode (afgerond op tientallen)?,100,,nieuw-2026-09,1290
Eten & drinken,Hoeveel landen produceren koffie in Afrika bij benadering (in tientallen afgerond)?,30,,nieuw-2026-09,1291
Eten & drinken,Hoeveel kilogram koffie produceert Ethiopië jaarlijks bij benadering (in miljoenen kilogram afgerond op honderdtallen)?,400,,nieuw-2026-09,1292
Muziek,Hoeveel snaren heeft de West-Afrikaanse kora bij benadering (in tientallen)?,20,,nieuw-2026-09,1293
Muziek,Hoeveel snaren heeft de klassieke Afrikaanse kora traditioneel?,21,,nieuw-2026-09,1294
Muziek,Hoeveel snaren heeft de West-Afrikaanse djembé als trommel?,0,,nieuw-2026-09,1295
Politiek en recht,Hoeveel landen zijn lid van de Afrikaanse Unie (2024)?,55,,nieuw-2026-09,1296
Politiek en recht,Hoeveel landen gebruiken de West-Afrikaanse CFA frank bij benadering (in tientallen afgerond)?,10,,nieuw-2026-09,1297
Politiek en recht,Hoeveel landen gebruiken de Centraal-Afrikaanse CFA frank?,6,,nieuw-2026-09,1298
Geografie,Hoeveel territoria heeft Australië naast de staten?,2,,nieuw-2026-09,1299
Geografie,Hoeveel provincies heeft Nieuw-Zeeland bij benadering (in tientallen afgerond - regions)?,20,,nieuw-2026-09,1300
Geografie,Hoeveel hoofdeilanden heeft Nieuw-Zeeland?,2,,nieuw-2026-09,1301
Geografie,Hoeveel kilometer lang is de Great Barrier Reef bij benadering (in duizenden km afgerond)?,2,,nieuw-2026-09,1302
Geografie,Hoeveel eilanden telt het Great Barrier Reef bij benadering (in honderden afgerond)?,900,,nieuw-2026-09,1303
Geografie,Hoeveel eilanden heeft Fiji bij benadering (in honderden afgerond)?,300,,nieuw-2026-09,1304
Geografie,Hoeveel eilanden heeft Papoea-Nieuw-Guinea bij benadering (in honderden afgerond)?,600,,nieuw-2026-09,1305
Geografie,Hoeveel meter hoog is Mount Cook (Aoraki) afgerond op honderdtallen?,3700,,nieuw-2026-09,1306
Geografie,Hoeveel meter hoog is Uluru (Ayers Rock) afgerond op tientallen?,350,,nieuw-2026-09,1307
Geografie,Hoeveel nationale parken telt Australië bij benadering (in honderden afgerond)?,500,,nieuw-2026-09,1308
Geografie,Hoeveel kilometer lang is de Australische kustlijn bij benadering (in duizenden km afgerond)?,50,,nieuw-2026-09,1309
Gebouwen en infrastructuur,Hoeveel schelpvormige panelen bedekken het dak van de Sydney Opera House bij benadering (in miljoenen)?,1,,nieuw-2026-09,1310
Gebouwen en infrastructuur,Hoeveel verdiepingen heeft de Q1 Tower in Gold Coast (tallest in Australië)?,78,,nieuw-2026-09,1311
Gebouwen en infrastructuur,Hoeveel boogpartijen heeft de Sydney Harbour Bridge?,1,,nieuw-2026-09,1312
Gebouwen en infrastructuur,Hoeveel rivieren bruggen telt Sydney Harbour?,0,,nieuw-2026-09,1313
Dieren,Hoeveel buideldierensoorten bevat de klassieke Australische megafauna lijst bij benadering (in tientallen)?,20,,nieuw-2026-09,1314
Dieren,Hoeveel kg weegt een volwassen mannelijke kangoeroe afgerond op tientallen?,90,,nieuw-2026-09,1315
Dieren,Hoeveel uur per dag slaapt een koala bij benadering (in tientallen uur afgerond)?,20,,nieuw-2026-09,1316
Dieren,Hoeveel soorten kangoeroes bevat de macropod-familie bij benadering (in tientallen afgerond)?,50,,nieuw-2026-09,1317
Dieren,Hoeveel cm lang wordt een volwassen emoe vrouwtje bij benadering (in tientallen cm)?,150,,nieuw-2026-09,1318
Dieren,Hoeveel giftige spinnensoorten kent Australië bij benadering (in tientallen afgerond)?,40,,nieuw-2026-09,1319
Dieren,Hoeveel van de 10 giftigste slangen ter wereld komen voor in Australië?,0,,nieuw-2026-09,1320
Sport,Hoeveel keer won Nieuw-Zeeland de Rugby World Cup bij de mannen tot 2023?,3,,nieuw-2026-09,1321
Sport,Hoeveel keer won Australië de Rugby World Cup bij de mannen tot 2023?,2,,nieuw-2026-09,1322
Sport,Hoeveel spelers staat er per ploeg op het veld bij een rugby league-wedstrijd?,13,,nieuw-2026-09,1323
Sport,Hoeveel Australische Open titels won Novak Djokovic tot 2024?,10,,nieuw-2026-09,1324
Sport,Hoeveel dagen duurt de Tour Down Under wielrennen?,6,,nieuw-2026-09,1325
Muziek,Hoeveel Grammy won de Australische band AC/DC bij benadering (in tientallen afgerond)?,0,,nieuw-2026-09,1326
Muziek,Hoeveel albums bracht AC/DC uit tot 2024 (studioalbums)?,17,,nieuw-2026-09,1327
Muziek,Hoeveel albums bracht de Australische band Midnight Oil uit bij benadering (in tientallen afgerond)?,10,,nieuw-2026-09,1328
Films en series,Hoeveel Oscars won de film Mad Max Fury Road?,6,,nieuw-2026-09,1329
Films en series,Hoeveel Mad Max films zijn er in totaal gemaakt?,5,,nieuw-2026-09,1330
Films en series,Hoeveel uur duurt de film Avatar: The Way of Water bij benadering (in hele uren afgerond)?,3,,nieuw-2026-09,1331
Politiek en recht,Hoeveel zetels telt het Australische Huis van Afgevaardigden (House of Representatives) bij benadering (in tientallen afgerond)?,150,,nieuw-2026-09,1332
Politiek en recht,Hoeveel zetels telt de Nieuw-Zeelandse Kamer van Afgevaardigden?,120,,nieuw-2026-09,1333
Politiek en recht,Hoeveel landen telt Oceanië bij benadering (in tientallen afgerond)?,10,,nieuw-2026-09,1334
Politiek en recht,Hoeveel landen telt het Pacific Islands Forum bij benadering (in tientallen afgerond)?,20,,nieuw-2026-09,1335
Geografie,Hoeveel landen telt Midden-Amerika (inclusief Mexico bij sommige tellingen) bij benadering (in tientallen afgerond)?,10,,nieuw-2026-09,1336
Geografie,Hoeveel landen grenzen aan Peru?,5,,nieuw-2026-09,1337
Geografie,Hoeveel landen grenzen aan Colombia?,5,,nieuw-2026-09,1338
Geografie,Hoeveel landen grenzen aan Argentinië?,5,,nieuw-2026-09,1339
Geografie,Hoeveel kilometer lang is de Amazone rivier bij benadering (in duizenden km afgerond)?,7,,nieuw-2026-09,1340
Geografie,Hoeveel landen deelt het Amazonebekken bij benadering (in tientallen afgerond)?,10,,nieuw-2026-09,1341
Geografie,Hoeveel vierkante kilometer beslaat het Amazone regenwoud bij benadering (in miljoenen km² afgerond)?,6,,nieuw-2026-09,1342
Geografie,Hoeveel kilometer lang is de Andes bergketen bij benadering (in duizenden km afgerond)?,7,,nieuw-2026-09,1343
Geografie,Hoeveel landen deelt de Andes bergketen bij benadering (in tientallen afgerond)?,10,,nieuw-2026-09,1344
Geografie,Hoeveel meter hoog is de Aconcagua (hoogste piek van de Andes en buiten-Azië) afgerond op honderdtallen?,7000,,nieuw-2026-09,1345
Geografie,Hoeveel meter hoog is de Angel Falls (Salto Angel) afgerond op honderdtallen?,900,,nieuw-2026-09,1346
Geografie,Hoeveel meter hoog is de Titicaca meer boven zeeniveau afgerond op honderdtallen?,3800,,nieuw-2026-09,1347
Gebouwen en infrastructuur,Hoeveel meter lang is het Panamakanaal (in tientallen km afgerond)?,80,,nieuw-2026-09,1348
Gebouwen en infrastructuur,Hoeveel sluizen heeft het Panamakanaal bij benadering (in tientallen afgerond)?,10,,nieuw-2026-09,1349
Gebouwen en infrastructuur,Hoeveel kilometer lang is de Metro van Mexico-Stad netwerk bij benadering (in honderden km afgerond)?,200,,nieuw-2026-09,1350
Gebouwen en infrastructuur,Hoeveel verdiepingen heeft de Gran Torre Santiago in Chili (tallest in Latijns-Amerika)?,62,,nieuw-2026-09,1351
Gebouwen en infrastructuur,Hoeveel verdiepingen heeft het woontoren BD Bacatá in Bogotá bij benadering (in tientallen afgerond)?,60,,nieuw-2026-09,1352
Gebouwen en infrastructuur,Hoeveel kilometer lang is de Christus Redentor standbeeld hoogte in meters afgerond op tientallen?,40,,nieuw-2026-09,1353
Gebouwen en infrastructuur,Hoeveel meter hoog is de Christus Redentor standbeeld (met sokkel)?,40,,nieuw-2026-09,1354
Geschiedenis,In welk year ontdekte Columbus Amerika (de eerste reis)?,1492,,nieuw-2026-09,1355
Geschiedenis,In welk jaar viel het Azteekse rijk aan de Spanjaarden onder Cortés?,1521,,nieuw-2026-09,1356
Geschiedenis,In welk jaar viel het Inca-rijk aan de Spanjaarden onder Pizarro?,1533,,nieuw-2026-09,1357
Geschiedenis,In welk jaar werd Brazilië officieel onafhankelijk van Portugal?,1822,,nieuw-2026-09,1358
Geschiedenis,Hoeveel jaar duurde de rubberboom-crisis in de Amazone bij benadering (in tientallen jaar afgerond)?,40,,nieuw-2026-09,1359
Dieren,Hoeveel soorten vogels telt de Amazone bij benadering (in honderden afgerond)?,1300,,nieuw-2026-09,1360
Dieren,Hoeveel soorten dieren telt het Amazone regenwoud bij benadering (in miljoenen - schatting afgerond op tientallen van miljoenen)?,10,,nieuw-2026-09,1361
Dieren,Hoeveel kilogram weegt een volwassen jaguar mannetje afgerond op tientallen?,100,,nieuw-2026-09,1362
Dieren,Hoeveel meter lang kan een groene anaconda worden afgerond op hele meters?,6,,nieuw-2026-09,1363
Dieren,Hoeveel soorten apen telt het Amazonegebied bij benadering (in tientallen afgerond)?,100,,nieuw-2026-09,1364
Eten & drinken,Hoeveel kilogram koffie produceert Brazilië jaarlijks bij benadering (in miljoenen zakken afgerond op tientallen)?,60,,nieuw-2026-09,1365
Eten & drinken,Hoeveel procent van de wereldkoffie wordt geproduceerd door Brazilië (afgerond op tientallen)?,30,,nieuw-2026-09,1366
Eten & drinken,Hoeveel liter mate theedrinkt de gemiddelde Argentijn per jaar bij benadering (in tientallen liters)?,50,,nieuw-2026-09,1367
Eten & drinken,Hoeveel kilogram rundvlees eet de gemiddelde Argentijn per jaar bij benadering (in tientallen kg afgerond)?,50,,nieuw-2026-09,1368
Muziek,Hoeveel snaren heeft de klassieke Mexicaanse mariachi-gitarron (bajo sexto)?,12,,nieuw-2026-09,1369
Muziek,Hoeveel muzikanten heeft een klassieke mariachi band bij benadering (in tientallen afgerond)?,10,,nieuw-2026-09,1370
Muziek,Hoeveel dansstijlen worden er klassiek onderscheiden in de Cubaanse rumba-familie (drie hoofdstijlen)?,3,,nieuw-2026-09,1371
Sport,Hoeveel keer won Brazilië de FIFA World Cup voetbal bij de mannen (2024)?,5,,nieuw-2026-09,1372
Sport,Hoeveel keer won Argentinië de FIFA World Cup voetbal bij de mannen (2024)?,3,,nieuw-2026-09,1373
Sport,Hoeveel keer won Uruguay de FIFA World Cup voetbal bij de mannen?,2,,nieuw-2026-09,1374
Sport,Hoeveel Copa América titels won Argentinië tot 2024?,16,,nieuw-2026-09,1375
Sport,Hoeveel keer was Brazilië gastheer van de FIFA World Cup?,2,,nieuw-2026-09,1376
Politiek en recht,Hoeveel staten heeft Brazilië?,26,,nieuw-2026-09,1377
Politiek en recht,Hoeveel staten heeft Mexico?,32,,nieuw-2026-09,1378
Politiek en recht,Hoeveel provincies heeft Argentinië (inclusief de hoofdstad als aparte provincie)?,24,,nieuw-2026-09,1379
Politiek en recht,Hoeveel leden telt de Mercosur handelsblok als volwaardige leden?,4,,nieuw-2026-09,1380
Politiek en recht,Hoeveel landen telt de CELAC organisatie bij benadering (in tientallen afgerond)?,30,,nieuw-2026-09,1381
Geografie,Hoeveel landen grenzen aan Zuid-Afrika?,6,,nieuw-2026-09-afrika,1382
Geografie,Hoeveel landen grenzen aan Kenia?,5,,nieuw-2026-09-afrika,1383
Geografie,Hoeveel landen grenzen aan Tanzania?,8,,nieuw-2026-09-afrika,1384
Geografie,Hoeveel landen grenzen aan Egypte?,4,,nieuw-2026-09-afrika,1385
Geografie,Hoeveel landen grenzen aan Niger?,7,,nieuw-2026-09-afrika,1386
Geografie,Hoeveel landen grenzen aan Mali?,7,,nieuw-2026-09-afrika,1387
Geografie,Hoeveel landen grenzen aan Algerije?,7,,nieuw-2026-09-afrika,1388
Geografie,Hoeveel landen grenzen aan Libië?,6,,nieuw-2026-09-afrika,1389
Geografie,Hoeveel landen grenzen aan Soedan?,7,,nieuw-2026-09-afrika,1390
Geografie,Hoeveel landen grenzen aan Ethiopië?,6,,nieuw-2026-09-afrika,1391
Geografie,Hoeveel landen grenzen aan Congo-Kinshasa?,9,,nieuw-2026-09-afrika,1392
Geografie,Hoeveel landen grenzen aan Angola?,4,,nieuw-2026-09-afrika,1393
Geografie,Hoeveel landen grenzen aan Mozambique?,6,,nieuw-2026-09-afrika,1394
Geografie,Hoeveel landen grenzen aan Nigeria?,4,,nieuw-2026-09-afrika,1395
Geografie,Hoeveel landen grenzen aan Ghana?,3,,nieuw-2026-09-afrika,1396
Geografie,Hoeveel landen grenzen aan Kameroen?,6,,nieuw-2026-09-afrika,1397
Geografie,Hoeveel landen grenzen aan Tsjaad?,6,,nieuw-2026-09-afrika,1398
Geografie,Hoeveel landen grenzen aan Oeganda?,5,,nieuw-2026-09-afrika,1399
Geografie,Hoeveel Afrikaanse landen liggen aan de Rode Zee?,6,,nieuw-2026-09-afrika,1400
Geografie,Hoeveel kilometer lang is de Kongorivier bij benadering (in duizenden km afgerond)?,5,,nieuw-2026-09-afrika,1401
Geografie,Hoeveel kilometer lang is de Nigerrivier bij benadering (in duizenden km afgerond)?,4,,nieuw-2026-09-afrika,1402
Geografie,Hoeveel kilometer lang is de Zambezirivier bij benadering (in duizenden km afgerond)?,3,,nieuw-2026-09-afrika,1403
Geografie,Hoeveel meter hoog is Mount Kenya afgerond op honderdtallen?,5200,,nieuw-2026-09-afrika,1404
Geografie,"Hoeveel meter hoog is de Toubkal, hoogste piek van het Atlasgebergte, afgerond op honderdtallen?",4200,,nieuw-2026-09-afrika,1405
Geschiedenis,In welk jaar werd Kenia onafhankelijk van Groot-Brittannië?,1963,,nieuw-2026-09-afrika,1406
Geschiedenis,In welk jaar werd Nigeria onafhankelijk?,1960,,nieuw-2026-09-afrika,1407
Geschiedenis,In welk jaar werd Ghana als eerste Afrikaanse kolonie onafhankelijk?,1957,,nieuw-2026-09-afrika,1408
Geschiedenis,In welk jaar had Zuid-Afrika zijn eerste vrije verkiezingen na de apartheid?,1994,,nieuw-2026-09-afrika,1409
Geschiedenis,Hoeveel jaar duurde de Biafra-oorlog?,3,,nieuw-2026-09-afrika,1410
Geschiedenis,Hoeveel keer meer pyramides telt Soedan dan Egypte bij benadering?,2,,nieuw-2026-09-afrika,1411
Dieren,Hoeveel kilometer per uur sprint een leeuw afgerond op tientallen?,80,,nieuw-2026-09-afrika,1412
Dieren,Hoeveel kilogram weegt een volwassen witte neushoorn afgerond op duizendtallen?,2000,,nieuw-2026-09-afrika,1413
Dieren,Hoeveel kilogram weegt een volwassen giraffe afgerond op honderdtallen?,1200,,nieuw-2026-09-afrika,1414
Dieren,Hoeveel meter lang wordt een Afrikaanse olifant afgerond op hele meters?,7,,nieuw-2026-09-afrika,1415
Dieren,Hoeveel soorten lemuren telt Madagaskar bij benadering (in tientallen)?,100,,nieuw-2026-09-afrika,1416
Eten & drinken,Hoeveel procent van de wereldcacao komt uit West-Afrika afgerond op tientallen?,70,,nieuw-2026-09-afrika,1417
Milieu en duurzaamheid,Hoeveel miljoen gnoes doen mee aan de Grote Migratie in de Serengeti (afgerond op miljoenen)?,2,,nieuw-2026-09-afrika,1418
Politiek en recht,Hoeveel zetels telt het Zuid-Afrikaanse parlement (National Assembly)?,400,,nieuw-2026-09-afrika,1419
Politiek en recht,Hoeveel officiële talen telt Zuid-Afrika sinds 2023?,12,,nieuw-2026-09-afrika,1420
Muziek,Hoeveel snaren heeft de Ethiopische krar bij benadering (in tientallen afgerond)?,10,,nieuw-2026-09-afrika,1421
Geografie,Hoeveel landen liggen er in Melanesië?,4,,nieuw-2026-09-oceanie,1422
Geografie,Hoeveel tijdzones heeft Australië?,3,,nieuw-2026-09-oceanie,1423
Geografie,Hoeveel tijdzones heeft Nieuw-Zeeland?,2,,nieuw-2026-09-oceanie,1424
Geografie,"Hoeveel meter hoog is Mount Kosciuszko, het hoogste punt van Australië, afgerond op honderdtallen?",2200,,nieuw-2026-09-oceanie,1425
Geografie,Hoeveel kilometer lang is de Murrayrivier bij benadering (in duizenden km afgerond)?,3,,nieuw-2026-09-oceanie,1426
Geografie,Hoeveel procent van Australië bestaat uit woestijn of droog gebied (afgerond op tientallen)?,70,,nieuw-2026-09-oceanie,1427
Geografie,"Hoeveel miljoen inwoners heeft Australië (2024, afgerond)?",27,,nieuw-2026-09-oceanie,1428
Geografie,"Hoeveel miljoen inwoners heeft Nieuw-Zeeland (2024, afgerond)?",5,,nieuw-2026-09-oceanie,1429
Geografie,Hoeveel staatjes telt Micronesië als federatie?,4,,nieuw-2026-09-oceanie,1430
Gebouwen en infrastructuur,Hoeveel meter hoog is de Sydney Tower afgerond op tientallen?,310,,nieuw-2026-09-oceanie,1431
Gebouwen en infrastructuur,Hoeveel verdiepingen heeft de Eureka Tower in Melbourne?,91,,nieuw-2026-09-oceanie,1432
Dieren,Hoeveel soorten vogels telt Australië bij benadering (in honderden afgerond)?,800,,nieuw-2026-09-oceanie,1433
Dieren,Hoeveel kilogram weegt een volwassen emoe afgerond op tientallen?,50,,nieuw-2026-09-oceanie,1434
Dieren,Hoeveel eieren legt een kangoeroe per worp?,0,,nieuw-2026-09-oceanie,1435
Dieren,Hoeveel meter lang wordt een zoutwaterkrokodil maximaal afgerond op hele meters?,6,,nieuw-2026-09-oceanie,1436
Dieren,Hoeveel kilogram weegt een volwassen wombat afgerond op tientallen?,30,,nieuw-2026-09-oceanie,1437
Sport,Hoeveel keer was Australië gastheer van de zomer-Olympische Spelen (tot 2032)?,3,,nieuw-2026-09-oceanie,1438
Sport,Hoeveel keer was Nieuw-Zeeland gastheer van de Rugby World Cup bij de mannen?,2,,nieuw-2026-09-oceanie,1439
Sport,Hoeveel gouden medailles won Australië op de Olympische Zomerspelen 2024?,18,,nieuw-2026-09-oceanie,1440
Muziek,Hoeveel studioalbums bracht Kylie Minogue uit bij benadering (in tientallen afgerond)?,15,,nieuw-2026-09-oceanie,1441
Films en series,Hoeveel Oscars won de film The Piano (1993)?,3,,nieuw-2026-09-oceanie,1442
Films en series,Hoeveel Oscars won Gladiator (2000)?,5,,nieuw-2026-09-oceanie,1443
Politiek en recht,Hoeveel staten en territoria telt Australië samen?,8,,nieuw-2026-09-oceanie,1444
Politiek en recht,Hoeveel jaar duurt een termijn van het Australische Huis van Afgevaardigden?,3,,nieuw-2026-09-oceanie,1445
Politiek en recht,Hoeveel jaar duurt een termijn van het Nieuw-Zeelandse parlement?,3,,nieuw-2026-09-oceanie,1446
Geografie,Hoeveel landen grenzen aan Bolivia?,5,,nieuw-2026-09-latijns_amerika,1447
Geografie,Hoeveel landen grenzen aan Venezuela?,3,,nieuw-2026-09-latijns_amerika,1448
Geografie,Hoeveel landen grenzen aan Ecuador?,2,,nieuw-2026-09-latijns_amerika,1449
Geografie,Hoeveel landen grenzen aan Paraguay?,3,,nieuw-2026-09-latijns_amerika,1450
Geografie,Hoeveel landen grenzen aan Uruguay?,2,,nieuw-2026-09-latijns_amerika,1451
Geografie,Hoeveel landen grenzen aan Chili?,3,,nieuw-2026-09-latijns_amerika,1452
Geografie,Hoeveel landen grenzen aan Guatemala?,4,,nieuw-2026-09-latijns_amerika,1453
Geografie,Hoeveel landen grenzen aan Panama?,2,,nieuw-2026-09-latijns_amerika,1454
Geografie,Hoeveel landen grenzen aan Honduras?,3,,nieuw-2026-09-latijns_amerika,1455
Geografie,Hoeveel landen grenzen aan Nicaragua?,2,,nieuw-2026-09-latijns_amerika,1456
Geografie,Hoeveel landen grenzen aan Costa Rica?,2,,nieuw-2026-09-latijns_amerika,1457
Geografie,"Hoeveel miljoen inwoners heeft Brazilië (2024, afgerond op honderdtallen)?",200,,nieuw-2026-09-latijns_amerika,1458
Geografie,"Hoeveel miljoen inwoners heeft Mexico (2024, afgerond op honderdtallen)?",100,,nieuw-2026-09-latijns_amerika,1459
Geografie,"Hoeveel miljoen inwoners heeft Argentinië (2024, afgerond op tientallen)?",50,,nieuw-2026-09-latijns_amerika,1460
Geografie,"Hoeveel miljoen inwoners heeft Colombia (2024, afgerond op tientallen)?",50,,nieuw-2026-09-latijns_amerika,1461
Geografie,"Hoeveel miljoen inwoners heeft Peru (2024, afgerond op tientallen)?",30,,nieuw-2026-09-latijns_amerika,1462
Geografie,"Hoeveel miljoen inwoners heeft Chili (2024, afgerond op tientallen)?",20,,nieuw-2026-09-latijns_amerika,1463
Geografie,Hoeveel duizend meter hoog ligt het Titicacameer boven zeeniveau (in duizenden afgerond)?,4,,nieuw-2026-09-latijns_amerika,1464
Gebouwen en infrastructuur,Hoeveel meter hoog is Christus Redentor inclusief sokkel afgerond op tientallen?,40,,nieuw-2026-09-latijns_amerika,1465
Gebouwen en infrastructuur,Hoeveel stappen telt de Mayapyramide El Castillo per zijde?,91,,nieuw-2026-09-latijns_amerika,1466
Gebouwen en infrastructuur,Hoeveel stappen telt El Castillo van Chichen Itza in totaal inclusief de top?,365,,nieuw-2026-09-latijns_amerika,1467
Geschiedenis,In welk jaar werd Mexico onafhankelijk van Spanje?,1821,,nieuw-2026-09-latijns_amerika,1468
Geschiedenis,In welk jaar werd Peru onafhankelijk van Spanje?,1821,,nieuw-2026-09-latijns_amerika,1469
Geschiedenis,In welk jaar werd Argentinië onafhankelijk van Spanje?,1816,,nieuw-2026-09-latijns_amerika,1470
Geschiedenis,In welk jaar werd Chili onafhankelijk van Spanje?,1818,,nieuw-2026-09-latijns_amerika,1471
Geschiedenis,In welk jaar werd Colombia onafhankelijk van Spanje?,1810,,nieuw-2026-09-latijns_amerika,1472
Geschiedenis,In welk jaar werd Venezuela onafhankelijk van Spanje?,1811,,nieuw-2026-09-latijns_amerika,1473
Geschiedenis,In welk jaar werd Bolivia onafhankelijk van Spanje?,1825,,nieuw-2026-09-latijns_amerika,1474
Geschiedenis,In welk jaar werd Paraguay onafhankelijk van Spanje?,1811,,nieuw-2026-09-latijns_amerika,1475
Dieren,Hoeveel soorten vogels telt Colombia bij benadering (in honderden afgerond)?,1900,,nieuw-2026-09-latijns_amerika,1476
Dieren,Hoeveel kilometer per uur sprint een jaguar afgerond op tientallen?,80,,nieuw-2026-09-latijns_amerika,1477
Eten & drinken,Hoeveel liter mate drinkt de gemiddelde Uruguayaan per jaar (in tientallen liters)?,80,,nieuw-2026-09-latijns_amerika,1478
Muziek,Hoeveel snaren heeft de klassieke Colombiaanse tiple?,12,,nieuw-2026-09-latijns_amerika,1479
Sport,Hoeveel keer was Mexico gastheer van de FIFA World Cup (2026 inbegrepen)?,3,,nieuw-2026-09-latijns_amerika,1480
Sport,Hoeveel keer won Brazilië de Copa América tot 2024?,9,,nieuw-2026-09-latijns_amerika,1481
Politiek en recht,Hoeveel departementen telt Colombia (2024)?,32,,nieuw-2026-09-latijns_amerika,1482
Politiek en recht,Hoeveel departementen telt Peru?,25,,nieuw-2026-09-latijns_amerika,1483
Politiek en recht,Hoeveel provincies telt Ecuador?,24,,nieuw-2026-09-latijns_amerika,1484
Politiek en recht,Hoeveel departementen telt Bolivia?,9,,nieuw-2026-09-latijns_amerika,1485
Sport,Hoeveel spelers heeft een hockeyteam op het veld per ploeg?,11,,nieuw-2026-09-sport,1486
Sport,Hoeveel spelers heeft een basketbalteam op het veld per ploeg?,5,,nieuw-2026-09-sport,1487
Sport,Hoeveel spelers heeft een handbalteam op het veld per ploeg?,7,,nieuw-2026-09-sport,1488
Sport,Hoeveel minuten duurt een NBA-basketbalwedstrijd officieel?,48,,nieuw-2026-09-sport,1489
Sport,Hoeveel pijlen gooit een darter per beurt?,3,,nieuw-2026-09-sport,1490
Sport,Hoeveel punten is een maximale dartscore met drie pijlen?,180,,nieuw-2026-09-sport,1491
Sport,Hoeveel kilometer lang is een marathon?,42,,nieuw-2026-09-sport,1492
Sport,Hoeveel kilometer lang is een halve marathon (afgerond)?,21,,nieuw-2026-09-sport,1493
Sport,Hoeveel meter is de klassieke sprintafstand in de atletiek?,100,,nieuw-2026-09-sport,1494
Sport,Hoeveel ringen heeft het Olympische symbool?,5,,nieuw-2026-09-sport,1495
Sport,Hoeveel jaar zit er tussen twee zomer-Olympische Spelen?,4,,nieuw-2026-09-sport,1496
Sport,Hoeveel jaar zit er tussen twee WK-voetbaltoernooien?,4,,nieuw-2026-09-sport,1497
Sport,Hoeveel keer werd de FIFA World Cup georganiseerd tot en met 2022?,22,,nieuw-2026-09-sport,1498
Sport,Hoeveel landen deden mee aan het FIFA World Cup 2022?,32,,nieuw-2026-09-sport,1499
Sport,Hoeveel landen doen mee aan het FIFA World Cup 2026?,48,,nieuw-2026-09-sport,1500
Sport,Hoeveel keer won Duitsland de FIFA World Cup?,4,,nieuw-2026-09-sport,1501
Sport,Hoeveel keer won Italië de FIFA World Cup?,4,,nieuw-2026-09-sport,1502
Sport,Hoeveel keer won Uruguay de FIFA World Cup?,2,,nieuw-2026-09-sport,1503
Sport,Hoeveel keer won Engeland de FIFA World Cup?,1,,nieuw-2026-09-sport,1504
Sport,Hoeveel keer won Spanje de FIFA World Cup?,1,,nieuw-2026-09-sport,1505
Sport,Hoeveel Champions League-titels won Real Madrid tot 2024?,15,,nieuw-2026-09-sport,1506
Sport,Hoeveel Champions League-titels won AC Milan tot 2024?,7,,nieuw-2026-09-sport,1507
Sport,Hoeveel punten levert een touchdown zonder extra point op?,6,,nieuw-2026-09-sport,1508
Sport,Hoeveel punten levert een fieldgoal op in American football?,3,,nieuw-2026-09-sport,1509
Sport,Hoeveel pogingen heeft een gewichtheffer per discipline?,3,,nieuw-2026-09-sport,1510
Sport,Hoeveel meter sprintt een schaatser op de kortebaan-afstand?,500,,nieuw-2026-09-sport,1511
