nr	modus	vraag	bestandsnaam	wikipedia-artikel
87	daily	Hoeveel letters heeft het Thaise alfabet?	Flag of Thailand.svg	Thailand
106	daily	Hoeveel bloedgroepen kent het ABO-systeem?	ABO blood type.svg	Bloedgroep
237	daily	Hoeveel meter lang is het Millauviaduct in Frankrijk?	Flag of France.svg	Frankrijk
260	daily	Hoeveel deelstaten telt Duitsland?	Flag of Germany.svg	Duitsland
291	daily	Hoeveel officiële inwoners heeft Vaticaanstad?	Flag of Vatican City (2023–present).svg	Vaticaanstad
350	daily	Hoeveel graden heeft een volledige cirkel?	Kreis.svg	Cirkel
478	daily	Hoeveel Pokémon telt de eerste generatie, de Kanto Pokédex?	International Pokémon logo.svg	Pokémon
641	daily	Hoeveel jaar kan een reuzenschildpad ongeveer oud worden?	Tortuga gigante de San Cristóbal (Chelonoidis chathamensis), isla Santa Cruz, islas Galápagos, Ecuador, 2015-07-26, DD 16.JPG	Galapagosreuzenschildpad
770	daily	Hoeveel piramides telt Egypte ongeveer?	Flag of Egypt.svg	Egypte (land)
792	daily	Hoeveel meter hoog is de Grote Piramide van Gizeh nu?	Kheops-Pyramid.jpg	Piramide van Cheops
801	daily	Hoeveel meter hoog is kasteel Neuschwanstein?	Schloss Neuschwanstein 2013.jpg	Slot Neuschwanstein
923	daily	Hoeveel landen telt Azië?	Asia (orthographic projection) without New Guinea.svg	Azië
1033	daily	In welk jaar viel Japan de Amerikaanse vlootbasis Pearl Harbor aan?	Pearl Harbor 1941 nl.svg	Aanval op Pearl Harbor
1047	daily	In welk jaar werd Mexico onafhankelijk van Spanje?	Flag of Spain.svg	Spanje
1090	daily	Hoeveel delen CO₂ per miljoen delen lucht mat NASA in 2024?	NASA logo.svg	National Aeronautics and Space Administration
1106	daily	Hoeveel Grammys won Beyoncé in totaal tot 2023?	Beyoncé - Tottenham Hotspur Stadium - 1st June 2023 (71 of 118) (52945301662) (face cropped).jpg	Beyoncé
1133	daily	Hoeveel symfonieën schreef Mozart?	Wolfgang-amadeus-mozart 1.jpg	Wolfgang Amadeus Mozart
1250	daily	Hoeveel miljoen inwoners heeft India?	Flag of India.svg	India
1257	daily	Hoeveel kiesmannen zijn er nodig om de Amerikaanse presidentsverkiezing te winnen?	Flag of the United States.svg	Verenigde Staten
1308	daily	Hoe zwaar was de grootste portie friet ooit in kilogram?	Fries 2.jpg	Friet
1466	daily	In welk jaar werd Microsoft Word voor het eerst uitgebracht?	Microsoft Office Word (2025–present).svg	Microsoft Word
3	puzzel	Hoeveel miljard neuronen (zenuwcellen) bevat het menselijk brein naar schatting?	BREIN logo.svg	BREIN
5	puzzel	Hoeveel hoofdstukken bevat The Hobbit?	The Hobbit - title page of first American print.jpg	De Hobbit
6	puzzel	Hoeveel dagen telt een schrikkeljaar?	Leap Day.svg	Schrikkeljaar
8	puzzel	Hoeveel kilogram weegt de tong van een blauwe vinvis ongeveer?	Blue Whale 001 noaa body color.jpg	Blauwe vinvis
12	puzzel	Hoeveel gram suiker zit er in een blikje Coca-Cola van 330 ml?	15-09-26-RalfR-WLC-0098 - Coca-Cola glass bottle (Germany).jpg	Coca-Cola
14	puzzel	Hoeveel afleveringen telt de iconische serie Fawlty Towers?	Fawlty Towers west end stage 2024.jpg	Fawlty Towers
15	puzzel	Hoeveel afleveringen telt de serie Breaking Bad?	Breaking Bad official logo.svg	Breaking Bad
16	puzzel	Hoeveel Muzen (dochters van Zeus) telt de Griekse mythologie?	Flag of Greece.svg	Griekenland
23	puzzel	Hoeveel treden heeft de trap van de CN Tower ongeveer?	Toronto - ON - CN Tower bei Nacht2.jpg	CN Tower
24	puzzel	Hoeveel treden heeft het Empire State Building van straatniveau tot het observatiedek?	Empire State Building from Rockefeller Center (51197886181) (cropped).jpg	Empire State Building
25	puzzel	Hoeveel verdiepingen hebben de Petronas Twin Towers?	Petronas Panorama II.jpg	Petronas Twin Towers
26	puzzel	Hoeveel verdiepingen heeft Taipei 101?	Taipei Skyline 2022.06.29.jpg	Taipei
31	puzzel	Hoeveel kilometer lang is het Baikalmeer ongeveer?	Baikal.A2001296.0420.250m-NASA.jpg	Baikalmeer
32	puzzel	Hoeveel landen grenzen aan Zwitserland?	Flag of Switzerland (Pantone).svg	Zwitserland
35	puzzel	Hoeveel procent van Antarctica is met ijs bedekt?	Antarctica (orthographic projection).svg	Antarctica
36	puzzel	In welk jaar werd Antarctica voor het eerst waargenomen door een expeditie?	Antarctica (orthographic projection).svg	Antarctica
38	puzzel	Hoeveel dagen duurde de reis van de Mayflower naar Noord-Amerika?	Location North America, all conceptions.svg	Noord-Amerika
40	puzzel	In welk jaar vond de Slag bij Waterloo plaats?	Caletones.jpg	Slag
45	puzzel	Hoeveel ton goud wordt wereldwijd jaarlijks gewonnen?	Gold-crystals.jpg	Goud
46	puzzel	Welk percentage van het wereldwijde cement wordt geproduceerd in China?	The Great Wall pic 1.jpg	China
49	puzzel	Hoeveel procent van de bekende plant- en diersoorten leeft in tropische regenwouden?	View from Bukit Terisek.jpg	Regenwoud
53	puzzel	Welk percentage van het zoete water zit vast in ijs en gletsjers?	Glaciar Vinciguerra.jpg	Gletsjer
55	puzzel	Hoeveel Grammy’s heeft Beyoncé volgens de stand na de Grammy Awards van 2025 gewonnen?	Beyoncé - Tottenham Hotspur Stadium - 1st June 2023 (71 of 118) (52945301662) (face cropped).jpg	Beyoncé
57	puzzel	Hoeveel toetsen heeft een standaard MIDI-pianotoetsenbord met vijf octaven?	Octaaf0320w.JPG	Octaaf (muziek)
58	puzzel	Hoeveel witte toetsen heeft een concertpiano?	Keith Jarrett - The Köln Concert 1975 - Vinyl side I.jpg	The Köln Concert
59	puzzel	Hoeveel kilometer per uur is de geluidssnelheid op zeeniveau afgerond?	Trends in global average absolute sea level, 1880-2013.png	Zeeniveau
65	puzzel	Hoeveel rechters telt het Internationaal Gerechtshof?	International Court of Justice Seal.svg	Internationaal Gerechtshof
67	puzzel	Hoe lang duurde de langste voetbalwedstrijd ooit in minuten?	Football in Bloomington, Indiana, 1995.jpg	Voetbal
69	puzzel	Hoe lang was de langste vrouw ooit in centimeters?	Venus symbol.svg	Vrouw
73	puzzel	Hoeveel protonen heeft een neutraal atoom van goud?	Gold-crystals.jpg	Goud
74	puzzel	Hoeveel LEGO-steentjes worden er wereldwijd per seconde gemaakt?	Lego Color Bricks.jpg	LEGO
76	puzzel	Hoeveel speelkaarten zitten er in een standaard kaartspel (zonder jokers)?	White jk b.svg	Jokeren
77	puzzel	Hoeveel etappes telt de Tour de France doorgaans?	Flag of France.svg	France
79	puzzel	Hoeveel spelers staan er per team op het veld bij honkbal?	Baseballpositions.png	Honkbal
92	puzzel	In welk jaar werd de eerste drukpers met losse letters in Europa gebruikt?	Europe (orthographic projection).svg	Europa (werelddeel)
97	puzzel	Hoeveel metrostations heeft de Parijse metro?	La Tour Eiffel vue de la Tour Saint-Jacques, Paris août 2014 (2).jpg	Parijs
98	puzzel	Hoeveel start- en landingsbanen heeft Schiphol?	AMS airport logo.svg	Luchthaven Schiphol
99	puzzel	Hoeveel wielen heeft een Airbus A380?	A6-EDY A380 Emirates 31 jan 2013 jfk (8442269364) (cropped).jpg	Airbus A380
103	puzzel	Hoeveel diagonalen heeft een regelmatige twintighoek?	Icosagon.svg	Twintighoek
107	puzzel	Hoeveel botten bevat één menselijke hand inclusief de pols?	Human skeleton front en.svg	Bot (anatomie)
113	puzzel	Hoeveel chromosomenparen heeft een mens?	Human.svg	Mens
114	puzzel	Hoeveel haren heeft een mens gemiddeld op zijn hoofd (afgerond)?	Human.svg	Mens
116	puzzel	Hoeveel kamers heeft het menselijk hart?	Anatomy Heart Latin Tiesworks.jpg	Hart
117	puzzel	Hoeveel melktanden heeft een kind in een compleet melkgebit?	Deciduous teeth by David Shankbone new.jpg	Melkgebit
121	puzzel	Hoeveel smaakpapillen heeft een menselijke tong ongeveer?	Female anatomy numbers 1.png	Menselijke vagina
124	puzzel	In welk jaar werd de eerste reageerbuisbaby geboren?	Lambing in England -10March2012 (2).jpg	Geboorte (leven)
127	puzzel	In welk jaar werd de eerste volledige sequentie van het menselijke genoom gepubliceerd?	Part of DNA sequence prototypification of complete genome of virus 5418 nucleotides.gif	Genoom
129	puzzel	Hoe lang is de Afsluitdijk in kilometers?	Afsluitdijk kaart OSM.jpg	Afsluitdijk
130	puzzel	Hoeveel boeken bevat The Chronicles of Narnia?	Books-bookshelf-bookstore-159778.jpg	De Kronieken van Narnia
132	puzzel	Hoeveel boeken bevat de gepubliceerde hoofdserie A Song of Ice and Fire (stand 2026)?	Earth & Fire.png	Earth & Fire
138	puzzel	Hoeveel komedies schreef Shakespeare volgens de traditionele genre-indeling?	Shakespeare.jpg	William Shakespeare
144	puzzel	In welk jaar werd de eerste moderne krant gepubliceerd?	Amsterdam Wibautstraat Trouw 001.JPG	Trouw (krant)
145	puzzel	Hoeveel kleuren heeft de vlag van België?	Flag of Belgium.svg	België
146	puzzel	Hoeveel poten heeft een standaard statief?	Alfred Stieglitz self-portrait, freienwald, 1886.jpg	Statief
148	puzzel	Hoeveel armen heeft de gewone vijfarmige zeester?	海星（正面）.JPG	Zeesterren
150	puzzel	Hoeveel bulten heeft een kameel?	2011 Trampeltier 1528.JPG	Kameel
155	puzzel	Hoeveel keer per minuut klopt het hart van een kolibrie tijdens het vliegen maximaal?	Chrysops.relictus.male.jpg	Vliegen (dieren)
161	puzzel	Hoeveel paar chromosomen heeft een kat?	Chromosoom Dutch text.png	Chromosoom
169	puzzel	Hoeveel EU-landen voerden de euro in bij de start van de euro in 1999?	Flag of Europe.svg	Europese Unie
171	puzzel	Hoeveel individuele landen telt de G20?	2025 G20 Johannesburg summit Family Photo.jpg	G20
172	puzzel	Hoeveel landen gebruiken de CFA-frank in West- en Centraal-Afrika samen?	Africa-countries-central.svg	Centraal-Afrika
174	puzzel	Hoeveel landen vormen de G20?	2025 G20 Johannesburg summit Family Photo.jpg	G20
175	puzzel	Hoeveel landen zijn lid van de G20?	2025 G20 Johannesburg summit Family Photo.jpg	G20
179	puzzel	Hoeveel procent bedraagt het standaard-btw-tarief in Duitsland?	Flag of Germany.svg	Duitsland
182	puzzel	Hoeveel basis-ingrediënten heeft een klassieke pizza Margherita?	Margherita - Five50 Aria.jpg	Pizza margherita
185	puzzel	Hoeveel gram koolhydraten bevat een Amerikaanse McDonald’s cheeseburger?	McDonald's Golden Arches.svg	McDonald's
193	puzzel	Hoeveel Oscars won The Lord of the Rings: The Return of the King?	Unico Anello.jpg	The Lord of the Rings (films)
195	puzzel	Hoeveel afleveringen telt de Amerikaanse versie van The Office?	Flag of the United States.svg	Verenigde Staten
199	puzzel	Hoeveel afleveringen telt de serie Seinfeld?	Seinfeld logo.svg	Seinfeld
200	puzzel	Hoeveel boeken bevat de originele The Hunger Games-trilogie?	4DX 2019 logo.svg	List of 4DX motion-enhanced films
201	puzzel	Hoeveel delen telt de originele The Godfather-filmreeks?	Talia Shire 1977.jpg	Talia Shire
204	puzzel	Hoeveel films telt de originele The Matrix-trilogie?	Nintendo-Game-Boy-Advance-Purple-FL.jpg	List of Game Boy Advance games
205	puzzel	Hoeveel films vormen de originele Jurassic Park-trilogie?	Kathleen Kennedy 2011.jpg	Kathleen Kennedy (filmproducent)
206	puzzel	Hoeveel seizoenen heeft The Sopranos?	Tony Soprano (The Sopranos Family Tree).jpg	The Sopranos
207	puzzel	Hoeveel seizoenen van The Simpsons waren er uitgezonden (stand 2026)?	Simpsons Statues (cropped).jpg	The Simpsons
208	puzzel	In hoeveel officiële James Bond-films speelde Sean Connery de hoofdrol?	Sean Connery (1983).jpg	Sean Connery
223	puzzel	Hoeveel jaar duurde de bouw van de Taj Mahal?	Taj Mahal, Agra, India edit3.jpg	Taj Mahal
224	puzzel	Hoeveel kamers heeft het Witte Huis?	US-WhiteHouse-Logo.svg	Witte Huis (Washington)
225	puzzel	Hoeveel kilogram weegt de Great Bell, de grote klok van Big Ben?	Big-ben-1858.jpg	Big Ben
227	puzzel	Hoeveel klinknagels zaten er naar schatting in de romp van de Titanic?	RMS Titanic 3.jpg	Titanic (schip, 1912)
232	puzzel	Hoeveel meter hoog is het Empire State Building inclusief antenne?	Empire State Building from Rockefeller Center (51197886181) (cropped).jpg	Empire State Building
238	puzzel	Hoeveel miljoen kubieke meter aarde werd er uitgegraven voor de bouw van het Panamakanaal?	Panama Canal Map EN.png	Panamakanaal
239	puzzel	Hoeveel minaretten heeft de Blauwe Moskee in Istanbul?	Sultan Ahmed Mosque Istanbul Turkey retouched.jpg	Sultan Ahmetmoskee
247	puzzel	Hoeveel treden telt de wenteltrap in het Vrijheidsbeeld naar de kroon?	Statue of Liberty 7.jpg	Vrijheidsbeeld (New York)
252	puzzel	Uit hoeveel afzonderlijke onderdelen bestaat de UNESCO-site van Le Corbusier?	Le Corbusier (1964).jpg	Le Corbusier
254	puzzel	Wat is de hoogte van de Eiffeltoren in meters (met antenne)?	Tour Eiffel Wikimedia Commons.jpg	Eiffeltoren
255	puzzel	Wat is de hoogte van het Vrijheidsbeeld in New York inclusief sokkel in meters?	View of Empire State Building from Rockefeller Center New York City dllu (cropped).jpg	New York (stad)
257	puzzel	Door hoeveel landen loopt het UNESCO-werelderfgoedgebied de Waddenzee?	Morze Wattowe.png	Waddenzee
262	puzzel	Hoeveel gewesten heeft België?	Flag of Belgium.svg	België
264	puzzel	Hoeveel inwoners heeft Monaco?	Flag of Monaco.svg	Monaco
265	puzzel	Hoeveel kilometer lang is Japan van noord naar zuid ongeveer?	Flag of Japan.svg	Japan
268	puzzel	Hoeveel kilometer lang is de Yangtze ongeveer?	Yangtze River Map.png	Yangtze
270	puzzel	Hoeveel kilometer lang is de kustlijn van Noorwegen ongeveer, inclusief eilanden?	Flag of Norway.svg	Noorwegen
273	puzzel	Hoeveel kilometer lang is het Himalayagebergte ongeveer?	Hymalayas 86.15103E 31.99726N.jpg	Himalaya
278	puzzel	Hoeveel landen grenzen aan de Rode Zee?	Red Sea 37.95521E 21.41271N.jpg	Rode Zee
282	puzzel	Hoeveel landen liggen aan het Meer van Genève?	Genfersee satellit.jpg	Meer van Genève
286	puzzel	Hoeveel landen telt de Schengenzone?	Schengen Area participation.svg	Verdragen van Schengen
290	puzzel	Hoeveel meter onder zeeniveau ligt het diepste punt van de Noordzee ongeveer?	Locatie Noordzee.PNG	Noordzee
294	puzzel	Hoeveel oorspronkelijke meetpunten van de Struve-geodetische boog zijn als UNESCO-onderdeel opgenomen?	Welterbe.svg	Werelderfgoedlijst
296	puzzel	Hoeveel tijdzones overspant Rusland over zijn gehele grondgebied?	Flag of Russia.svg	Rusland
298	puzzel	Hoeveel vierkante kilometer is de Noordzee ongeveer groot?	Locatie Noordzee.PNG	Noordzee
302	puzzel	Hoeveel vierkante kilometer is het Arctische zee-ijs in de zomer ongeveer minimaal?	Arctic circle.svg	Noordpoolgebied
305	puzzel	In welk jaar werd de Mount Everest voor het eerst succesvol beklommen?	Mt Everest Aerial.jpg	Mount Everest
307	puzzel	Op welke hoogte ligt het Titicacameer ongeveer boven zeeniveau?	Lake Titicaca map.png	Titicacameer
311	puzzel	Hoeveel chromosomen telt een gezonde menselijke cel?	Female anatomy numbers 1.png	Menselijke vagina
312	puzzel	Hoeveel componenten telt het UNESCO-deel van de Neder-Germaanse Limes?	Limes1.png	Neder-Germaanse limes
315	puzzel	Hoeveel farao’s waren er volgens de traditionele telling tijdens de 18e dynastie van Egypte?	Flag of Egypt.svg	Egypte (land)
320	puzzel	Hoeveel kilometer lang was de Romeinse rijksgrens, de Roman Limes, volgens UNESCO ongeveer?	Exercitus romanus 80AD png.png	Limes (Romeinse rijk)
321	puzzel	Hoeveel koloniën kwamen in 1776 in opstand tegen Groot-Brittannië?	Flag of Great Britain (1707–1800).svg	Koninkrijk Groot-Brittannië
322	puzzel	Hoeveel letters telt ons Latijnse alfabet?	Arco Sisto V targa M.jpg	Latijn
324	puzzel	Hoeveel oorspronkelijke koloniën vormden de Verenigde Staten?	Flag of the United States.svg	Verenigde Staten
329	puzzel	Hoeveel schepen werden ingezet bij de evacuatie van Duinkerke?	BeffroiDunkerque.JPG	Duinkerke
330	puzzel	Hoeveel soldaten namen aan beide kanten samen deel aan de Slag bij Waterloo?	Caletones.jpg	Slag
337	puzzel	In welk jaar bereikte Christoffel Columbus volgens de traditionele Europese geschiedschrijving Amerika?	Christopher Columbus.PNG	Christoffel Columbus
338	puzzel	In welk jaar eindigde de Tweede Wereldoorlog in Europa?	WW2Montage.PNG	Tweede Wereldoorlog
344	puzzel	Wat is de autorij-afstand van Amsterdam naar Parijs in km?	La Tour Eiffel vue de la Tour Saint-Jacques, Paris août 2014 (2).jpg	Parijs
351	puzzel	Hoeveel landen ondertekenden de UNESCO-grondwet in 1945?	Map of UNESCO Intangible cultural heritage (en).png	Representatieve lijst van het immaterieel cultureel erfgoed van de mensheid
353	puzzel	Hoeveel nationale talen heeft Zuid-Afrika volgens de grondwet?	South Africa (centered orthographic projection).svg	Zuid-Afrika
354	puzzel	Hoeveel schilderijen uit de serie Zonnebloemen maakte Van Gogh?	Vincent van Gogh - Self-Portrait - Google Art Project (454045).jpg	Vincent van Gogh
367	puzzel	Hoeveel IKEA-winkels zijn er wereldwijd ongeveer?	IKEA (8020223012).jpg	IKEA
375	puzzel	Hoeveel procent van het aardoppervlak bestaat uit water en land samen?	H2O 2D labelled.svg	Water
378	puzzel	Hoeveel procent van het wereldwijde waterverbruik gaat naar landbouw?	Unload wheat by the combine Claas Lexion 584.jpg	Landbouw
379	puzzel	Welk percentage van het zoete water bevindt zich in grondwater?	Groundwater flow NL.svg	Grondwater
386	puzzel	Hoeveel Grammy-nominaties had Beyoncé volgens de Grammy’s vóór de uitreiking van 2025?	Barbra Streisand with Francis Collins and Anthony Fauci (27806589237) (cropped).jpg	Barbra Streisand
387	puzzel	Hoeveel noten bevat een standaard majeurtoonladder inclusief het herhaalde octaaf?	Octaaf0320w.JPG	Octaaf (muziek)
388	puzzel	Hoeveel nummers bevatte het album Un Verano Sin Ti van Bad Bunny?	Un Verano Sin Ti logo.png	Un Verano Sin Ti
395	puzzel	Hoeveel studioalbums bracht Michael Jackson uit?	Michael Jackson 1983 (3x4 cropped) (contrast).jpg	Michael Jackson
398	puzzel	Hoeveel toetsen heeft een standaard piano?	Steinway Vienna 002.JPG	Piano
400	puzzel	Hoeveel facetten (geslepen vlakjes) heeft een standaard ronde briljant geslepen diamant?	Brillanten.jpg	Diamant
405	puzzel	Hoeveel meter is één internationale zeemijl exact?	Nautic mile definition v2.png	Zeemijl
413	puzzel	Hoeveel leden heeft de Nederlandse Eerste Kamer?	Logo of the Eerste Kamer.svg	Eerste Kamer der Staten-Generaal
415	puzzel	Hoeveel liter water gebruikt een gemiddeld huishouden per persoon per dag in Nederland?	EU-Netherlands.svg	Nederland
417	puzzel	Hoeveel officiële gemeenten telde Nederland in 2024?	EU-Netherlands.svg	Nederland
419	puzzel	Hoeveel volt heeft een standaard stopcontact in Nederland?	EU-Netherlands.svg	Nederland
422	puzzel	Wat is de autorij-afstand van Amsterdam naar Rome in km?	Trevi Fountain, Rome, Italy 2 - May 2007.jpg	Rome
425	puzzel	Hoeveel artikelen bevat de Franse Verklaring van de Rechten van de Mens en de Burger?	Vallain-liberty.jpg	Franse Revolutie
426	puzzel	Hoeveel artikelen bevat het Handvest van de Verenigde Naties?	United Nations (Member States and Territories).svg	Verenigde Naties
428	puzzel	Hoeveel landen zijn lid van de NAVO?	Flag of NATO.svg	Noord-Atlantische Verdragsorganisatie
429	puzzel	Hoeveel leden telt de Duitse Bondsdag volgens de wettelijke omvang sinds de hervorming?	Deutscher Bundestag logo.svg	Bondsdag
437	puzzel	Hoe hoog was het hoogste paard ooit in centimeters?	Spinvis-Paard.v.Troje14.jpg	Paard
438	puzzel	Hoe klein was het kleinste paard ooit in centimeters?	Spinvis-Paard.v.Troje14.jpg	Paard
439	puzzel	Hoe lang duurde de langste plank ooit in minuten?	Dusheme.jpg	Plank
444	puzzel	Hoe lang was de langste hotdog ooit in meters?	HEMA Hot Dog.jpg	Hotdog
447	puzzel	Hoe oud werd de oudste hond volgens Guinness World Records in jaren?	Ironing guinness 0357.JPG	Guinness Book of Records
449	puzzel	Hoe zwaar was de zwaarste hond ooit in kilogram?	Huskiesatrest.jpg	Hond
454	puzzel	Hoeveel piercings had de persoon met de meeste piercings ooit?	Cas-car.jpg	Piercing
463	puzzel	Hoeveel elektronen heeft een natriumion, Na⁺?	Keukenzout.jpg	Natriumchloride
477	puzzel	Hoeveel Algemeen Fonds-kaarten bevat een klassiek Monopoly-spel?	German Monopoly board in the middle of a game.jpg	Monopoly
481	puzzel	Hoeveel genummerde vakjes heeft een Europees roulettewiel, inclusief 0?	Europe (orthographic projection).svg	Europa (werelddeel)
482	puzzel	Hoeveel kaarten bevat een standaard UNO-deck?	UNO Logo.svg	Uno (card game)
487	puzzel	Hoeveel stippen (inclusief de 4 grote power pellets) moet Pac-Man opeten om een level uit te spelen?	Prickätarpucken.svg	Pac-Man
489	puzzel	Hoeveel straten, stations en nutsbedrijven kun je kopen op een klassiek Monopoly-bord?	German Monopoly board in the middle of a game.jpg	Monopoly
491	puzzel	Hoeveel vakjes heeft een standaard Mens-erger-je-niet-bord?	Mens erger je niet 02.jpg	Mens erger je niet!
493	puzzel	Hoeveel vakken bevat een standaard Monopoly-bord in totaal?	German Monopoly board in the middle of a game.jpg	Monopoly
495	puzzel	Hoeveel cilinders had de Honda RA168E Formule 1-motor uit 1988?	Lando Norris drives the McLaren MCL36 during the 2022 British Grand Prix..jpg	Grand Prix-resultaten van McLaren
499	puzzel	Hoeveel punten levert een safety op bij American football?	Vince Young scores a touchdown in the 2005 Big 12 Championship Game.JPG	American football
503	puzzel	Hoeveel spelers staan er per voetbalteam op het veld?	Football in Bloomington, Indiana, 1995.jpg	Voetbal
504	puzzel	Hoeveel spelers staan er tegelijk op het veld bij basketbal?	Jordan by Lipofsky 16577.jpg	Basketbal
505	puzzel	Hoeveel spelers staan er tegelijk op het veld bij een honkbalwedstrijd?	Baseballpositions.png	Honkbal
506	puzzel	Hoeveel spelers telt een cricketteam op het veld?	Flag of the Netherlands.svg	Nederlands cricketelftal (mannen)
509	puzzel	Hoeveel aardse dagen duurt een jaar op Jupiter ongeveer?	Jupiter.jpg	Jupiter (planeet)
510	puzzel	Hoeveel aardse dagen duurt een jaar op Venus ongeveer?	Venus from Mariner 10.jpg	Venus (planeet)
516	puzzel	Hoeveel bekende manen heeft Saturnus officieel (stand 2026)?	Saturn from Cassini Orbiter (2004-10-06).jpg	Saturnus (planeet)
534	puzzel	Op hoeveel kilometer hoogte boven de aarde draait het ISS gemiddeld?	The station pictured from the SpaceX Crew Dragon 5 (cropped).jpg	ISS (ruimtestation)
539	puzzel	Hoeveel letters had het klassieke Latijnse alfabet?	Arco Sisto V targa M.jpg	Latijn
541	puzzel	Hoeveel letters heeft het Arabische alfabet?	Learning Arabic calligraphy.jpg	Arabisch
543	puzzel	Hoeveel letters heeft het Russische alfabet?	Flag of Russia.svg	Rusland
545	puzzel	Hoeveel medeklinkerletters heeft het Thaise alfabet?	Flag of Thailand.svg	Thailand
547	puzzel	Hoeveel pixels breed is een standaard 4K Ultra HD videoscherm?	Resolution of SD, Full HD, 4K Ultra HD & 8K Ultra HD.svg	Ultra-high-definition television
548	puzzel	Hoeveel toetsen heeft een standaard computertoetsenbord ongeveer?	LenovoKeyboard.jpg	Toetsenbord (computer)
552	puzzel	In welk jaar werd Microsoft Excel voor het eerst uitgebracht?	Microsoft Office Excel (2025–present).svg	Microsoft Excel
554	puzzel	In welk jaar werd de eerste PlayStation uitgebracht?	Black and white Playstation 5 base edition with controller.png	PlayStation 5
563	puzzel	Hoeveel landen grenzen aan Brazilië?	Coat of arms of Brazil.svg	Brazilië
568	puzzel	Hoeveel staten telt Mexico?	Flag of Mexico.svg	Mexico (land)
574	puzzel	Hoeveel meter lang is een Airbus A380 ongeveer?	A6-EDY A380 Emirates 31 jan 2013 jfk (8442269364) (cropped).jpg	Airbus A380
575	puzzel	Hoeveel metrolijnen heeft de New York City Subway?	View of Empire State Building from Rockefeller Center New York City dllu (cropped).jpg	New York (stad)
576	puzzel	Hoeveel metrolijnen heeft de Parijse metro?	La Tour Eiffel vue de la Tour Saint-Jacques, Paris août 2014 (2).jpg	Parijs
583	puzzel	Hoeveel wagons heeft een Eurostar-trein meestal in een volledige standaardtrein?	Eurostar at St Pancras railway station.jpg	Eurostar
589	puzzel	In welk jaar reed de eerste auto met een verbrandingsmotor?	PSM V18 D500 An american internal combustion otto engine.jpg	Verbrandingsmotor
595	puzzel	Hoeveel graden is elke binnenhoek van een regelmatige vijfhoek?	01-Fünfeck simple.svg	Regelmatige vijfhoek
604	puzzel	Hoeveel duizend keer klopt een mensenhart per dag (bij rust)?	Rust programming language black logo.svg	Rust (programmeertaal)
605	puzzel	Hoeveel liter bloed pompt een mensenhart gemiddeld per dag rond?	Venous and arterial blood.jpg	Bloed
607	puzzel	Hoeveel liter zuurstof ademt een mens gemiddeld per dag in?	Human.svg	Mens
609	puzzel	Hoeveel procent van het menselijk lichaam bestaat ongeveer uit water?	H2O 2D labelled.svg	Water
612	puzzel	Hoeveel vierkante centimeter is de totale oppervlakte van je huid?	Light skin and hair.jpg	Huid
617	puzzel	Hoeveel boeken bevat Homerus’ Odyssee?	OdysseyPopeTP1752.jpg	Odyssee
618	puzzel	Hoeveel boeken bevat de Griekse eposreeks Ilias?	La Ilíada (Luis Segalá y Estalella).djvu	Ilias
619	puzzel	Hoeveel boeken bevat de Hebreeuwse Bijbel volgens de joodse indeling?	BijbelvertalingenVUHoofdgebouw.jpg	Bible translations into Dutch
626	puzzel	Hoeveel toneelstukken bevatte de First Folio van Shakespeare?	William Shakespeare - First Folio 1623.jpg	First Folio
627	puzzel	Hoeveel toneelstukken schreef Shakespeare volgens de gangbare telling?	Shakespeare.jpg	William Shakespeare
635	puzzel	Hoeveel centimeter hoog wordt een volwassen emoe?	Dromaius novaehollandiae - 02.jpg	Emoe
636	puzzel	Hoeveel dagen duurt de draagtijd van een olifant ongeveer?	2005-bandipur-tusker.jpg	Olifanten
639	puzzel	Hoeveel eitjes kan een koninginnenbij per dag leggen?	Duck Duck Goose.jpg	Zakdoekje leggen
645	puzzel	Hoeveel kilogram weegt een volwassen mannetjesolifant in Afrika?	Africa (orthographic projection).svg	Afrika
646	puzzel	Hoeveel kilogram weegt een volwassen Aziatische olifant?	Asia (orthographic projection) without New Guinea.svg	Azië
648	puzzel	Hoeveel kilogram weegt een volwassen nijlpaard?	Nijlpaard.jpg	Nijlpaard
649	puzzel	Hoeveel kilogram weegt een volwassen emoe?	Dromaius novaehollandiae - 02.jpg	Emoe
650	puzzel	Hoeveel kilogram weegt een volwassen giraffe?	Giraffa camelopardalis angolensis.jpg	Giraffen
651	puzzel	Hoeveel kilogram weegt een volwassen mannelijke jaguar?	Jaguar (Panthera onca) frustrated male in "flehmen" attitude ... No mating for now !!! (27806801562).jpg	Jaguar
652	puzzel	Hoeveel kilogram weegt een volwassen witte neushoorn?	Neushoorngr.jpg	Neushoorns
653	puzzel	Hoeveel kilogram weegt een volwassen wombat?	Vombatus ursinus -Maria Island National Park Edit 2.jpg	Wombat
656	puzzel	Hoeveel kilometer per uur sprint een jaguar?	Jaguar (Panthera onca) frustrated male in "flehmen" attitude ... No mating for now !!! (27806801562).jpg	Jaguar
658	puzzel	Hoeveel liter water kan een kameel in één keer drinken?	William-Adolphe Bouguereau (1825-1905) - Thirst (1886).jpg	Drinken
660	puzzel	Hoeveel meter kan een blauwe vinvis ongeveer lang worden?	Blue Whale 001 noaa body color.jpg	Blauwe vinvis
665	puzzel	Hoeveel meter per uur kruipen tuinslakken maximaal?	Helix pomatia (Dourbes).jpg	Tuinslakken
671	puzzel	Hoeveel procent van de wilde leeuwen leeft in Sub-Sahara Afrika?	Sub-Saharan Africa with borders.png	Sub-Sahara
672	puzzel	Hoeveel apensoorten telt het Amazonegebied ongeveer?	Amazon river basin.png	Amazonebekken
676	puzzel	Hoeveel kolibriesoorten komen voor in de Verenigde Staten?	Flag of the United States.svg	Verenigde Staten
678	puzzel	Hoeveel vogelsoorten telt Australië?	Flag of Australia (converted).svg	Australië (land)
679	puzzel	Hoeveel vogelsoorten telt Colombia, het land met de meeste ter wereld?	Flag of Colombia.svg	Colombia
680	puzzel	Hoeveel vogelsoorten telt het Amazonegebied?	Amazon river basin.png	Amazonebekken
681	puzzel	Hoeveel spieren zitten er in de slurf van een olifant?	2005-bandipur-tusker.jpg	Olifanten
682	puzzel	Hoeveel tanden heeft een volwassen huiskat?	Cat poster 2.jpg	Kat (dier)
683	puzzel	Hoeveel tanden heeft een volwassen witte haai in de voorste rij van de bovenkaak?	Gray190.png	Bovenkaaksbeen
684	puzzel	Hoeveel tanden wisselt een haai gedurende zijn leven ongeveer?	Neera Tanden Cabinet (cropped).jpg	Neera Tanden
685	puzzel	Hoeveel armen heeft een octopus?	Octopus2.jpg	Octopoda
686	puzzel	Hoeveel uur per dag slaapt een koala?	Koala climbing tree.jpg	Koala
690	puzzel	Hoeveel kilogram weegt een volwassen mannelijke Amerikaanse bizon?	Flag of the United States.svg	Verenigde Staten
691	puzzel	Hoeveel ton weegt een volwassen blauwe vinvis?	Blue Whale 001 noaa body color.jpg	Blauwe vinvis
692	puzzel	Hoeveel bedrijven bevat de S&P 500-index?	S and P 500 daily linear chart 1950 to 2016.png	S&P 500
694	puzzel	Hoeveel bedrijven vormen de Nasdaq-100-index?	NASDAQ-100-1985to2015.svg	Nasdaq-100
698	puzzel	Hoeveel landen gebruiken de euro als officiële munt?	Landen, parochiekerk Sint-Gertrudis oeg43399 foto6 2015-06-09 13.26.jpg	Landen
700	puzzel	Hoeveel munten telt een volledige set eurocent- en euromunten?	Euro coins line.jpg	Euromunten
702	puzzel	Hoeveel verschillende euromunten zijn er?	Euro coins line.jpg	Euromunten
707	puzzel	Hoeveel gram suiker zit er in een Amerikaans blikje Coca-Cola van 355 ml?	15-09-26-RalfR-WLC-0098 - Coca-Cola glass bottle (Germany).jpg	Coca-Cola
709	puzzel	Hoeveel kilocalorieën bevat een Amerikaanse McDonald’s cheeseburger?	McDonald's Golden Arches.svg	McDonald's
710	puzzel	Hoeveel miljoen zakken koffie produceert Brazilië per jaar?	Coat of arms of Brazil.svg	Brazilië
712	puzzel	Hoeveel kilogram rundvlees eet een Argentijn per jaar?	LocationArgentina2.svg	Argentinië
720	puzzel	Hoeveel procent cacao heeft standaard pure chocolade?	Chocolate.jpg	Chocolade
721	puzzel	Hoeveel procent van de wereldcacao komt uit West-Afrika?	UN Macroregion Western Africa.svg	West-Afrika
723	puzzel	Hoeveel soorten worst kent de Duitse keuken ongeveer?	Flag of Germany.svg	Duitsland
725	puzzel	Hoeveel kaassoorten produceert Frankrijk ongeveer?	Flag of France.svg	Frankrijk
741	puzzel	Hoeveel delen telt de Harry Potter filmreeks van Warner Bros?	Warner Bros. logo 2023.svg	Warner Bros.
752	puzzel	Hoeveel boeken bevat de Koran?	The Holy Quran.svg	Koran
753	puzzel	Hoeveel boeken bevat het Nieuwe Testament bij de protestante telling?	Mathis Gothart Grünewald 022.jpg	Nieuwe Testament
755	puzzel	Hoeveel dagen duurt de Ramadan maximaal?	Breaking the Fast (2) (27351979537).jpg	Ramadan
756	puzzel	Hoeveel dialogen van Plato zijn traditioneel bewaard gebleven?	Plato Silanion Musei Capitolini MC1377.jpg	Plato
760	puzzel	Hoeveel geboden telt de Thora volgens de miswot-telling?	Torah and jad.jpg	Thora
765	puzzel	Hoeveel paden telt het Achtvoudige Pad van het boeddhisme?	Hong Kong Budha.jpg	Boeddhisme
768	puzzel	Hoeveel soeras telt de Koran?	The Holy Quran.svg	Koran
772	puzzel	Hoeveel boogsegmenten telt het Colosseum per verdieping?	Colosseo 2020.jpg	Colosseum
774	puzzel	Hoeveel jaar duurde de bouw van de Dom van Keulen?	Kölner Dom und Hohenzollernbrücke Abenddämmerung (9706 7 8).jpg	Keulen
778	puzzel	Hoeveel kilometer lang is de Golden Gate Bridge hoofdspanssegment?	GoldenGateBridge-001.jpg	Golden Gate Bridge
783	puzzel	Hoeveel kilometer staaldraad zit er in beide hoofdkabels van de Golden Gate Bridge samen?	GoldenGateBridge-001.jpg	Golden Gate Bridge
785	puzzel	Hoeveel meter diep ligt de fundering van de Burj Khalifa ongeveer?	Dubai skyline 2015 (crop).jpg	Burj Khalifa
786	puzzel	Hoeveel meter hoog is de Elizabeth Tower, de toren van Big Ben?	Big-ben-1858.jpg	Big Ben
789	puzzel	Hoeveel meter hoog is de Christus Redentor standbeeld (met sokkel)?	Cristo Redentor - Rio de Janeiro, Brasil.jpg	Christus de Verlosser (Rio de Janeiro)
790	puzzel	Hoeveel meter hoog is de Christus de Verlosser inclusief sokkel?	Cristo Redentor - Rio de Janeiro, Brasil.jpg	Christus de Verlosser (Rio de Janeiro)
791	puzzel	Hoeveel meter hoog is de Eiffeltoren met antenne?	Tour Eiffel Wikimedia Commons.jpg	Eiffeltoren
793	puzzel	Hoeveel meter hoog is de Petronas Twin Tower?	Petronas Panorama II.jpg	Petronas Twin Towers
794	puzzel	Hoeveel meter hoog is de Shanghai Tower?	Shanghai tower dec 26, 2014.jpg	Shanghai Tower
796	puzzel	Hoeveel meter hoog is de Sydney Tower?	Sydney Tower 4.jpg	Sydney Tower
797	puzzel	Hoeveel meter hoog is de Taj Mahal?	Taj Mahal, Agra, India edit3.jpg	Taj Mahal
798	puzzel	Hoeveel meter hoog is de Tokyo Tower?	Tokyo Tower (11696649255).jpg	Tokiotoren
803	puzzel	Hoeveel meter lang is de langste overspanning van de Akashi Kaikyōbrug?	Akashi Bridge.JPG	Akashi-Kaikyo-brug
812	puzzel	Hoeveel stappen telt El Castillo van Chichen Itza in totaal inclusief de top?	KukulcanTempleChichénItzá.jpg	Chichén Itzá
814	puzzel	Hoeveel stenen beelden staan er in het Terracottaleger ongeveer?	Xian guerreros terracota general.JPG	Terracottaleger
816	puzzel	Hoeveel tegels bedekken het dak van het Sydney Opera House?	Sydney Opera House Sails.jpg	Sydney Opera House
817	puzzel	Hoeveel ton ijzer werd gebruikt voor de Eiffeltoren?	Tour Eiffel Wikimedia Commons.jpg	Eiffeltoren
821	puzzel	Hoeveel verdiepingen heeft One World Trade Center?	World Trade Center, New York City - aerial view (March 2001).jpg	World Trade Center (1973-2001)
822	puzzel	Hoeveel verdiepingen heeft de Eureka Tower in Melbourne?	Eureka Tower, August 2010.png	Eureka Tower
823	puzzel	Hoeveel verdiepingen heeft de Gran Torre Santiago in Chili (tallest in Latijns-Amerika)?	Montaje de Santiago de Chile (202103220).jpg	Santiago (Chili)
824	puzzel	Hoeveel verdiepingen heeft de Q1 Tower in Gold Coast (tallest in Australië)?	Gold Coast,QLD.jpg	Gold Coast
828	puzzel	Hoeveel zuilen had het oorspronkelijke Parthenon volgens de klassieke indeling?	The Parthenon in Athens.jpg	Parthenon
834	puzzel	Hoeveel Afrikaanse landen grenzen aan de Atlantische Oceaan?	Atlantic Ocean.png	Atlantische Oceaan
838	puzzel	Hoeveel duizend inwoners heeft Luxemburg?	Flag of Luxembourg.svg	Luxemburg (land)
840	puzzel	Hoeveel eilanden telt Fiji?	Flag of Fiji.svg	Fiji
841	puzzel	Hoeveel eilanden telt Papoea-Nieuw-Guinea ongeveer?	Flag of Papua New Guinea.svg	Papoea-Nieuw-Guinea
842	puzzel	Hoeveel eilanden omvat het Great Barrier Reef Marine Park ongeveer?	The dazzling colours of the Great Barrier Reef near Airlie Beach, Whitsunday Islands, Queensland.jpg	Groot Barrièrerif
843	puzzel	Hoeveel eilanden telt Indonesië officieel (2024)?	Flag of Indonesia.svg	Indonesië
844	puzzel	Hoeveel eilanden telt het Great Barrier Reef?	The dazzling colours of the Great Barrier Reef near Airlie Beach, Whitsunday Islands, Queensland.jpg	Groot Barrièrerif
849	puzzel	Hoeveel kilometer breed is de Sahara van noord naar zuid ongeveer op het breedste punt?	Sahara satellite hires.jpg	Sahara
853	puzzel	Hoeveel duizend kilometer lang is de Australische kustlijn?	Flag of Australia (converted).svg	Australië (land)
854	puzzel	Hoeveel kilometer lang is de Donau?	Donau Einzugsgebiet.png	Donau
855	puzzel	Hoeveel kilometer lang is de Ganges?	View of Ghats across the Ganges, Varanasi.jpg	Ganges (rivier)
859	puzzel	Hoeveel kilometer breed is de Kalahariwoestijn ongeveer?	Kalahari.jpg	Kalahari
860	puzzel	Hoeveel kilometer lang is de Kongo?	Flag of the Kingdom of Kongo according to Giovanni Cavazzi da Montecuccolo.svg	Koninkrijk Kongo
862	puzzel	Hoeveel kilometer lang is de Murray?	Murray A. US16 (10) (29236489603).jpg	Andy Murray
863	puzzel	Hoeveel kilometer lang is de Niger?	Niger (orthographic projection).svg	Niger
866	puzzel	Hoeveel kilometer lang is de Zambezi?	Zambezi River at junction of Namibia, Zambia, Zimbabwe & Botswana.jpg	Zambezi
869	puzzel	Hoeveel kilometer lang is de kustlijn van de Middellandse Zee ongeveer?	Locatie Middellandse Zee.PNG	Middellandse Zee
870	puzzel	Hoeveel kilometer lang is het Tanganyikameer ongeveer?	Lake tanganyika.jpg	Tanganyikameer
912	puzzel	Hoeveel landen grenzen aan de Middellandse Zee?	Locatie Middellandse Zee.PNG	Middellandse Zee
919	puzzel	Hoeveel landen liggen er aan de Middellandse Zee (Noord-Afrika + Europa + Azië)?	Locatie Middellandse Zee.PNG	Middellandse Zee
920	puzzel	Hoeveel landen telt Europa?	Europe (orthographic projection).svg	Europa (werelddeel)
922	puzzel	Hoeveel landen telt Afrika?	Africa (orthographic projection).svg	Afrika
929	puzzel	Hoeveel meter breed zijn de Victoriawatervallen?	VicFalls.jpg	Victoriawatervallen
930	puzzel	Hoeveel meter diep is de Grand Canyon op het diepste punt?	Canyon River Tree (165872763).jpeg	Grand Canyon
932	puzzel	Hoeveel meter hoog is Mount Cook (Aoraki)?	Mtcook1600x1200.jpg	Mount Cook
936	puzzel	Hoeveel meter hoog is Uluru?	Uluru, helicopter view, cropped.jpg	Uluru
939	puzzel	Hoeveel meter hoog is de Kilimanjaro?	Kilimanjaro from Amboseli.jpg	Kilimanjaro (berg)
943	puzzel	Hoeveel meter hoog zijn de Victoriawatervallen?	VicFalls.jpg	Victoriawatervallen
947	puzzel	Hoeveel miljoen inwoners heeft Brazilië?	Coat of arms of Brazil.svg	Brazilië
949	puzzel	Hoeveel miljoen inwoners heeft Colombia?	Flag of Colombia.svg	Colombia
950	puzzel	Hoeveel miljoen inwoners heeft Mexico?	Flag of Mexico.svg	Mexico (land)
952	puzzel	Hoeveel miljoen inwoners heeft Peru?	Flag of Peru.svg	Peru
953	puzzel	Hoeveel nationale parken telt Australië ongeveer?	Flag of Australia (converted).svg	Australië (land)
954	puzzel	Hoeveel nationale parken telt de Verenigde Staten?	Flag of the United States.svg	Verenigde Staten
956	puzzel	Hoeveel talen erkent India als officiële taal?	Flag of India.svg	India
958	puzzel	Hoeveel prefecturen heeft Japan?	Flag of Japan.svg	Japan
959	puzzel	Hoeveel procent van Australië is woestijn of droog gebied?	Flag of Australia (converted).svg	Australië (land)
961	puzzel	Hoeveel provincies telt China?	The Great Wall pic 1.jpg	China
963	puzzel	Hoeveel regio's telt Nieuw-Zeeland?	Flag of New Zealand.svg	Nieuw-Zeeland
965	puzzel	Hoeveel staten liggen er op het Noord-Amerikaanse vasteland van de VS (exclusief Alaska en Hawaii)?	Map of USA HI.svg	Hawaï
982	puzzel	Wat is de lengte van de rivier de Nijl in kilometers?	Along the Nile (2428700250).jpg	Nijl
987	puzzel	Hoeveel Spartanen verdedigden Thermopylae volgens de bekende historische overlevering?	InscriptieTherm.jpg	Thermopylae
991	puzzel	Hoeveel dagen duurde de D-Day-invasie tot de bevrijding van Parijs?	La Tour Eiffel vue de la Tour Saint-Jacques, Paris août 2014 (2).jpg	Parijs
1000	puzzel	Hoeveel jaar duurde de Honderdjarige Oorlog tussen Engeland en Frankrijk?	Siege orleans.jpg	Honderdjarige Oorlog
1006	puzzel	Hoeveel kilometer lang was de historische Zijderoute ongeveer?	Silk route.jpg	Zijderoute
1009	puzzel	Hoeveel mensen bezochten de Wereldtentoonstelling van 1889 in Parijs?	La Tour Eiffel vue de la Tour Saint-Jacques, Paris août 2014 (2).jpg	Parijs
1010	puzzel	Hoeveel mensen bezochten de Wereldtentoonstelling van 1893 in Chicago?	Illinois in United States.svg	Chicago
1011	puzzel	Hoeveel mensen dienden in totaal in het Amerikaanse leger tijdens de Tweede Wereldoorlog?	WW2Montage.PNG	Tweede Wereldoorlog
1012	puzzel	Hoeveel mensen stierven bij de uitbarsting van de Vesuvius in Pompeï volgens een veelgebruikte schatting?	Veduta Scavi Pompei 3.JPG	Pompeï
1015	puzzel	Hoeveel ridders namen volgens de traditionele telling deel aan de Slag bij Hastings?	Bayeux Tapestry scene57 Harold death.jpg	Slag bij Hastings
1016	puzzel	Hoeveel schepen had de Atheense vloot tijdens de Slag bij Salamis ongeveer?	Battle of salamis.png	Slag bij Salamis
1017	puzzel	Hoeveel schepen telde de vloot waarmee Willem de Veroveraar Engeland binnenviel?	Bayeux Tapestry William.jpg	Willem de Veroveraar
1019	puzzel	Hoeveel soldaten namen deel aan de landing in Normandië op D-Day?	1944 NormandyLST.jpg	D-day
1020	puzzel	Hoeveel soldaten telde het Britse leger bij de Slag bij Waterloo ongeveer?	Caletones.jpg	Slag
1022	puzzel	Hoeveel ton bommen werd tijdens de Blitz op Londen afgeworpen?	London collage.jpg	Londen
1025	puzzel	Hoeveel vliegtuigen ondersteunden D-Day?	1944 NormandyLST.jpg	D-day
1027	puzzel	In welk jaar begon de Koreaanse oorlog?	Lopez scaling seawall.jpg	Koreaanse Oorlog
1028	puzzel	In welk jaar eindigde de Eerste Wereldoorlog?	EDDY-CILONA.JPG	Eerste Wereldoorlog
1029	puzzel	In welk jaar eindigde de Tweede Wereldoorlog in Azië met de capitulatie van Japan?	WW2Montage.PNG	Tweede Wereldoorlog
1030	puzzel	In welk jaar had Zuid-Afrika zijn eerste vrije verkiezingen na de apartheid?	South Africa (centered orthographic projection).svg	Zuid-Afrika
1031	puzzel	In welk jaar landde Apollo 11 op de maan?	Apollo 11 insignia.png	Apollo 11
1032	puzzel	In welk jaar voor Christus viel Carthago in handen van de Romeinen?	Tunisie Carthage Ruines 08.JPG	Carthago
1034	puzzel	In welk jaar viel de Berlijnse Muur?	East Germans Fortify Border - Flickr - The Central Intelligence Agency.jpg	Berlijnse Muur
1035	puzzel	In welk jaar viel het Azteekse rijk aan de Spanjaarden onder Cortés?	Retrato de Hernán Cortés.jpg	Hernán Cortés
1036	puzzel	In welk jaar viel het Inca-rijk aan de Spanjaarden onder Pizarro?	Pizarro.jpg	Francisco Pizarro
1037	puzzel	In welk jaar viel het West-Romeinse Rijk traditioneel?	CompositeJesus.JPG	Jezus (traditioneel-christelijk)
1039	puzzel	In welk jaar werd Bolivia onafhankelijk van Spanje?	Flag of Spain.svg	Spanje
1040	puzzel	In welk jaar werd Brazilië officieel onafhankelijk van Portugal?	Flag of Portugal.svg	Portugal
1042	puzzel	In welk jaar werd Colombia onafhankelijk van Spanje?	Flag of Spain.svg	Spanje
1043	puzzel	In welk jaar werd Egypte officieel onafhankelijk van Groot-Brittannië?	Flag of Great Britain (1707–1800).svg	Koninkrijk Groot-Brittannië
1045	puzzel	In welk jaar werd India onafhankelijk van Groot-Brittannië?	Flag of Great Britain (1707–1800).svg	Koninkrijk Groot-Brittannië
1046	puzzel	In welk jaar werd Kenia onafhankelijk van Groot-Brittannië?	Flag of Great Britain (1707–1800).svg	Koninkrijk Groot-Brittannië
1048	puzzel	In welk jaar werd Nelson Mandela vrijgelaten uit de gevangenis?	Nelson Mandela-2008 (edit).jpg	Nelson Mandela
1049	puzzel	In welk jaar werd Nigeria onafhankelijk?	Flag of Nigeria.svg	Nigeria
1051	puzzel	In welk jaar werd Peru onafhankelijk van Spanje?	Flag of Spain.svg	Spanje
1053	puzzel	In welk jaar werd Zuid-Afrika officieel anti-apartheid democratie met Mandela als president?	Nelson Mandela-2008 (edit).jpg	Nelson Mandela
1055	puzzel	In welk jaar werd de Berlijnse Muur gebouwd?	East Germans Fortify Border - Flickr - The Central Intelligence Agency.jpg	Berlijnse Muur
1056	puzzel	In welk jaar werd de Eerste Franse Republiek uitgeroepen?	France 1800.png	Eerste Franse Republiek
1057	puzzel	In welk jaar werd de Volksrepubliek China gesticht?	People's Republic of China (orthographic projection).svg	Volksrepubliek China
1059	puzzel	Wat is de officiële hoogte van de Mount Everest in meters?	Mt Everest Aerial.jpg	Mount Everest
1060	puzzel	Hoeveel bezoekers ontving het Louvre in 2023?	Louvre-Bannenhaff-mat-Pyramid--w.jpg	Louvre
1062	puzzel	Hoeveel kilogram weegt de Moai-beelden op Paaseiland gemiddeld?	Easter Island map-nl.svg	Paaseiland
1064	puzzel	Hoeveel UNESCO-werelderfgoedlocaties heeft China (stand 2026)?	The Great Wall pic 1.jpg	China
1065	puzzel	Hoeveel UNESCO-werelderfgoedlocaties heeft Duitsland (stand 2026)?	Flag of Germany.svg	Duitsland
1068	puzzel	Hoeveel schilderijen van Vincent van Gogh bezit het Van Gogh Museum?	Logo - Van Gogh Museum.png	Van Gogh Museum
1074	puzzel	Hoeveel dagen duurt de zwangerschap van een geit?	Nederlandse Landgeit geiten.jpg	Geit
1075	puzzel	Hoeveel dagen duurt de zwangerschap van een varken?	Pig 8907.JPG	Varken (tam)
1076	puzzel	Hoeveel kilogram staal zit er ongeveer in een gemiddelde auto?	Vw kaefer ovali v sst.jpg	Auto
1079	puzzel	Hoeveel ton aluminium wordt wereldwijd jaarlijks geproduceerd?	Aluminium metal pieces.jpg	Aluminium
1080	puzzel	Hoeveel ton cement wordt wereldwijd jaarlijks geproduceerd?	Betonmortel bedrijven Cementbouw.JPG	Cement (bouwmateriaal)
1086	puzzel	Welk percentage van het wereldwijde staal wordt geproduceerd in China?	The Great Wall pic 1.jpg	China
1087	puzzel	Hoeveel KFC-restaurants zijn er wereldwijd ongeveer?	Kentucky Fried Chicken 201x logo.svg	KFC (restaurant)
1089	puzzel	Hoeveel winkels heeft Lidl wereldwijd ongeveer?	Lidl-Logo.svg	Lidl
1091	puzzel	Hoeveel delen CO₂ per miljoen delen lucht zat er rond het pre-industriële referentiejaar in de atmosfeer?	Carbon-dioxide-2D-dimensions.png	Koolstofdioxide
1097	puzzel	Hoeveel soorten worden volgens de gangbare schatting met uitsterven bedreigd?	De bedreigde zwaan Rijksmuseum SK-A-4.jpeg	De bedreigde zwaan
1098	puzzel	Hoeveel ton plastic afval produceert de mensheid jaarlijks volgens UNEP ongeveer?	United Nations Environment Programme Logo.svg	VN-Milieuprogramma
1099	puzzel	Welk percentage van het mariene afval bestaat volgens UNEP minstens uit plastic?	United Nations Environment Programme Logo.svg	VN-Milieuprogramma
1107	puzzel	Hoeveel albums bracht AC/DC uit tot 2024 (studioalbums)?	Logo ACDC.svg	AC/DC
1115	puzzel	Hoeveel pianosonates schreef Beethoven?	Beethoven.jpg	Ludwig van Beethoven
1129	puzzel	Hoeveel studioalbums bracht Kylie Minogue uit?	Kylie Minogue 1 (4515615).jpg	Kylie Minogue
1135	puzzel	Hoeveel graden Celsius kan een bliksemschicht bereiken?	Melting ice thermometer.jpg	Celsius
1138	puzzel	Hoeveel meter diep is de Challengerdiepte in de Marianentrog?	Marianatrenchmap.png	Marianentrog
1141	puzzel	Wat is de snelheid van het geluid in droge lucht bij 20°C in km/u?	Latin letter C.svg	C
1142	puzzel	Wat is de snelheid van het licht in vacuüm ongeveer?	Kolbenluftpumpe hg.jpg	Vacuum
1154	puzzel	Hoeveel duizend bladzijden telt het Woordenboek der Nederlandsche Taal?	Woordenboekfragment.jpg	Woordenboek
1162	puzzel	Hoeveel duizend inwoners heeft Rotterdam?	A view of Rotterdam, taken from the roof of the Maassilo, Rotterdam, The Netherlands.jpg	Rotterdam
1167	puzzel	Hoeveel graden Celsius is de gemiddelde zomertemperatuur in Nederland?	EU-Netherlands.svg	Nederland
1173	puzzel	Hoeveel duizend inwoners heeft Amsterdam?	Imagen de los canales concéntricos en Ámsterdam.png	Amsterdam
1181	puzzel	Hoeveel kilometer lang is de Betuweroute goederenspoorlijn?	Spoorlijn Kijfhoek - Zevenaar.png	Betuweroute
1183	puzzel	Hoeveel kilometer lang is de Elfstedentocht?	Bartlehiem v.l.n.r. Hans Bouma , Jan Kooiman , Rein Jonker , Nanne Semplonius, Bestanddeelnr 933-5792.jpg	Elfstedentocht
1184	puzzel	Hoeveel kilometer lang is de HSL-Zuid hogesnelheidslijn?	HSL4.png	Hogesnelheidslijn Schiphol - Antwerpen
1185	puzzel	Hoeveel kilometer van de Maas ligt in Nederland?	EU-Netherlands.svg	Nederland
1186	puzzel	Hoeveel kilometer lang is het metronet van Rotterdam?	A view of Rotterdam, taken from the roof of the Maassilo, Rotterdam, The Netherlands.jpg	Rotterdam
1207	puzzel	Hoeveel leden heeft de Nederlandse Tweede Kamer?	Logo of the Tweede Kamer.svg	Tweede Kamer der Staten-Generaal
1209	puzzel	Hoeveel liter melk geeft een gemiddelde Nederlandse koe per jaar?	EU-Netherlands.svg	Nederland
1212	puzzel	Hoeveel meter diep is het Zeelandbrug het hoogste punt voor schepen?	Zeelandbrug.jpg	Zeelandbrug
1213	puzzel	Hoeveel meter hoog is de Domtoren in Utrecht?	Utrecht (16295236803).jpg	Utrecht (stad)
1214	puzzel	Hoeveel meter hoog is de Euromast vanaf de grond tot de top van de Space Tower?	Rotterdam euromast.jpg	Euromast
1215	puzzel	Hoeveel meter hoog is De Zalmhaven in Rotterdam?	A view of Rotterdam, taken from the roof of the Maassilo, Rotterdam, The Netherlands.jpg	Rotterdam
1231	puzzel	Hoeveel procent van de Nederlanders woont in de Randstad?	Randstad.png	Randstad (gebied)
1239	puzzel	Hoeveel tekeningen van Rembrandt bezit het Rijksmuseum volgens de huidige collectie-informatie?	Amsterdam - Rijksmuseum.jpg	Rijksmuseum Amsterdam
1243	puzzel	Hoeveel verdiepingen heeft De Rotterdam van architect Rem Koolhaas?	Rem Koolhaas 2013.jpg	Rem Koolhaas
1244	puzzel	Hoeveel dagvlindersoorten komen voor in Nederland?	EU-Netherlands.svg	Nederland
1253	puzzel	Hoeveel departementen telt Colombia (2024)?	Flag of Colombia.svg	Colombia
1254	puzzel	Hoeveel departementen telt Peru?	Flag of Peru.svg	Peru
1255	puzzel	Hoeveel kiesmannen heeft Californië (2024)?	Map of USA CA.svg	Californië
1256	puzzel	Hoeveel kiesmannen heeft Texas (2024)?	Flag of Texas.svg	Texas
1266	puzzel	Hoeveel landen nemen er deel aan de Schengenzone (2024)?	Schengen Area participation.svg	Verdragen van Schengen
1269	puzzel	Hoeveel landen zijn lid van de CELAC?	Comunidad de Estados Latinoamericanos y Caribeños.PNG	Gemeenschap van Latijns-Amerikaanse en Caraïbische Staten
1271	puzzel	Hoeveel landen zijn lid van het Pacific Islands Forum?	Members of Pacific Island Forum.svg	Pacific Islands Forum
1272	puzzel	Hoeveel landen zijn lid van de Afrikaanse Unie (2024)?	Flag of the African Union.svg	Afrikaanse Unie
1278	puzzel	Hoeveel leden telt het Amerikaanse Huis van Afgevaardigden?	Seal of the United States House of Representatives.svg	Huis van Afgevaardigden (Verenigde Staten)
1279	puzzel	Hoeveel leden telt het Britse House of Commons?	CarlCox.jpg	Carl Cox
1280	puzzel	Hoeveel leden telt het Britse Lagerhuis?	House of Commons UK.svg	Lagerhuis (Verenigd Koninkrijk)
1281	puzzel	Hoeveel leden telt het Europees Parlement in de zittingsperiode 2024–2029?	EP-logo-CMYK NL.svg	Europees Parlement
1293	puzzel	Hoeveel zetels telt de Nieuw-Zeelandse Kamer van Afgevaardigden?	Flag of New Zealand.svg	Nieuw-Zeeland
1294	puzzel	Hoeveel zetels telt het Australische Huis van Afgevaardigden?	Flag of Australia (converted).svg	Australië (land)
1295	puzzel	Hoeveel zetels telt het Europees Parlement (2024-2029)?	EP-logo-CMYK NL.svg	Europees Parlement
1296	puzzel	Hoeveel zetels telt het Zuid-Afrikaanse parlement (National Assembly)?	Debating chamber, Y Senedd - geograph.org.uk - 1375999.jpg	Parlement van Wales
1298	puzzel	Hoe hoog was de hoogste robot ooit gebouwd in meters?	Atlas frontview 2013.jpg	Robot
1307	puzzel	Hoe zwaar was de grootste chocoladereep ooit in kilogram?	Reclamespeldje voor Bros (Bensdorp).jpg	Bros (chocoladereep)
1309	puzzel	Hoe zwaar was de zwaarste schildpad ooit in kilogram?	Hawaii turtle 2.JPG	Schildpadden
1311	puzzel	Hoeveel jongleurs deden mee aan het grootste jongleerrecord?	The Lute player (from Ballet de la nuit).jpg	Jongleur (joculator)
1312	puzzel	Hoeveel liter soep bevatte de grootste kom soep ooit?	Vegetable beef barley soup.jpg	Soep (voedsel)
1313	puzzel	Hoeveel mensen deden mee aan het grootste waterballonnengevecht ooit?	Human.svg	Mens
1316	puzzel	Hoeveel hotels heeft Hilton wereldwijd ongeveer?	Paris Hilton at the US Capitol (cropped).jpg	Paris Hilton
1317	puzzel	Hoeveel miljoen passagiers verwerkt Atlanta Airport (Hartsfield-Jackson, de drukste luchthaven ter wereld) per jaar?	Atlanta Airport Aerial Angle (31435634003) (2).jpg	Hartsfield-Jackson Atlanta International Airport
1320	puzzel	Hoeveel elektronen heeft een chloride-ion, Cl⁻?	Chlorine in bottle.jpg	Chlorine
1321	puzzel	Hoeveel elektronen kan de derde elektronenschil maximaal bevatten?	Standard Model of Elementary Particles-nl.svg	Elektron
1331	puzzel	Hoeveel gekleurde vierkantjes telt een standaard Rubik's kubus aan de buitenkant?	Rubik's cube.svg	Rubiks kubus
1332	puzzel	Hoeveel grondstoffenkaarten zitten er in het basisspel van Catan?	Nepomuk 280 - Osadníci z Katanu.jpg	Catan
1336	puzzel	Hoeveel miljard LEGO-steentjes zijn er sinds 1958 wereldwijd in totaal geproduceerd?	Lego Color Bricks.jpg	LEGO
1338	puzzel	Hoeveel speelvelden heeft een standaard schaakbord?	Chess board opening staunton.jpg	Schaakbord
1340	puzzel	Hoeveel velden telt een Engels dambord van 8 bij 8?	William Shakespeare - Sonnet XXX - Rapenburg 30, Leiden (cropped).JPG	Engels
1344	puzzel	Hoeveel Copa América titels won Argentinië tot 2024?	Copa america trofeo.jpg	Copa América
1348	puzzel	Hoeveel gouden medailles won Australië op de Olympische Zomerspelen 2024?	Épreuve Cyclisme Route Course Ligne Masculine Jeux Olympiques 2024 Rue Saint Éleuthère - Paris XVIII (FR75) - 2024-08-03 - 168.jpg	Olympische Zomerspelen
1359	puzzel	Hoeveel keer werd de FIFA World Cup georganiseerd tot en met 2022?	Maffiabendes.svg	Georganiseerde misdaad
1366	puzzel	Hoeveel keer won Frankrijk de Tour de France bij de mannen tot 2024?	Flag of France.svg	France
1373	puzzel	Hoeveel kilometer lang is een marathon?	BSK CSOB MARATON046 (33791445325).jpg	Marathon
1377	puzzel	Hoeveel landen doen mee aan het FIFA World Cup 2026?	Hubble ultra deep field.jpg	World
1378	puzzel	Hoeveel meter breed mag een internationaal voetbalveld maximaal zijn?	Braunvieh am Simplonpass, Schweiz.jpg	Breed
1383	puzzel	Hoeveel meter sprintt een schaatser op de kortebaan-afstand?	Map of Melbourne and environs electric railway time zones.jpg	Afstand
1388	puzzel	Hoeveel minuten officiële speeltijd heeft een NBA-wedstrijd?	Kobe Bryant 2014.jpg	Kobe Bryant
1395	puzzel	Hoeveel punten is een maximale dartscore met drie pijlen?	E38 p36.jpg	Pijl (wapen)
1401	puzzel	Hoeveel speelminuten duurt een officiële voetbalwedstrijd zonder verlenging?	GAE - NEC - 53492583527 (Calvin Verdonk).jpg	Calvin Verdonk
1423	puzzel	Hoeveel bekende manen heeft Jupiter (stand 2026)?	Jupiter.jpg	Jupiter (planeet)
1433	puzzel	Hoeveel minuten duurt een volledige baan van het ISS rond de aarde ongeveer?	The station pictured from the SpaceX Crew Dragon 5 (cropped).jpg	ISS (ruimtestation)
1435	puzzel	Hoeveel satellieten lanceerde India in één enkele raket als record (2017)?	Flag of India.svg	India
1436	puzzel	In welk jaar landde de eerste ruimtesonde op Mars?	Mars - August 30 2021 - Flickr - Kevin M. Gill.png	Mars
1439	puzzel	Wat is de baansnelheid van het ISS ongeveer?	The station pictured from the SpaceX Crew Dragon 5 (cropped).jpg	ISS (ruimtestation)
1458	puzzel	Hoeveel megabytes zitten er volgens de binaire definitie in één gigabyte?	Laptop-hard-drive-exposed.jpg	Gigabyte
1460	puzzel	In welk jaar bracht Apple de eerste iPhone uit?	Apple logo black.svg	Apple Inc.
1461	puzzel	In welk jaar lanceerde Japan de Shinkansen hogesnelheidstrein?	E8系(大宮駅).jpg	Shinkansen
1462	puzzel	In welk jaar werd Amazon opgericht?	Amazon Tower I topped out, June 2015.jpg	Amazon.com
1463	puzzel	In welk jaar werd Apple opgericht?	Apple logo black.svg	Apple Inc.
1464	puzzel	In welk jaar werd Facebook opgericht?	Facebook f logo (2019).svg	Facebook
1465	puzzel	In welk jaar werd Google opgericht?	Googleplex HQ (cropped).jpg	Google LLC
1467	puzzel	In welk jaar werd Microsoft opgericht?	Aerial Microsoft West Campus August 2009.jpg	Microsoft
1470	puzzel	In welk jaar werd Sony opgericht?	Sonyheadquarters.jpg	Sony
1471	puzzel	In welk jaar werd Toyota opgericht als automerk?	Toyota EU.svg	Toyota
1480	puzzel	In welk jaar werd het World Wide Web publiek vrijgegeven?	W3C® Icon.svg	World Wide Web Consortium
1481	puzzel	Hoeveel duizend beeldpunten telt een Full HD-scherm?	Kazan Arena 2017.png	Ak Bars Arena
1488	puzzel	Hoeveel miljoen nieuwe personenauto’s worden er wereldwijd per jaar geproduceerd?	Flag of New Zealand.svg	Nieuw-Zeeland
1489	puzzel	Hoeveel passagiers kan een Airbus A380 maximaal vervoeren?	A6-EDY A380 Emirates 31 jan 2013 jfk (8442269364) (cropped).jpg	Airbus A380
1490	puzzel	Hoeveel passagiers kan een Boeing 777-300ER maximaal vervoeren?	Boeing 787 Roll-out.jpg	Boeing
1492	puzzel	Hoeveel standaard 20-voet zeecontainers (TEU) kan het grootste containerschip ter wereld in één keer vervoeren?	Container.JPG	TEU
1493	puzzel	Hoeveel stations heeft de Londense Underground?	Underground.svg	Metro van Londen
1494	puzzel	Hoeveel verkeerslichten zijn er ongeveer in New York City?	View of Empire State Building from Rockefeller Center New York City dllu (cropped).jpg	New York (stad)
1505	puzzel	Hoeveel diagonalen heeft een regelmatige twaalfhoek?	Regular dodecagon.svg	Twaalfhoek
17	race	Hoeveel hoofdgoden telt de Griekse mythologie op de berg Olympus (de Twaalf Olympiërs)?	Faris haroun-1583660253 (cropped).jpg	Faris Haroun
56	race	Hoeveel halve tonen bevat een octaaf?	Octaaf0320w.JPG	Octaaf (muziek)
64	race	Hoeveel kiesmannen telt het Amerikaanse Electoral College?	Electoral map 2020.svg	Kiescollege (Verenigde Staten)
70	race	Hoe zwaar was de zwaarste hamburger ooit in kilogram?	NYC-Diner-Bacon-Cheeseburger.jpg	Hamburger
102	race	Hoeveel diagonalen heeft een regelmatige tienhoek?	Regular decagon.svg	Tienhoek
154	race	Hoeveel kamers heeft het hart van een krokodil?	Paarse krokodil.jpg	Paarse krokodil
173	race	Hoeveel landen hadden de euro als officiële munt bij de introductie van contant eurogeld?	Euro coins (07).jpg	Euro
176	race	Hoeveel leden heeft de G7?	2026 G7 meeting in France.jpg	G7
196	race	Hoeveel afleveringen telt de originele Britse serie The Office (inclusief specials)?	Brothers in arms - panoramio.jpg	Anglo-Belgian Memorial, Brussels
217	race	Hoeveel badkamers heeft het Witte Huis?	US-WhiteHouse-Logo.svg	Witte Huis (Washington)
281	race	Hoeveel landen liggen aan de Adriatische Zee?	Locatie Adriatische zee.PNG	Adriatische Zee
283	race	Hoeveel landen liggen aan het Titicacameer?	Lake Titicaca map.png	Titicacameer
285	race	Hoeveel landen telt Zuid-Amerika?	South America (orthographic projection).svg	Zuid-Amerika
295	race	Hoeveel staten heeft Australië?	Flag of Australia (converted).svg	Australië (land)
300	race	Hoeveel vierkante kilometer is de oppervlakte van IJsland ongeveer?	Flag of Iceland.svg	IJsland
361	race	Hoeveel procent van de wereldbevolking werkt direct of indirect in de landbouw?	Unload wheat by the combine Claas Lexion 584.jpg	Landbouw
363	race	Hoeveel ton koper wordt wereldwijd jaarlijks geproduceerd?	Koper, mesto.jpg	Koper
418	race	Hoeveel provincies heeft Nederland?	EU-Netherlands.svg	Nederland
432	race	Hoeveel oorspronkelijke leden had de NAVO bij de oprichting in 1949?	Flag of NATO.svg	Noord-Atlantische Verdragsorganisatie
436	race	Hoe hoog was de hoogste zandsculptuur ooit in meters?	Sandsculptures in Noordwijk (Netherlands 2016) (29048006812).jpg	Zandsculptuur
452	race	Hoeveel marathons liep de persoon met het record voor de meeste marathons?	Start of Barkley 2009.jpg	Barkley Marathons
603	race	Hoeveel botten zitten er in één menselijke voet en enkel?	Ankle.jpg	Enkel
608	race	Hoeveel paar hersenzenuwen heeft een mens?	Human.svg	Mens
668	race	Hoeveel poten hebben volwassen kreeftachtigen van de orde Decapoda volgens de naam?	Haeckel Decapoda.jpg	Tienpotigen
670	race	Hoeveel poten heeft een kreeft?	Cancer constellation map.png	Kreeft (sterrenbeeld)
677	race	Hoeveel lemuursoorten telt Madagaskar ongeveer?	Seal of Madagascar.svg	Madagaskar
718	race	Hoeveel liter olijfolie gebruikt een Griek per jaar?	Flag of Greece.svg	Griekenland
722	race	Hoeveel procent van de wereldkoffie komt uit Brazilië?	Coat of arms of Brazil.svg	Brazilië
727	race	In hoeveel landen had McDonald’s restaurants in 2023?	McDonald's Golden Arches.svg	McDonald's
818	race	Hoeveel ton weegt de Eiffeltoren in totaal?	Tour Eiffel Wikimedia Commons.jpg	Eiffeltoren
820	race	Hoeveel traptreden telt de Eiffeltoren naar de top?	Tour Eiffel Wikimedia Commons.jpg	Eiffeltoren
833	race	Door hoeveel landen stroomt de Donau?	Donau Einzugsgebiet.png	Donau
852	race	Hoeveel kilometer lang is de Andes ongeveer?	Andes.png	Andes
935	race	Hoeveel meter hoog is Mount Kosciuszko, het hoogste punt van Australië?	Mount Kosciuszko.jpg	Mount Kosciuszko
945	race	Hoeveel miljoen inwoners heeft Argentinië?	LocationArgentina2.svg	Argentinië
948	race	Hoeveel miljoen inwoners heeft Chili?	LocationChile.svg	Chili
960	race	Hoeveel procent van het Amazonebekken ligt ongeveer in Brazilië?	Coat of arms of Brazil.svg	Brazilië
966	race	Hoeveel sterren staan er op de Amerikaanse vlag?	Flag of the United States.svg	Verenigde Staten
978	race	Hoeveel vierkante kilometer is de oppervlakte van het Baikalmeer ongeveer?	Baikal.A2001296.0420.250m-NASA.jpg	Baikalmeer
986	race	Hoeveel Amerikaanse militairen kwamen tijdens de Tweede Wereldoorlog om het leven?	WW2Montage.PNG	Tweede Wereldoorlog
990	race	Hoeveel amendementen bevat de Amerikaanse Grondwet (Bill of Rights meegerekend in de eerste tien)?	Greater coat of arms of the United States.svg	Grondwet van de Verenigde Staten
992	race	Hoeveel dagen duurde de Slag bij Verdun?	Verdun 4juni2006 033.jpg	Verdun (Meuse)
1001	race	Hoeveel jaar duurde de apartheid in Zuid-Afrika (1948-1994)?	South Africa (centered orthographic projection).svg	Zuid-Afrika
1003	race	Hoeveel jaar regeerde Cleopatra VII?	Cleopatra VII, dalla via appia tra ariccia e genzano, 40-30 ac ca. 01.JPG	Cleopatra VII
1021	race	Hoeveel staten telt de Verenigde Staten?	Flag of the United States.svg	Verenigde Staten
1026	race	In welk jaar begon de Franse Revolutie met de bestorming van de Bastille?	Vallain-liberty.jpg	Franse Revolutie
1041	race	In welk jaar werd Chili onafhankelijk van Spanje?	Flag of Spain.svg	Spanje
1050	race	In welk jaar werd Paraguay onafhankelijk van Spanje?	Flag of Spain.svg	Spanje
1052	race	In welk jaar werd Venezuela onafhankelijk van Spanje?	Flag of Spain.svg	Spanje
1054	race	In welk jaar werd de Amerikaanse Onafhankelijkheidsverklaring ondertekend?	United States Declaration of Independence.jpg	Amerikaanse Onafhankelijkheidsverklaring
1073	race	Hoeveel bijen leven er in een sterk bijenvolk in de zomer?	Vallø Road.jpg	Zomer
1088	race	Hoeveel winkels heeft Aldi wereldwijd ongeveer?	AldiNord-WorldwideLogo.svg	Aldi
1122	race	Hoeveel snaren heeft een Chinese guzheng?	The Great Wall pic 1.jpg	China
1136	race	Hoeveel graden Celsius kookt water op zeeniveau?	Melting ice thermometer.jpg	Celsius
1145	race	Hoeveel doelpunten maakte Robin van Persie voor het Nederlands elftal?	Flag of the Netherlands.svg	Netherlands
1165	race	Hoeveel etsen worden aan Rembrandt toegeschreven in de catalogus van het Rijksmuseum?	Amsterdam - Rijksmuseum.jpg	Rijksmuseum Amsterdam
1189	race	Hoeveel meter lang is het hoofdspansegment van de Van Brienenoordbrug?	Van Brienenoordbrug (2025)-2.jpg	Van Brienenoordbrug
1193	race	Hoeveel kilometer lang is de kust van de Nederlandse Waddeneilanden ongeveer?	Waddeneilanden.PNG	Waddeneilanden
1195	race	Hoeveel klokken hangen er in het carillon van de Utrechtse Domtoren?	DomTorenUtrechtNederland.jpg	Dom van Utrecht
1197	race	Hoeveel vierkante kilometer groot is de provincie Utrecht?	Utrecht (16295236803).jpg	Utrecht (stad)
1217	race	Hoeveel meter lang is het cruiseschip Rotterdam?	A view of Rotterdam, taken from the roof of the Maassilo, Rotterdam, The Netherlands.jpg	Rotterdam
1222	race	Hoeveel ml bevat een standaard Nederlandse borrelglas jenever?	EU-Netherlands.svg	Nederland
1247	race	Hoeveel windmolens staan er bij Kinderdijk?	KinderdijkMolens02.jpg	Kinderdijk
1249	race	Hoeveel miljoen inwoners heeft China?	The Great Wall pic 1.jpg	China
1410	race	Hoeveel spelers staan er tegelijk op het veld bij voetbal?	Football in Bloomington, Indiana, 1995.jpg	Voetbal
1438	race	In welk jaar zette de eerste mens voet op de maan?	FullMoon2010.jpg	Maan
1442	race	Wat is de diameter van de Maan in kilometers?	FullMoon2010.jpg	Maan
71	breinkraker	Hoe zwaar was de zwaarste pompoen ooit in kilogram?	ER Wilson, Hillsborough, County Down, October 2010 (02).JPG	Pompoen
89	breinkraker	Hoeveel naamvallen heeft het Fins?	Kuulosuojaimet - älä varasta.jpg	Fins
177	breinkraker	Hoeveel lidstaten telt de Europese Unie?	Flag of Europe.svg	Europese Unie
215	breinkraker	Hoeveel werelden verbindt de wereldboom Yggdrasil in de Noorse mythologie?	Flag of Norway.svg	Noorwegen
230	breinkraker	Hoeveel meter hoog is One World Trade Center?	World Trade Center, New York City - aerial view (March 2001).jpg	World Trade Center (1973-2001)
235	breinkraker	Hoeveel meter lang is de Akashi Kaikyōbrug in Japan?	Akashi Bridge.JPG	Akashi-Kaikyo-brug
246	breinkraker	Hoeveel traptreden beklim je naar de 86e verdieping van het Empire State Building?	Empire State Building from Rockefeller Center (51197886181) (cropped).jpg	Empire State Building
326	breinkraker	Hoeveel republieken vormden de Sovjet-Unie bij haar ontbinding in 1991?	Flag of the Soviet Union.svg	Sovjet-Unie
383	breinkraker	Hoeveel meter lang was de langste trouwjurkstaart volgens Guinness World Records?	Ironing guinness 0357.JPG	Guinness Book of Records
414	breinkraker	Hoeveel lijnen heeft de metro van Rotterdam?	A view of Rotterdam, taken from the roof of the Maassilo, Rotterdam, The Netherlands.jpg	Rotterdam
460	breinkraker	Hoeveel atomen bevat één molecuul water?	H2O 2D labelled.svg	Water
472	breinkraker	Hoeveel procent azijnzuur bevat gewone huishoudazijn ongeveer?	Essigsäure - Acetic acid.svg	Azijnzuur
486	breinkraker	Hoeveel steden krijgt iedere speler bij de start van Catan?	Nepomuk 280 - Osadníci z Katanu.jpg	Catan
494	breinkraker	Hoeveel wegen krijgt iedere speler bij de start van Catan?	Nepomuk 280 - Osadníci z Katanu.jpg	Catan
544	breinkraker	Hoeveel letters telt het officiële Hawaiiaanse alfabet?	Image Credit- Wirasathya Darmaja. Hanya Yanagihara- A Little Life. Neka Museum. - 30675717626 (cropped).jpg	Hanya Yanagihara
582	breinkraker	Hoeveel vleugels heeft een passagiersvliegtuig?	Boeing 767s of KLM at Amsterdam Airport Schiphol.jpg	Passagiersvliegtuig
703	breinkraker	Hoeveel McDonald’s-restaurants waren er wereldwijd aan het einde van 2023?	McDonald's Golden Arches.svg	McDonald's
713	breinkraker	Hoeveel kruiden bevat de klassieke Chinese Five-Spice?	Five spice powder.jpg	Vijfkruidenpoeder
739	breinkraker	Hoeveel Star Wars films uit de Skywalker Saga verschenen er?	Anakin Skywalker costume Retouched.jpg	Anakin Skywalker
743	breinkraker	Hoeveel seizoenen heeft Breaking Bad?	Breaking Bad official logo.svg	Breaking Bad
773	breinkraker	Hoeveel ingangen heeft het Colosseum?	Colosseo 2020.jpg	Colosseum
779	breinkraker	Hoeveel kilometer lang is de Grote Muur van China volgens de officiële meting?	Great Wall of China July 2006.JPG	Chinese Muur
802	breinkraker	Hoeveel meter lang is de Golden Gate Bridge?	GoldenGateBridge-001.jpg	Golden Gate Bridge
832	breinkraker	Wat is de totale lengte van alle stukken van de Chinese Muur in kilometers?	Great Wall of China July 2006.JPG	Chinese Muur
845	breinkraker	Hoeveel eilanden vormen Indonesië volgens de officiële telling?	Flag of Indonesia.svg	Indonesië
858	breinkraker	Hoeveel kilometer lang is de Grote Muur van China ongeveer?	Great Wall of China July 2006.JPG	Chinese Muur
867	breinkraker	Hoeveel kilometer lang is de evenaar ongeveer?	Grosskreis.jpg	Evenaar
868	breinkraker	Hoeveel kilometer lang is de kustlijn van Canada ongeveer?	LocationCanada.svg	Canada
874	breinkraker	Hoeveel landen grenzen aan Angola?	Angola (orthographic projection).svg	Angola
875	breinkraker	Hoeveel landen grenzen aan Argentinië?	LocationArgentina2.svg	Argentinië
881	breinkraker	Hoeveel landen grenzen aan Costa Rica?	Flag of Costa Rica.svg	Costa Rica
882	breinkraker	Hoeveel landen grenzen aan Ecuador?	Flag of Ecuador.svg	Ecuador
900	breinkraker	Hoeveel landen grenzen aan Panama?	Flag of Panama.svg	Panama (land)
904	breinkraker	Hoeveel landen grenzen aan Rusland (vasteland excl. overzeese)?	Flag of Russia.svg	Rusland
907	breinkraker	Hoeveel landen grenzen aan Tanzania?	Flag of Tanzania.svg	Tanzania
915	breinkraker	Hoeveel landen grenzen direct aan de Zwarte Zee?	Locatie Zwarte Zee.PNG	Zwarte Zee
916	breinkraker	Hoeveel landen hebben grondgebied in het Amazonebekken?	Amazon river basin.png	Amazonebekken
918	breinkraker	Hoeveel landen hebben grondgebied in de Sahara?	Sahara satellite hires.jpg	Sahara
927	breinkraker	Hoeveel landen worden verbonden door de UNESCO-site van de Struve-geodetische boog?	Struve Geodetic Arc-zoom-fr.svg	Geodetische boog van Struve
931	breinkraker	Hoeveel meter hoog is de K2?	K2-big.jpg	K2
933	breinkraker	Hoeveel meter hoog is Mount Everest?	Mt Everest Aerial.jpg	Mount Everest
934	breinkraker	Hoeveel meter hoog is Mount Kenya?	Mount kenya.JPG	Mount Kenya
951	breinkraker	Hoeveel miljoen inwoners heeft Nieuw-Zeeland?	Flag of New Zealand.svg	Nieuw-Zeeland
968	breinkraker	Hoeveel territoria heeft Australië naast de staten?	Flag of Australia (converted).svg	Australië (land)
970	breinkraker	Hoeveel tijdzones heeft Nieuw-Zeeland?	Flag of New Zealand.svg	Nieuw-Zeeland
981	breinkraker	Wat is de hoogte van de Mont Blanc in de Alpen in meters?	Mont Blanc and Dome du Gouter.jpg	Mont Blanc
983	breinkraker	Wat is de omtrek van de Aarde rond de evenaar in kilometers?	Grosskreis.jpg	Evenaar
984	breinkraker	Hoeveel duizend vierkante kilometer groot is Australië?	Flag of Australia (converted).svg	Australië (land)
999	breinkraker	Hoeveel jaar duurde de Dertigjarige Oorlog?	Sack of Magdeburg 1631.jpg	Dertigjarige Oorlog
1058	breinkraker	In welk year ontdekte Columbus Amerika (de eerste reis)?	Christopher Columbus.PNG	Christoffel Columbus
1109	breinkraker	Hoeveel dansstijlen worden er klassiek onderscheiden in de Cubaanse rumba-familie (drie hoofdstijlen)?	Fidel Castro - MATS Terminal Washington 1959.jpg	Cubaanse Revolutie
1118	breinkraker	Hoeveel snaren heeft een Indiase sitar?	Flag of India.svg	India
1153	breinkraker	Hoeveel biljarten heeft het Binnenhof te Den Haag traditioneel?	Den Haag Skyline 1.jpg	Den Haag
1176	breinkraker	Hoeveel keer is de Elfstedentocht in de 20e eeuw geschaatst?	Bartlehiem v.l.n.r. Hans Bouma , Jan Kooiman , Rein Jonker , Nanne Semplonius, Bestanddeelnr 933-5792.jpg	Elfstedentocht
1221	breinkraker	Hoeveel miljoen toeristen bezoekt Amsterdam jaarlijks ongeveer?	Imagen de los canales concéntricos en Ámsterdam.png	Amsterdam
1227	breinkraker	Hoeveel procent van Nederland ligt onder zeeniveau?	EU-Netherlands.svg	Nederland
1230	breinkraker	Hoeveel procent van de Nederlandse betalingen verloopt contactloos of via pin volgens recente cijfers?	EU-Netherlands.svg	Nederland
1240	breinkraker	Hoeveel terrassen heeft de Euromast in Rotterdam totaal?	A view of Rotterdam, taken from the roof of the Maassilo, Rotterdam, The Netherlands.jpg	Rotterdam
1288	breinkraker	Hoeveel senatoren zitten er in de Amerikaanse Senaat?	Seal of the United States Senate.svg	Senaat (Verenigde Staten)
1326	breinkraker	Hoeveel neutronen heeft koolstof-14?	Coal anthracite.jpg	Koolstof
1343	breinkraker	Hoeveel Champions League-titels won Real Madrid tot 2024?	® S.D. MADRID E.S.B. FACHADA PRINCIPAL - panoramio.jpg	Real Madrid CF
1363	breinkraker	Hoeveel keer won Brazilië de FIFA World Cup voetbal bij de mannen (2024)?	Coat of arms of Brazil.svg	Brazilië
1367	breinkraker	Hoeveel keer won Italië de FIFA World Cup?	Flag of Italy.svg	Italië
1371	breinkraker	Hoeveel keer won Uruguay de FIFA World Cup?	Flag of Uruguay.svg	Uruguay
1380	breinkraker	Hoeveel meter is een marathon exact?	BSK CSOB MARATON046 (33791445325).jpg	Marathon
1385	breinkraker	Hoeveel minuten duurt een ijshockeywedstrijd netto?	20Min logo GE positive rgb.png	20 Minuten
1415	breinkraker	Hoeveel veldspelers (inclusief keeper) staan er in het water bij waterpolo per team?	Belgisch voetbalelftal 1905.jpg	Team
1426	breinkraker	Hoeveel kilometer is de diameter van Jupiter ongeveer?	Jupiter.jpg	Jupiter (planeet)
1440	breinkraker	Wat is de baansnelheid van het ISS ruimtestation in kilometer per uur?	The station pictured from the SpaceX Crew Dragon 5 (cropped).jpg	ISS (ruimtestation)
1449	breinkraker	Hoeveel naamvallen heeft het Duits?	Legal status of German in the world.svg	Duits
1487	breinkraker	Hoeveel kilometer lang is de Trans-Siberische spoorlijn?	Trans siberian railroad large.png	Trans-Siberische spoorlijn
