nederlands	engels
Hoeveel seizoenen van The Simpsons waren er uitgezonden (stand 2026)?	How many seasons of The Simpsons had aired (as of 2026)?
Hoeveel vogelsoorten telt Colombia, het land met de meeste ter wereld?	How many bird species are found in Colombia, the country with the most in the world?
Hoeveel duizend bladzijden telt het Woordenboek der Nederlandsche Taal?	How many thousand pages does the Woordenboek der Nederlandsche Taal contain?
Hoeveel verdiepingen heeft de BD Bacatá in Bogotá?	How many floors does BD Bacatá in Bogotá have?
Hoeveel meter hoog is Uluru?	How many metres high is Uluru?
Hoeveel delen CO₂ per miljoen delen lucht mat NASA in 2024?	How many parts of CO₂ per million parts of air did NASA measure in 2024?
Hoeveel eilanden telt Indonesië officieel (2024)?	How many islands did Indonesia officially have in 2024?
Hoeveel soldaten telde het Britse leger bij de Slag bij Waterloo ongeveer?	How many soldiers were in the British army at the Battle of Waterloo, approximately?
Hoeveel vakjes heeft een standaard Mens-erger-je-niet-bord?	How many spaces does a standard Mens-erger-je-niet board have?
Hoeveel meter hoog is de Sydney Tower?	How many metres high is Sydney Tower?
Hoeveel duizend inwoners heeft Rotterdam?	How many thousand inhabitants does Rotterdam have?
Hoeveel geboden telt de Thora volgens de miswot-telling?	How many commandments does the Torah contain according to the mitzvot count?
Hoeveel meter diep kan de potvis duiken?	How many metres deep can a sperm whale dive?
Hoeveel kaassoorten produceert Frankrijk ongeveer?	How many varieties of cheese does France produce, approximately?
Hoeveel procent van de Nederlanders woont in de Randstad?	What percentage of people in the Netherlands live in the Randstad?
Hoeveel kilogram weegt een volwassen mannelijke Amerikaanse bizon?	How many kilograms does an adult male American bison weigh?
Hoeveel UNESCO-werelderfgoedlocaties heeft Duitsland (stand 2026)?	How many UNESCO World Heritage Sites does Germany have (as of 2026)?
In welk jaar werd Nelson Mandela vrijgelaten uit de gevangenis?	In what year was Nelson Mandela released from prison?
Hoeveel meter lang is de Golden Gate Bridge?	How many metres long is the Golden Gate Bridge?
In welk jaar werd Mexico onafhankelijk van Spanje?	In what year did Mexico gain independence from Spain?
Hoeveel mensen bezochten de Wereldtentoonstelling van 1889 in Parijs?	How many people visited the 1889 World's Fair in Paris?
Hoeveel ton ijzer werd gebruikt voor de Eiffeltoren?	How many tonnes of iron were used to build the Eiffel Tower?
Hoeveel nationale parken telt de Verenigde Staten?	How many national parks are there in the United States?
Hoeveel meter hoog is de Elizabeth Tower, de toren van Big Ben?	How many metres high is Elizabeth Tower, the tower that houses Big Ben?
In welk jaar werd Bolivia onafhankelijk van Spanje?	In what year did Bolivia gain independence from Spain?
Hoeveel meter hoog is de Cairo Tower?	How many metres high is Cairo Tower?
Hoeveel kilogram rundvlees eet een Argentijn per jaar?	How many kilograms of beef does an Argentinian eat per year?
Hoeveel bekende manen heeft Saturnus (stand 2026)?	How many known moons does Saturn have (as of 2026)?
Hoeveel kilometer lang is de Donau?	How many kilometres long is the Danube?
Hoeveel minuten duurt de film Avatar: The Way of Water?	How many minutes long is the film Avatar: The Way of Water?
Hoeveel miljoen inwoners heeft Colombia?	How many million inhabitants does Colombia have?
Hoeveel miljoen zakken koffie produceert Brazilië per jaar?	How many million bags of coffee does Brazil produce per year?
Hoeveel miljoen inwoners heeft Brazilië?	How many million inhabitants does Brazil have?
Hoeveel dagvlindersoorten komen voor in Nederland?	How many butterfly species are found in the Netherlands?
In welk jaar werd Facebook opgericht?	In what year was Facebook founded?
In welk jaar werd Sony opgericht?	In what year was Sony founded?
Hoeveel kilogram weegt een volwassen witte neushoorn?	How many kilograms does an adult white rhinoceros weigh?
Hoeveel bekende manen heeft de planeet Jupiter officieel (stand 2026)?	How many known moons does Jupiter officially have (as of 2026)?
Hoeveel kilometer lang is de Elfstedentocht?	How many kilometres long is the Elfstedentocht?
Hoeveel landen telt Azië?	How many countries are there in Asia?
Hoeveel zetels telt het Australische Huis van Afgevaardigden?	How many seats are there in the Australian House of Representatives?
Hoeveel leden telt het Amerikaanse Huis van Afgevaardigden?	How many members are there in the United States House of Representatives?
In welk jaar werd Nigeria onafhankelijk?	In what year did Nigeria gain independence?
Hoeveel meter hoog is de Tokyo Tower?	How many metres high is Tokyo Tower?
Hoeveel meter hoog is Mount Kosciuszko, het hoogste punt van Australië?	How many metres high is Mount Kosciuszko, the highest point in Australia?
Hoeveel eilanden telt het Great Barrier Reef?	How many islands are there in the Great Barrier Reef?
Hoeveel meter hoog is de Grote Piramide van Gizeh nu?	How many metres high is the Great Pyramid of Giza today?
Hoeveel kilometer lang is de Rijn?	How many kilometres long is the Rhine?
Hoeveel eilanden telt Fiji?	How many islands does Fiji have?
Hoeveel UNESCO-werelderfgoedlocaties heeft China (stand 2026)?	How many UNESCO World Heritage Sites does China have (as of 2026)?
Hoeveel kilometer breed is de Kalahariwoestijn ongeveer?	How many kilometres wide is the Kalahari Desert, approximately?
Hoeveel kilometer per uur haalt de Shanghai Maglev?	How many kilometres per hour can the Shanghai Maglev reach?
Hoeveel meter breed zijn de Victoriawatervallen?	How many metres wide are Victoria Falls?
Hoeveel ton aluminium wordt wereldwijd jaarlijks geproduceerd?	How many tonnes of aluminium are produced worldwide each year?
Hoeveel procent van de wilde leeuwen leeft in Sub-Sahara Afrika?	What percentage of wild lions live in sub-Saharan Africa?
Hoeveel kilometer per uur haalt een cheetah op zijn snelst?	How many kilometres per hour can a cheetah reach at top speed?
Hoeveel kilogram weegt een volwassen mannelijke rode reuzenkangoeroe maximaal?	How many kilograms can an adult male red kangaroo weigh at most?
In welk jaar werd de Eerste Franse Republiek uitgeroepen?	In what year was the First French Republic proclaimed?
Hoeveel kilometer lang is de Zambezi?	How many kilometres long is the Zambezi?
Hoeveel kilometer lang is de Niger?	How many kilometres long is the Niger River?
In welk jaar eindigde de Eerste Wereldoorlog?	In what year did the First World War end?
Hoeveel zetels telt het Zuid-Afrikaanse parlement (National Assembly)?	How many seats are there in South Africa's National Assembly?
Hoeveel centimeter hoog wordt een volwassen emoe?	How many centimetres tall does an adult emu grow?
Hoeveel piramides telt Egypte ongeveer?	How many pyramids are there in Egypt, approximately?
Hoeveel landen telt Europa?	How many countries are there in Europe?
Hoeveel bekende manen heeft Jupiter (stand 2026)?	How many known moons does Jupiter have (as of 2026)?
Hoeveel nationale parken telt Australië ongeveer?	How many national parks does Australia have, approximately?
Hoeveel kilogram weegt een volwassen nijlpaard?	How many kilograms does an adult hippopotamus weigh?
Wat is de lengte van de rivier de Nijl in kilometers?	How many kilometres long is the Nile?
Hoeveel duizend beeldpunten telt een Full HD-scherm?	How many thousand pixels does a Full HD screen have?
Hoeveel miljoen inwoners heeft Mexico?	How many million inhabitants does Mexico have?
Hoeveel soldaten namen deel aan de landing in Normandië op D-Day?	How many soldiers took part in the Normandy landings on D-Day?
Hoeveel kilometer staaldraad zit er in beide hoofdkabels van de Golden Gate Bridge samen?	How many kilometres of steel wire are there in the two main cables of the Golden Gate Bridge combined?
Hoeveel velden telt een Engels dambord van 8 bij 8?	How many squares does an 8-by-8 English draughts board have?
Hoeveel soorten telt de kangoeroefamilie (Macropodidae)?	How many species are there in the kangaroo family (Macropodidae)?
Hoeveel meter sprintt een schaatser op de kortebaan-afstand?	How many metres does a speed skater sprint in the short-track event?
Hoeveel zijvlakken heeft een icosaeder?	How many faces does an icosahedron have?
Hoeveel kilogram weegt een volwassen mannelijke jaguar?	How many kilograms does an adult male jaguar weigh?
In welk jaar werd Peru onafhankelijk van Spanje?	In what year did Peru gain independence from Spain?
Hoeveel kilometer lang is de Murray?	How many kilometres long is the Murray River?
Hoeveel talen erkent India als officiële taal?	How many languages does India recognise as official languages?
Hoeveel uren zitten er in een standaard kalenderjaar?	How many hours are there in a standard calendar year?
Hoeveel meter hoog zijn de Victoriawatervallen?	How many metres high are Victoria Falls?
Hoeveel kilometer van de Kanaaltunnel ligt onder zee?	How many kilometres of the Channel Tunnel lie beneath the sea?
Hoeveel procent van de wereldcacao komt uit West-Afrika?	What percentage of the world's cocoa comes from West Africa?
Hoeveel duizend kilometer lang is de Australische kustlijn?	How many thousand kilometres long is Australia's coastline?
Hoeveel kilogram weegt een volwassen giraffe?	How many kilograms does an adult giraffe weigh?
Hoeveel procent van de wereldkoffie komt uit Brazilië?	What percentage of the world's coffee comes from Brazil?
Hoeveel kilogram weegt een volwassen mannetjesolifant in Afrika?	How many kilograms does an adult male African elephant weigh?
Hoeveel eilanden telt Papoea-Nieuw-Guinea ongeveer?	How many islands does Papua New Guinea have, approximately?
Hoeveel duizend inwoners heeft Amsterdam?	How many thousand inhabitants does Amsterdam have?
Wat is de diameter van de Maan in kilometers?	How many kilometres is the diameter of the Moon?
In welk jaar werd Zuid-Afrika officieel anti-apartheid democratie met Mandela als president?	In what year did South Africa officially become a post-apartheid democracy with Mandela as president?
In welk jaar werd de Volksrepubliek China gesticht?	In what year was the People's Republic of China founded?
Hoeveel ton staal werd wereldwijd geproduceerd in 2023?	How many tonnes of steel were produced worldwide in 2023?
Hoeveel kolibriesoorten komen voor in de Verenigde Staten?	How many hummingbird species are found in the United States?
Hoeveel meter hoog is kasteel Neuschwanstein?	How many metres high is Neuschwanstein Castle?
Hoeveel procent van Australië is woestijn of droog gebied?	What percentage of Australia is desert or arid land?
Hoeveel miljoen inwoners heeft Peru?	How many million inhabitants does Peru have?
Hoeveel landen zijn lid van de CELAC?	How many countries are members of CELAC?
Hoeveel vogelsoorten telt het Amazonegebied?	How many bird species are found in the Amazon region?
Hoeveel tanden heeft een volwassen witte haai in de voorste rij van de bovenkaak?	How many teeth does an adult great white shark have in the front row of its upper jaw?
In welk jaar werd Toyota opgericht als automerk?	In what year was Toyota founded as a car manufacturer?
Hoeveel kilogram weegt een volwassen wombat?	How many kilograms does an adult wombat weigh?
Hoeveel boeken bevat de gepubliceerde hoofdserie A Song of Ice and Fire (stand 2026)?	How many books does the published main A Song of Ice and Fire series contain (as of 2026)?
Hoeveel winkels heeft Aldi wereldwijd ongeveer?	How many stores does Aldi have worldwide, approximately?
Hoeveel bezoekers ontving het Louvre in 2023?	How many visitors did the Louvre receive in 2023?
Hoeveel procent van de Nederlanders fietst dagelijks?	What percentage of people in the Netherlands cycle every day?
Wat is de officiële hoogte van de Mount Everest in meters?	How many metres high is Mount Everest officially?
Hoeveel kilometer lang is het metronet van Rotterdam?	How many kilometres long is Rotterdam's metro network?
Hoeveel ton weegt een volwassen blauwe vinvis?	How many tonnes does an adult blue whale weigh?
Hoeveel bekende manen heeft Saturnus officieel (stand 2026)?	How many known moons does Saturn officially have (as of 2026)?
Hoe zwaar was de grootste chocoladereep ooit in kilogram?	How many kilograms did the largest chocolate bar ever made weigh?
Hoeveel meter hoog is de Taj Mahal?	How many metres high is the Taj Mahal?
Hoeveel meter diep is de Grand Canyon op het diepste punt?	How many metres deep is the Grand Canyon at its deepest point?
Hoeveel ton cement wordt wereldwijd jaarlijks geproduceerd?	How many tonnes of cement are produced worldwide each year?
Hoeveel ton plastic afval produceert de mensheid jaarlijks volgens UNEP ongeveer?	How many tonnes of plastic waste does humanity produce each year, according to UNEP estimates?
Hoeveel miljoen inwoners heeft Argentinië?	How many million inhabitants does Argentina have?
In welk jaar viel de Berlijnse Muur?	In what year did the Berlin Wall fall?
Hoeveel Afrikaanse landen produceren koffie?	How many African countries produce coffee?
Hoeveel miljoen kilometer is de gemiddelde afstand van de aarde tot de zon?	How many million kilometres is the average distance from Earth to the Sun?
Hoeveel jaar regeerde Cleopatra VII?	How many years did Cleopatra VII reign?
Hoeveel armen heeft een octopus?	How many arms does an octopus have?
Hoeveel kilometer per uur sprint een jaguar?	How many kilometres per hour can a jaguar sprint?
Hoeveel dagen duurt de Ramadan maximaal?	How many days can Ramadan last at most?
Hoeveel graden Celsius is de gemiddelde zomertemperatuur in Nederland?	How many degrees Celsius is the average summer temperature in the Netherlands?
Hoeveel uur per dag slaapt een koala?	How many hours per day does a koala sleep?
Hoeveel gram suiker zit er in een Amerikaans blikje Coca-Cola van 355 ml?	How many grams of sugar are in a 355 ml can of Coca-Cola sold in the United States?
Hoeveel toneelstukken schreef Shakespeare volgens de gangbare telling?	How many plays did Shakespeare write according to the commonly used count?
Hoeveel landen zijn lid van het Pacific Islands Forum?	How many countries are members of the Pacific Islands Forum?
Hoeveel duizend kilometer fietspad telt Nederland?	How many thousand kilometres of cycle paths does the Netherlands have?
Hoeveel symfonieën schreef Mozart?	How many symphonies did Mozart compose?
In welk jaar werd Apple opgericht?	In what year was Apple founded?
Hoeveel vliegtuigen ondersteunden D-Day?	How many aircraft supported the D-Day landings?
Hoeveel winkels heeft Lidl wereldwijd ongeveer?	How many stores does Lidl have worldwide, approximately?
Hoeveel kilometer van de Maas ligt in Nederland?	How many kilometres of the Meuse lie in the Netherlands?
Hoeveel soorten worst kent de Duitse keuken ongeveer?	How many varieties of sausage are there in German cuisine, approximately?
Hoeveel kilogram weegt een volwassen emoe?	How many kilograms does an adult emu weigh?
Hoeveel kilometer lang is het metronet van Mexico-Stad?	How many kilometres long is Mexico City's metro network?
Hoeveel uur duurde het langste videogame-marathonrecord (stand 2026)?	How many hours did the longest video game marathon record last (as of 2026)?
Hoeveel vogelsoorten telt Australië?	How many bird species are found in Australia?
Hoeveel kilogram weegt een volwassen Aziatische olifant?	How many kilograms does an adult Asian elephant weigh?
Hoeveel kilometer per uur zwemt een dolfijn op zijn snelst?	How many kilometres per hour can a dolphin swim at top speed?
Hoeveel miljoen inwoners heeft India?	How many million inhabitants does India have?
Hoeveel kilogram weegt een volwassen mannelijke Bengaalse tijger?	How many kilograms does an adult male Bengal tiger weigh?
Hoeveel LEGO-steentjes werden gebruikt voor het grootste LEGO-model?	How many LEGO bricks were used to build the largest LEGO model?
Hoeveel meter hoog is De Zalmhaven in Rotterdam?	How many metres high is De Zalmhaven in Rotterdam?
Wat is de baansnelheid van het ISS ongeveer?	How many kilometres per hour is the orbital speed of the ISS, approximately?
Hoeveel mensen bezochten de Wereldtentoonstelling van 1893 in Chicago?	How many people visited the 1893 World's Fair in Chicago?
Hoeveel miljoen inwoners heeft China?	How many million inhabitants does China have?
Hoeveel kilometer per uur sprint een leeuw?	How many kilometres per hour can a lion sprint?
Hoeveel Amerikaanse militairen kwamen tijdens de Tweede Wereldoorlog om het leven?	How many members of the United States military died during the Second World War?
Hoeveel meter hoog is Mount Cook (Aoraki)?	How many metres high is Mount Cook (Aoraki)?
Hoeveel Afrikaanse landen grenzen aan de Atlantische Oceaan?	How many African countries border the Atlantic Ocean?
Hoeveel meter hoog is de Shanghai Tower?	How many metres high is the Shanghai Tower?
Hoeveel pianosonates schreef Beethoven?	How many piano sonatas did Beethoven compose?
In welk jaar werd Venezuela onafhankelijk van Spanje?	In what year did Venezuela gain independence from Spain?
Hoeveel kilometer lang is de Ganges?	How many kilometres long is the Ganges?
Hoeveel provincies telt China?	How many provinces does China have?
Hoeveel meter hoog is Mount Kenya?	How many metres high is Mount Kenya?
Hoeveel studioalbums bracht Kylie Minogue uit?	How many studio albums has Kylie Minogue released?
Wat is de diameter van de Aarde over de evenaar in kilometers?	How many kilometres is Earth's equatorial diameter?
Hoeveel meter diep is de Challengerdiepte in de Marianentrog?	How many metres deep is Challenger Deep in the Mariana Trench?
Hoeveel duizend vierkante kilometer groot is Australië?	How many thousand square kilometres is Australia in area?
Hoeveel schaatsbanen van 400 meter telt Nederland?	How many 400-metre speed-skating rinks does the Netherlands have?
In welk jaar werd de Amerikaanse Onafhankelijkheidsverklaring ondertekend?	In what year was the United States Declaration of Independence signed?
Hoeveel meter hoog is de Kilimanjaro?	How many metres high is Mount Kilimanjaro?
Hoeveel meter hoog is de Aconcagua?	How many metres high is Aconcagua?
Hoeveel meter hoog is Mount Everest?	How many metres high is Mount Everest?
Hoeveel vierkante kilometer is de oppervlakte van het Baikalmeer ongeveer?	How many square kilometres is the surface area of Lake Baikal, approximately?
Wat is de omtrek van de Aarde rond de evenaar in kilometers?	How many kilometres is Earth's circumference around the equator?
Hoeveel kilometer lang is de evenaar ongeveer?	How many kilometres long is the equator, approximately?
Hoeveel miljoen inwoners heeft Chili?	How many million inhabitants does Chile have?
Hoeveel McDonald’s-restaurants waren er wereldwijd aan het einde van 2023?	How many McDonald's restaurants were there worldwide at the end of 2023?
Hoeveel kilometer lang is de Kongo?	How many kilometres long is the Congo River?
Hoeveel kilometer lang was Route 66?	How many kilometres long was Route 66?
Hoeveel landen gebruiken de West-Afrikaanse CFA-frank?	How many countries use the West African CFA franc?
Hoeveel vierkante kilometer is het Victoriameer ongeveer?	How many square kilometres is Lake Victoria in area, approximately?
Hoeveel kilometer lang is de kustlijn van Canada ongeveer?	How many kilometres long is Canada's coastline, approximately?
Hoeveel meter is een marathon exact?	How many metres is a marathon exactly?
Hoeveel miljoen gnoes trekken mee in de Grote Migratie van de Serengeti?	How many million wildebeest take part in the Great Migration in the Serengeti?
Wat is de exacte afstand van een marathonwedstrijd in meters?	How many metres is the exact distance of a marathon race?
Hoeveel liter olijfolie gebruikt een Griek per jaar?	How many litres of olive oil does a Greek person use per year?
Hoeveel kilometer is de diameter van Jupiter ongeveer?	How many kilometres is Jupiter's diameter, approximately?
Hoeveel kilometer lang is de Grote Muur van China volgens de officiële meting?	How many kilometres long is the Great Wall of China according to the official measurement?
Hoeveel landen hebben grondgebied in de Sahara?	How many countries have territory in the Sahara?
Hoeveel procent van de bekende plant- en diersoorten leeft in tropische regenwouden?	What percentage of known plant and animal species live in tropical rainforests?
Hoeveel hertz is de toonhoogte van de standaard a in de muziek?	How many hertz is the pitch of the standard A in music?
In welk jaar werd Samsung opgericht?	In what year was Samsung founded?
In welk jaar werd de eerste succesvolle harttransplantatie uitgevoerd?	In what year was the first successful heart transplant performed?
Hoeveel aardse dagen duurt een jaar op Jupiter ongeveer?	How many Earth days does a year on Jupiter last, approximately?
Hoeveel procent van het menselijk lichaam bestaat ongeveer uit water?	What percentage of the human body is water, approximately?
Hoeveel miljard neuronen (zenuwcellen) bevat het menselijk brein naar schatting?	How many billion neurons (nerve cells) does the human brain contain, approximately?
Hoeveel paar ribben heeft een mens normaal?	How many pairs of ribs does a person normally have?
Hoeveel dynastieën kent de traditionele indeling van het oude Egypte?	How many dynasties are there in the traditional chronology of ancient Egypt?
Hoeveel gram eiwit bevat een Amerikaanse McDonald’s Big Mac?	How many grams of protein does a McDonald's Big Mac sold in the United States contain?
In welk jaar werd Google opgericht?	In what year was Google founded?
Hoeveel aardse jaren duurt een jaar op Neptunus ongeveer?	How many Earth years does a year on Neptune last, approximately?
Hoeveel kamers heeft het menselijk hart?	How many chambers does the human heart have?
Hoeveel zangen telt Dante’s Inferno?	How many cantos does Dante's Inferno contain?
Hoeveel duizend knipperbewegingen met je ogen maak je gemiddeld per dag?	How many thousand times do you blink on average per day?
Hoeveel metrostations heeft de Parijse metro?	How many stations does the Paris Métro have?
Hoeveel liter zuurstof ademt een mens gemiddeld per dag in?	How many litres of oxygen does a person breathe in on average per day?
Hoeveel procent van de lucht bestaat uit stikstof?	What percentage of air is nitrogen?
Hoeveel delen bevat Plato’s De Staat?	How many books does Plato's De Staat contain?
In welk jaar voer de eerste moderne onderzeeër succesvol?	In what year did the first modern submarine make a successful voyage?
Hoeveel procent van het lichaam was bedekt met tatoeages bij de meest getatoeëerde man?	What percentage of the most tattooed man's body was covered in tattoos?
Hoe zwaar was de zwaarste schildpad ooit in kilogram?	How many kilograms did the heaviest turtle ever recorded weigh?
Hoeveel hoofdgoden telt de Griekse mythologie op de berg Olympus (de Twaalf Olympiërs)?	How many principal gods live on Mount Olympus in Greek mythology (the Twelve Olympians)?
Hoeveel boeken bevat de Griekse eposreeks Ilias?	How many books does the Greek epic Ilias contain?
Hoeveel aardse uren duurt één volledige draai van Jupiter ongeveer?	How many Earth hours does one full rotation of Jupiter take, approximately?
In welk jaar reed de eerste elektrische auto?	In what year was the first electric car driven?
Hoeveel jaar kan een reuzenschildpad ongeveer oud worden?	How many years can a giant tortoise live, approximately?
In welk jaar werd de eerste radio-uitzending gemaakt?	In what year was the first radio broadcast made?
Hoe zwaar was de zwaarste hond ooit in kilogram?	How many kilograms did the heaviest dog ever recorded weigh?
In welk jaar vond de Slag bij Waterloo plaats?	In what year did the Battle of Waterloo take place?
Hoeveel bloedgroepen kent het ABO-systeem?	How many blood groups are there in the ABO system?
Hoeveel procent van de wereldbevolking werkt direct of indirect in de landbouw?	What percentage of the world's population works directly or indirectly in agriculture?
Hoeveel procent van het aardoppervlak bestaat uit water en land samen?	What percentage of Earth's surface consists of water and land combined?
In welk jaar vertrok de eerste commerciële passagiersvlucht?	In what year did the first commercial passenger flight take off?
In welk jaar begon de Franse Revolutie?	In what year did the French Revolution begin?
In welk jaar vond de kernramp in Tsjernobyl plaats?	In what year did the Chernobyl nuclear disaster occur?
In welk jaar werd de eerste reageerbuisbaby geboren?	In what year was the first test-tube baby born?
In welk jaar werd de eerste barcode in een winkel gescand?	In what year was the first barcode scanned in a shop?
In welk jaar werd de eerste röntgenfoto gemaakt?	In what year was the first X-ray image made?
Hoeveel vierkante kilometer is Antarctica ongeveer groot?	How many square kilometres is Antarctica in area, approximately?
Hoeveel kamers heeft de maag van een koe?	How many chambers does a cow's stomach have?
In welk jaar werd de eerste succesvolle orgaantransplantatie uitgevoerd?	In what year was the first successful organ transplant performed?
In welk jaar werd de eerste bloedtransfusie met succes uitgevoerd?	In what year was the first successful blood transfusion performed?
Hoeveel milliliter speeksel produceert een mens gemiddeld per dag?	How many millilitres of saliva does a person produce on average per day?
Hoeveel aardse dagen duurt een jaar op Venus ongeveer?	How many Earth days does a year on Venus last, approximately?
Hoeveel zuilen kent de islam?	How many pillars are there in Islam?
In welk jaar werd de Magna Carta bezegeld?	In what year was Magna Carta sealed?
Hoeveel procent van het wereldwijde waterverbruik gaat naar landbouw?	What percentage of global water consumption is used for agriculture?
Hoeveel procent van het voedsel dat wereldwijd wordt geproduceerd gaat verloren of wordt verspild?	What percentage of food produced worldwide is lost or wasted?
In welk jaar werd de eerste sms verstuurd?	In what year was the first text message sent?
In welk jaar reed de eerste auto met een verbrandingsmotor?	In what year was the first car with an internal combustion engine driven?
In welk jaar vond de kernramp in Fukushima plaats?	In what year did the Fukushima nuclear disaster occur?
In welk jaar bracht Apple de eerste iPhone uit?	In what year did Apple release the first iPhone?
In welk jaar voer de eerste nucleaire onderzeeër uit?	In what year did the first nuclear-powered submarine set sail?
Hoeveel liter bloed pompt een mensenhart gemiddeld per dag rond?	How many litres of blood does a human heart pump on average per day?
Hoeveel procent van het landoppervlak van de aarde is bedekt met bos?	What percentage of Earth's land surface is covered by forest?
Hoe zwaar was de zwaarste hamburger ooit in kilogram?	How many kilograms did the heaviest hamburger ever made weigh?
Hoeveel procent van het Amazonebekken ligt ongeveer in Brazilië?	What percentage of the Amazon basin lies in Brazil, approximately?
Hoeveel aardse uren duurt één volledige draai van Mars ongeveer?	How many Earth hours does one full rotation of Mars take, approximately?
In welk jaar werd de eerste camera uitgevonden?	In what year was the first camera invented?
Hoeveel vierkante kilometer is de Sahara ongeveer groot?	How many square kilometres is the Sahara in area, approximately?
In welk jaar landde de eerste ruimtesonde op Mars?	In what year did the first space probe land on Mars?
In welk jaar landde Apollo 11 op de maan?	In what year did Apollo 11 land on the Moon?
Hoeveel tanden heeft een volwassen mens normaal?	How many teeth does an adult normally have?
In welk jaar werd Microsoft opgericht?	In what year was Microsoft founded?
In welk jaar werd de eerste kunstmatige satelliet gelanceerd?	In what year was the first artificial satellite launched?
Hoeveel procent van Nederland ligt onder zeeniveau?	What percentage of the Netherlands lies below sea level?
Hoeveel procent van de oorspronkelijke bossen in de wereld is nog over?	What percentage of the world's original forests remains?
Hoeveel metrolijnen heeft de New York City Subway?	How many lines does the New York City Subway have?
In welk jaar begon de Koreaanse oorlog?	In what year did the Korean War begin?
Hoeveel procent van de extra warmte door klimaatverandering wordt door de oceanen opgenomen?	What percentage of the additional heat caused by climate change is absorbed by the oceans?
In welk jaar voor Christus viel Carthago in handen van de Romeinen?	In what year BC did Carthage fall to the Romans?
In welk jaar werd penicilline ontdekt?	In what year was penicillin discovered?
In welk jaar zonk de Titanic?	In what year did the Titanic sink?
Hoeveel gram koolhydraten bevat een Amerikaanse McDonald’s Big Mac?	How many grams of carbohydrates does a McDonald's Big Mac sold in the United States contain?
Hoeveel volt heeft een standaard stopcontact in Nederland?	How many volts does a standard electrical outlet in the Netherlands supply?
Hoeveel watt laadt een standaard iPhone snellader?	How many watts does a standard iPhone fast charger supply?
Hoeveel procent van de wetlands is sinds 1700 wereldwijd verdwenen?	What percentage of wetlands worldwide has disappeared since 1700?
Hoeveel naamvallen heeft het Fins?	How many grammatical cases does Finnish have?
Hoeveel centimeter zet de Eiffeltoren uit op een hete zomerdag?	How many centimetres does the Eiffel Tower expand on a hot summer day?
Hoeveel metrolijnen heeft de Parijse metro?	How many lines does the Paris Métro have?
In welk jaar werd Amazon opgericht?	In what year was Amazon founded?
Hoeveel cent zit er in één euro?	How many cents are there in one euro?
In welk jaar werd de eerste commerciële mobiele telefoon uitgebracht?	In what year was the first commercial mobile phone released?
Hoe zwaar was de zwaarste pompoen ooit in kilogram?	How many kilograms did the heaviest pumpkin ever recorded weigh?
Hoeveel vierkante kilometer is de Noordzee ongeveer groot?	How many square kilometres is the North Sea in area, approximately?
In welk jaar werd de eerste e-mail verstuurd?	In what year was the first email sent?
Hoeveel punten levert een safety op bij American football?	How many points is a safety worth in American football?
Hoeveel spelers zitten er in een Nederlands korfbalteam op het veld?	How many players does a Dutch korfball team have on the court?
Hoeveel Eurovision Songfestivals won Ierland (2024 stand)?	How many Eurovision Song Contests had Ireland won (as of 2024)?
Hoeveel dollarcent zit er in één Amerikaanse dollar?	How many cents are there in one US dollar?
Hoeveel Hollandse waterlijnen kent de oude Nederlandsche Waterlinie?	How many Dutch waterlines are part of the Oude Nederlandsche Waterlinie?
Hoeveel minuten officiële speeltijd heeft een rugbyunionwedstrijd?	How many minutes of official playing time does a rugby union match have?
Hoeveel spelers staan er op het ijs bij ijshockey (beide teams inclusief keepers)?	How many players are on the ice in an ice hockey match, counting both teams and their goaltenders?
Hoe lang was de langste hond ooit in centimeters?	How many centimetres long was the longest dog ever recorded?
Wat is de autorij-afstand van Amsterdam naar Rome in km?	How many kilometres is the driving distance from Amsterdam to Rome?
Hoe hoog was de hoogste hond ooit in centimeters?	How many centimetres tall was the tallest dog ever recorded?
Wat is de gemiddelde afstand van de aarde tot de zon?	How many kilometres is the average distance from Earth to the Sun?
Hoe lang was de langste man ooit in centimeters?	How many centimetres tall was the tallest man ever recorded?
Wat is de lengte van de rivier de Amazone in kilometers?	How many kilometres long is the Amazon River?
Hoe hoog was het hoogste paard ooit in centimeters?	How many centimetres tall was the tallest horse ever recorded?
Wat is de totale lengte van alle onderzeese internetkabels op aarde in duizend kilometer?	How many thousand kilometres long are all the world's submarine internet cables combined?
Wat weegt het hart van een volwassen Blauwe Vinvis in kilogram?	How many kilograms does the heart of an adult blue whale weigh?
Wat is de autorij-afstand van Amsterdam naar Parijs in km?	How many kilometres is the driving distance from Amsterdam to Paris?
Wat is de geschatte temperatuur aan het oppervlak van de zon?	How many degrees Celsius is the estimated temperature at the surface of the Sun?
Wat is de dakhoogte van het Empire State Building in New York in meters?	How many metres high is the roof of the Empire State Building in New York?
Hoe groot was het grootste permanente IMAX-scherm in vierkante meter?	How many square metres was the largest permanent IMAX screen?
Wat is de snelheid van het geluid in droge lucht bij 20°C in km/u?	How many kilometres per hour is the speed of sound in dry air at 20°C?
Hoe groot was de grootste pizza ooit in vierkante meter?	How many square metres was the largest pizza ever made?
Wat is de capaciteit van het Narendra Modi Stadium in India?	How many spectators can the Narendra Modi Stadium in India hold?
Hoe lang was de langste kat ooit in centimeters?	How many centimetres long was the longest cat ever recorded?
Wat is de lengte van het Panamakanaal van de Atlantische naar de Stille Oceaan in km?	How many kilometres long is the Panama Canal from the Atlantic to the Pacific?
Hoeveel procent van Antarctica is met ijs bedekt?	What percentage of Antarctica is covered by ice?
Hoeveel procent van het Great Barrier Reef bestaat uit koraalriffen?	What percentage of the Great Barrier Reef consists of coral reefs?
Hoe lang duurde de langste voetbalwedstrijd ooit in minuten?	How many minutes did the longest football match ever recorded last?
Hoeveel procent van de atmosfeer bestaat ongeveer uit zuurstof?	What percentage of the atmosphere is oxygen, approximately?
Hoe lang duurde de langste plank ooit in minuten?	How many minutes did the longest plank ever recorded last?
Hoe lang is de langste levende vrouw in centimeters?	How many centimetres tall is the tallest living woman?
Hoeveel is de som van de getallen 1 tot en met 100?	How much is the sum of the numbers from 1 to 100?
Wat is de totale geschatte lengte van alle bloedvaten in een volwassen menselijk lichaam in kilometers?	How many kilometres long are all the blood vessels in an adult human body combined, approximately?
Hoe lang is de langste levende man in centimeters?	How many centimetres tall is the tallest living man?
Wat is de hoogte van de Eiffeltoren in meters (met antenne)?	How many metres high is the Eiffel Tower, including its antenna?
Wat is de hoogte van de Burj Khalifa in Dubai in meters?	How many metres high is the Burj Khalifa in Dubai?
Hoe hoog was de hoogste zandsculptuur ooit in meters?	How many metres high was the tallest sand sculpture ever made?
Wat is de hoogte van het Vrijheidsbeeld in New York inclusief sokkel in meters?	How many metres high is the Statue of Liberty in New York, including its pedestal?
Hoe oud werd de oudste hond volgens Guinness World Records in jaren?	How many years old was the oldest dog according to Guinness World Records?
Hoe hoog is de Euromast in Rotterdam?	How many metres high is the Euromast in Rotterdam?
Hoe lang was de langste hotdog ooit in meters?	How many metres long was the longest hot dog ever made?
Wat is de lengte van het Suezkanaal in Egypte in kilometers?	How many kilometres long is the Suez Canal in Egypt?
Op welke hoogte ligt het Titicacameer ongeveer boven zeeniveau?	How many metres above sea level is Lake Titicaca, approximately?
Hoe klein was het kleinste paard ooit in centimeters?	How many centimetres tall was the smallest horse ever recorded?
Wat is het atoomnummer van ijzer?	How many protons does an iron atom have?
Hoe diep is de Grand Canyon op het diepste punt ongeveer?	How many metres deep is the Grand Canyon at its deepest point, approximately?
Wat is de snelheid van het licht in vacuüm in kilometer per seconde?	How many kilometres per second is the speed of light in a vacuum?
Wat is de snelheid van het licht in vacuüm ongeveer?	How many kilometres per second is the speed of light in a vacuum, approximately?
Hoeveel ridders namen volgens de traditionele telling deel aan de Slag bij Hastings?	How many knights took part in the Battle of Hastings according to the traditional count?
Wat is de diepte van het diepste zoetwatermeer ter wereld (Baikalmeer in Rusland) in meters?	How many metres deep is the world's deepest freshwater lake, Lake Baikal in Russia?
Hoeveel kilometer lang is het Tanganyikameer ongeveer?	How many kilometres long is Lake Tanganyika, approximately?
Wat is een perfecte score bij tienpinsbowling?	How many points is a perfect score in ten-pin bowling?
Hoe oud werd de oudste kat ooit in jaren?	How many years old was the oldest cat ever recorded?
Wat is de oppervlakte van de Sahara-woestijn in miljoen vierkante kilometer?	How many million square kilometres is the Sahara Desert in area?
Hoe zwaar was de grootste portie friet ooit in kilogram?	How many kilograms did the largest serving of chips ever made weigh?
Hoe lang was de langste vrouw ooit in centimeters?	How many centimetres tall was the tallest woman ever recorded?
Hoe hoog was de hoogste duik vanaf een klif in meters?	How many metres high was the highest cliff dive ever recorded?
Hoe lang is de Afsluitdijk in kilometers?	How many kilometres long is the Afsluitdijk?
Welke pH-waarde heeft zuiver water bij kamertemperatuur ongeveer?	How much is the pH of pure water at room temperature, approximately?
Hoe hoog was de hoogste robot ooit gebouwd in meters?	How many metres high was the tallest robot ever built?
Wat is de geschatte leeftijd van de planeet Aarde in miljoenen jaren?	How many million years old is planet Earth, approximately?
Wat is de hoogte van de Mont Blanc in de Alpen in meters?	How many metres high is Mont Blanc in the Alps?
Hoe zwaar was de grootste kaas ooit gemaakt in kilogram?	How many kilograms did the largest cheese ever made weigh?
Hoe lang was de langste baard ooit in meters?	How many metres long was the longest beard ever recorded?
Wat is het atoomnummer van zuurstof?	How many protons does an oxygen atom have?
Wat is de gemiddelde afstand van de aarde tot de maan?	How many kilometres is the average distance from Earth to the Moon?
Wat is de baansnelheid van het ISS ruimtestation in kilometer per uur?	How many kilometres per hour is the orbital speed of the ISS?
Hoeveel Aardes passen er qua volume in de Zon?	How many Earths could fit inside the Sun by volume?
Hoeveel meter per uur kruipen tuinslakken maximaal?	How many metres per hour can garden snails crawl at most?
Hoeveel kilometer lang is de Yangtze ongeveer?	How many kilometres long is the Yangtze, approximately?
Hoeveel protonen heeft een neutraal atoom van goud?	How many protons does a neutral gold atom have?
Hoeveel diagonalen heeft een regelmatige tienhoek?	How many diagonals does a regular decagon have?
Hoeveel kilometer lang is de langste grot ter wereld, Mammoth Cave, ongeveer?	How many kilometres long is Mammoth Cave, the world's longest cave system, approximately?
Hoeveel poten heeft een kreeftachtige van de orde Isopoda?	How many legs does a crustacean of the order Isopoda have?
Hoeveel kilometer lang is Japan van noord naar zuid ongeveer?	How many kilometres long is Japan from north to south, approximately?
Hoeveel bitcoins kunnen er maximaal worden gecreëerd?	How many bitcoins can be created at most?
Hoeveel Oscars won The Lord of the Rings: The Return of the King?	How many Oscars did The Lord of the Rings: The Return of the King win?
Hoeveel kilometer lang is het Great Barrier Reef ongeveer?	How many kilometres long is the Great Barrier Reef, approximately?
Hoeveel graden Celsius is het smeltpunt van tin ongeveer?	How many degrees Celsius is the melting point of tin, approximately?
Hoeveel treden heeft de trap van de CN Tower ongeveer?	How many steps does the CN Tower staircase have, approximately?
Hoeveel kilometer lang is de Mississippi ongeveer?	How many kilometres long is the Mississippi River, approximately?
Hoeveel zuilen heeft de Grote Zuilenzaal van de Tempel van Karnak ongeveer?	How many columns does the Great Hypostyle Hall at the Temple of Karnak have, approximately?
Hoeveel toetsen heeft een standaard computertoetsenbord ongeveer?	How many keys does a standard computer keyboard have, approximately?
Hoeveel damstenen krijgt iedere speler bij de start van een standaard damspel?	How many draughts pieces does each player receive at the start of a standard game?
Hoeveel genummerde vakjes heeft een Europees roulettewiel, inclusief 0?	How many numbered pockets does a European roulette wheel have, including 0?
Hoeveel kilogram weegt de Moai-beelden op Paaseiland gemiddeld?	How many kilograms does a Moai statue on Easter Island weigh on average?
Hoeveel afleveringen telt de serie Friends in totaal?	How many episodes does Friends have in total?
Hoeveel kilometer lang is de Grand Canyon ongeveer?	How many kilometres long is the Grand Canyon, approximately?
Hoeveel kcal heeft een middelgroot ei?	How many kilocalories does a medium-sized egg contain?
Hoeveel protonen heeft een neutraal atoom van wolfraam?	How many protons does a neutral tungsten atom have?
Hoeveel diagonalen heeft een regelmatige twintighoek?	How many diagonals does a regular icosagon have?
Hoeveel facetten (geslepen vlakjes) heeft een standaard ronde briljant geslepen diamant?	How many facets does a standard round brilliant-cut diamond have?
Hoeveel speelvelden heeft een standaard schaakbord?	How many squares does a standard chessboard have?
Hoeveel werelden verbindt de wereldboom Yggdrasil in de Noorse mythologie?	How many worlds does the world tree Yggdrasil connect in Norse mythology?
Hoeveel kamers heeft het hart van een kakkerlak?	How many chambers does a cockroach's heart have?
Hoeveel letters had het oorspronkelijke Morsealfabet ongeveer?	How many letters did the original Morse alphabet have, approximately?
Hoeveel kilometer breed is de Sahara van noord naar zuid ongeveer op het breedste punt?	How many kilometres wide is the Sahara from north to south at its widest point, approximately?
Op hoeveel kilometer hoogte boven de aarde draait het ISS gemiddeld?	How many kilometres above Earth does the ISS orbit on average?
Hoeveel kamers heeft het hart van een krokodil?	How many chambers does a crocodile's heart have?
Hoeveel meter diep is het Tanganyikameer op het diepste punt ongeveer?	How many metres deep is Lake Tanganyika at its deepest point, approximately?
Hoeveel kilometer lang is de Andes ongeveer?	How many kilometres long are the Andes, approximately?
Hoeveel torens heeft de Notre-Dame van Parijs aan de voorzijde?	How many towers does Notre-Dame de Paris have on its front façade?
Hoeveel meter diep ligt de fundering van de Burj Khalifa ongeveer?	How many metres deep is the foundation of the Burj Khalifa, approximately?
Hoeveel kilometer lang was de historische Zijderoute ongeveer?	How many kilometres long was the historic Silk Road, approximately?
Hoeveel kilometer legt de Noordse stern jaarlijks trekafstand af?	How many kilometres does an Arctic tern travel during its annual migration?
Hoeveel meter lang is een Airbus A380 ongeveer?	How many metres long is an Airbus A380, approximately?
Hoeveel verdiepingen heeft de Gran Torre Santiago in Chili (tallest in Latijns-Amerika)?	How many floors does the Gran Torre Santiago in Chile, the tallest building in Latin America, have?
Hoeveel meter diep is het Victoriameer op het diepste punt ongeveer?	How many metres deep is Lake Victoria at its deepest point, approximately?
Hoeveel meter hoog is Angel Falls ongeveer?	How many metres high is Angel Falls, approximately?
Hoeveel graden Celsius is het smeltpunt van aluminium ongeveer?	How many degrees Celsius is the melting point of aluminium, approximately?
Hoeveel smaakpapillen heeft een menselijke tong ongeveer?	How many taste buds does a human tongue have, approximately?
Hoeveel atomen bevat één molecuul water?	How many atoms does one water molecule contain?
Hoeveel biljoen dollar is de jaarlijkse wereldhandel in goederen ongeveer?	How many trillion dollars is the annual global trade in goods worth, approximately?
Hoeveel keer won Frankrijk de Tour de France bij de mannen tot 2024?	How many times had France won the men's Tour de France (as of 2024)?
Hoeveel dagen duurt de draagtijd van een olifant ongeveer?	How many days does an elephant's gestation period last, approximately?
Hoeveel kilogram weegt de Great Bell, de grote klok van Big Ben?	How many kilograms does the Great Bell, the large bell commonly called Big Ben, weigh?
Hoeveel boeken bevat het Nieuwe Testament bij de protestante telling?	How many books does the New Testament contain according to the Protestant canon?
Hoeveel keer werd de FIFA World Cup georganiseerd tot en met 2022?	How many times had the FIFA World Cup been held by 2022?
Hoeveel meter kan een blauwe vinvis ongeveer lang worden?	How many metres long can a blue whale grow, approximately?
Hoeveel leden heeft de Nederlandse Tweede Kamer?	How many members does the Nederlandse Tweede Kamer have?
Hoeveel bogen heeft de Romeinse brug Pont du Gard in de onderste booglaag?	How many arches does the Roman aqueduct Pont du Gard have on its lower tier?
Hoeveel minuten officiële speeltijd heeft een NBA-wedstrijd?	How many minutes of official playing time does an NBA game have?
Hoeveel snaren heeft de klassieke Afrikaanse kora traditioneel?	How many strings does a traditional African kora have?
Hoeveel kilometer lang is de kustlijn van Japan ongeveer?	How many kilometres long is Japan's coastline, approximately?
Hoeveel vierkante kilometer is het Arctische zee-ijs in de zomer ongeveer minimaal?	How many square kilometres is the approximate minimum summer extent of Arctic sea ice?
Hoeveel aardse dagen duurt één volledige draai van Venus ongeveer?	How many Earth days does one full rotation of Venus take, approximately?
Hoeveel schepen had de Atheense vloot tijdens de Slag bij Salamis ongeveer?	How many ships did the Athenian fleet have during the Battle of Salamis, approximately?
Hoeveel noten bevat een standaard majeurtoonladder inclusief het herhaalde octaaf?	How many notes does a standard major scale contain, including the repeated octave?
Hoeveel protonen heeft een neutraal atoom van uranium?	How many protons does a neutral uranium atom have?
Hoeveel snaren heeft een standaard concert-pedaalharp?	How many strings does a standard concert pedal harp have?
Hoeveel kilometer lang is de Nederlandse kustlijn ongeveer?	How many kilometres long is the Dutch coastline, approximately?
Hoeveel kilometer lang was de Romeinse rijksgrens, de Roman Limes, volgens UNESCO ongeveer?	How many kilometres long was the Roman imperial frontier, the Roman Limes, according to UNESCO estimates?
Hoeveel meter ligt de Dode Zee ongeveer onder zeeniveau?	How many metres below sea level is the Dead Sea, approximately?
Hoeveel tekeningen van Rembrandt bezit het Rijksmuseum volgens de huidige collectie-informatie?	How many drawings by Rembrandt does the Rijksmuseum own according to its current collection information?
Hoeveel Oscars won de film Titanic (1997)?	How many Oscars did the film Titanic (1997) win?
Hoeveel delen telt de Harry Potter filmreeks van Warner Bros?	How many films does Warner Bros.' Harry Potter film series contain?
Hoeveel Grammys won Beyoncé in totaal tot 2023?	How many Grammys had Beyoncé won in total by 2023?
Hoeveel vierkante kilometer is de oppervlakte van IJsland ongeveer?	How many square kilometres is Iceland in area, approximately?
Hoeveel vierkante kilometer is de oppervlakte van Japan ongeveer?	How many square kilometres is Japan in area, approximately?
Hoeveel Champions League-titels won Real Madrid tot 2024?	How many Champions League titles had Real Madrid won (as of 2024)?
Hoeveel kilometer lang is de kust van de Nederlandse Waddeneilanden ongeveer?	How many kilometres long is the coastline of the Dutch Wadden Islands, approximately?
Hoeveel poten heeft een standaard statief?	How many legs does a standard tripod have?
Hoeveel cijfers heeft een standaard ISBN-13?	How many digits does a standard ISBN-13 have?
Hoeveel ml bevat een standaard Nederlandse borrelglas jenever?	How many millilitres does a standard Dutch jenever glass hold?
Hoeveel knopen heeft een standaard overhemd meestal aan de voorkant?	How many buttons does a standard shirt usually have down the front?
Hoeveel dagen duurt de Nederlands Film Festival in Utrecht?	How many days does the Nederlands Film Festival in Utrecht last?
Hoeveel kilometer lang is de Grote Muur van China ongeveer?	How many kilometres long is the Great Wall of China, approximately?
Hoeveel Copa América titels won Argentinië tot 2024?	How many Copa América titles had Argentina won (as of 2024)?
Hoeveel advocaten-generaal heeft het Hof van Justitie van de Europese Unie?	How many Advocates General does the Court of Justice of the European Union have?
